Timestamp (ms),Timestamp,Speaker,Transcript,Noun (1/0),Noun label 1,Noun label 2 ,Noun label 3,Noun label 4,Pronoun (1/0),Pronoun label 1,Pronoun label 2,Pronoun label 3,Pronoun label 4
476,00:00:00.476,m,um,0,,,,,0,,,,
1598,00:00:01.598,m,xxx play some puzzles,1,puzzles,,,,0,,,,
3060,00:00:03.60,m,you want to play puzzles?,1,puzzles,,,,1,you,,,
4216,00:00:04.216,m,cool,0,,,,,0,,,,
5372,00:00:05.372,m,I mean awesome,0,,,,,1,i,,,
6120,00:00:06.120,m,look,0,,,,,0,,,,
9690,00:00:09.690,m,what do you want to play with?,0,,,,,1,you,,,
12138,00:00:12.138,m,show me,0,,,,,1,me,,,
12750,00:00:12.750,m,okay,0,,,,,0,,,,
14246,00:00:14.246,m,want to play with this?,0,,,,,1,this,,,
16320,00:00:16.320,m,this?,0,,,,,1,this,,,
18190,00:00:18.190,m,alright let's play,0,,,,,0,,,,
21658,00:00:21.658,m,yeah,0,,,,,0,,,,
24242,00:00:24.242,m,okay you know how to do this right?,0,,,,,2,you,this,,
25670,00:00:25.670,m,how do you open?,0,,,,,1,you,,,
27438,00:00:27.438,m,how do you open it?,0,,,,,2,you,it,,
30158,00:00:30.158,m,good job,0,,,,,0,,,,
31144,00:00:31.144,m,alright,0,,,,,0,,,,
33898,00:00:33.898,m,yeah,0,,,,,0,,,,
34544,00:00:34.544,m,uhoh,0,,,,,0,,,,
36346,00:00:36.346,m,alright,0,,,,,0,,,,
38148,00:00:38.148,m,now you know how we do this right?,0,,,,,3,you,we,this,
43792,00:00:43.792,m,yeah,0,,,,,0,,,,
45424,00:00:45.424,m,alright,0,,,,,0,,,,
46716,00:00:46.716,m,I'm putting the first one in okay?,1,one,,,,1,i,,,
50422,00:00:50.422,m,wow good job,0,,,,,0,,,,
52768,00:00:52.768,m,good job,0,,,,,0,,,,
53346,00:00:53.346,m,wait,0,,,,,0,,,,
53890,00:00:53.890,m,so this is the triangle,1,triangle,,,,1,this,,,
55250,00:00:55.250,m,so it's going to go right here,0,,,,,1,it,,,
58140,00:00:58.140,m,triangle,1,triangle,,,,0,,,,
59466,00:00:59.466,m,xxx like this,1,this,,,,1,this,,,
61064,00:01:01.64,m,see it?,0,,,,,1,it,,,
61438,00:01:01.438,m,that's a little,0,,,,,1,that,,,
62254,00:01:02.254,m,cross,0,,,,,0,,,,
63546,00:01:03.546,m,yeah,0,,,,,0,,,,
66232,00:01:06.232,m,cool,0,,,,,0,,,,
67422,00:01:07.422,m,it goes here,0,,,,,1,it,,,
68272,00:01:08.272,m,look,0,,,,,0,,,,
69258,00:01:09.258,m,then like this one with a circle,2,one,circle,,,1,this,,,
72318,00:01:12.318,m,circle,1,circle,,,,0,,,,
74460,00:01:14.460,m,circle,1,circle,,,,0,,,,
76160,00:01:16.160,m,then you got to put another circle,1,circle,,,,1,you,,,
77928,00:01:17.928,m,here your other circle,1,circle,,,,1,your,,,
80410,00:01:20.410,m,xxx cough?,1,cough,,,,0,,,,
81464,00:01:21.464,m,[grunting],0,,,,,0,,,,
82552,00:01:22.552,m,there we go,0,,,,,1,we,,,
83436,00:01:23.436,m,what about this one?,1,one,,,,1,this,,,
87482,00:01:27.482,m,what's that?,0,,,,,1,that,,,
87958,00:01:27.958,m,a star,1,star,,,,0,,,,
88944,00:01:28.944,m,that's a star,1,star,,,,1,that,,,
90032,00:01:30.32,m,okay let's find the star,1,start,,,,0,,,,
91052,00:01:31.52,m,it's right there,0,,,,,1,it,,,
91664,00:01:31.664,m,look,0,,,,,0,,,,
92140,00:01:32.140,m,look,0,,,,,0,,,,
92786,00:01:32.786,m,here,0,,,,,0,,,,
94350,00:01:34.350,m,here,0,,,,,0,,,,
94928,00:01:34.928,m,look,0,,,,,0,,,,
96764,00:01:36.764,m,alright,0,,,,,0,,,,
98770,00:01:38.770,m,and what's this?,0,,,,,1,this,,,
99654,00:01:39.654,m,is that,0,,,,,1,that,,,
100436,00:01:40.436,m,a,0,,,,,0,,,,
101762,00:01:41.762,m,square?,1,square,,,,0,,,,
102850,00:01:42.850,m,yeah,0,,,,,0,,,,
104550,00:01:44.550,m,there we go,0,,,,,1,we,,,
105672,00:01:45.672,m,good job,0,,,,,0,,,,
110296,00:01:50.296,m,where are you going to put it?,0,,,,,2,you,it,,
111282,00:01:51.282,m,[gasping],0,,,,,0,,,,
111860,00:01:51.860,m,where are you going to put it?,0,,,,,2,you,it,,
112404,00:01:52.404,m,xxx,0,,,,,0,,,,
113050,00:01:53.50,m,yeah,0,,,,,0,,,,
113594,00:01:53.594,m,good job,0,,,,,0,,,,
115430,00:01:55.430,m,good job,0,,,,,0,,,,
115974,00:01:55.974,m,xxx,0,,,,,0,,,,
117436,00:01:57.436,m,here you go,0,,,,,1,you,,,
118558,00:01:58.558,m,don't forget the,0,,,,,0,,,,
119238,00:01:59.238,m,the top,1,top,,,,0,,,,
123862,00:02:03.862,m,good job,0,,,,,0,,,,
125358,00:02:05.358,m,yay,0,,,,,0,,,,
126718,00:02:06.718,m,what about those xxx,0,,,,,1,those,,,
127466,00:02:07.466,m,don't forget these,0,,,,,1,these,,,
134096,00:02:14.96,m,yay,0,,,,,0,,,,
135150,00:02:15.150,m,good job,0,,,,,0,,,,
138346,00:02:18.346,m,yay,0,,,,,0,,,,
140420,00:02:20.420,m,good job,0,,,,,0,,,,
142154,00:02:22.154,m,[adult babble],0,,,,,0,,,,
143378,00:02:23.378,m,[laughing],0,,,,,0,,,,
144772,00:02:24.772,m,alright,0,,,,,0,,,,
145248,00:02:25.248,m,very good,0,,,,,0,,,,
146098,00:02:26.98,m,that was awesome,0,,,,,1,that,,,
146846,00:02:26.846,m,excellent,0,,,,,0,,,,
148784,00:02:28.784,m,do you want,0,,,,,1,you,,,
150212,00:02:30.212,m,do you want to,0,,,,,1,you,,,
151912,00:02:31.912,m,you want to do the,0,,,,,1,you,,,
154768,00:02:34.768,m,okay,0,,,,,0,,,,
156570,00:02:36.570,m,xxx,0,,,,,0,,,,
160038,00:02:40.38,m,bye xxx,0,,,,,0,,,,
162384,00:02:42.384,m,say bye xxx,0,,,,,0,,,,
164424,00:02:44.424,m,alright see you later,0,,,,,1,you,,,
165988,00:02:45.988,m,bye,0,,,,,0,,,,
167824,00:02:47.824,m,okay,0,,,,,0,,,,
169626,00:02:49.626,m,hmm,0,,,,,0,,,,
170374,00:02:50.374,m,here,0,,,,,0,,,,
170952,00:02:50.952,m,so,0,,,,,0,,,,
174522,00:02:54.522,m,you want to keep playing with that?,0,,,,,2,you,that,,
175678,00:02:55.678,m,okay,0,,,,,0,,,,
179282,00:02:59.282,m,yeah?,0,,,,,0,,,,
180302,00:03:00.302,m,okay,0,,,,,0,,,,
182138,00:03:02.138,m,[laughing],0,,,,,0,,,,
183906,00:03:03.906,m,[kissing],0,,,,,0,,,,
184620,00:03:04.620,m,love you,0,,,,,1,you,,,
191046,00:03:11.46,m,good job,0,,,,,0,,,,
193324,00:03:13.324,m,look at these,0,,,,,1,these,,,
195976,00:03:15.976,m,yeah,0,,,,,0,,,,
201042,00:03:21.42,m,you want this?,0,,,,,2,you,this,,
203116,00:03:23.116,m,okay I am going to put this right here,0,,,,,2,i,this,,
204272,00:03:24.272,m,in case it doesn't spill,0,,,,,1,it,,,
218008,00:03:38.8,m,you know where this goes?,0,,,,,2,you,this,,
239666,00:03:59.666,m,nice,0,,,,,0,,,,
249016,00:04:09.16,m,good job,0,,,,,0,,,,
260372,00:04:20.372,m,look at that,0,,,,,1,that,,,
272170,00:04:32.170,m,it's pretty good,0,,,,,1,it,,,
275910,00:04:35.910,m,[adult babble],0,,,,,0,,,,
278120,00:04:38.120,m,okay,0,,,,,0,,,,
278800,00:04:38.800,m,thank you,0,,,,,1,you,,,
283050,00:04:43.50,m,yes,0,,,,,0,,,,
283526,00:04:43.526,m,thank you so much,0,,,,,1,you,,,
286688,00:04:46.688,m,thank you,0,,,,,1,you,,,
290156,00:04:50.156,m,thank you,0,,,,,1,you,,,
291142,00:04:51.142,m,wait where's the others?,0,,,,,0,,,,
293284,00:04:53.284,m,oh,0,,,,,0,,,,
299234,00:04:59.234,m,egg shell?,1,eggshell,,,,0,,,,
302668,00:05:02.668,m,alright,0,,,,,0,,,,
305626,00:05:05.626,m,thank you,0,,,,,1,you,,,
306306,00:05:06.306,m,I am going to put them right here okay?,0,,,,,2,i,them,,
307802,00:05:07.802,m,so we don't lose them,0,,,,,2,we,them,,
310624,00:05:10.624,m,uhoh,0,,,,,0,,,,
311746,00:05:11.746,m,it fell,0,,,,,1,it,,,
326944,00:05:26.944,m,[laughing],0,,,,,0,,,,
329154,00:05:29.154,m,thanks,0,,,,,0,,,,
336702,00:05:36.702,m,what do you want to do with this now hmm?,0,,,,,2,you,this,,
341734,00:05:41.734,m,you want to put these in?,0,,,,,2,you,these,,
362610,00:06:02.610,m,okay,0,,,,,0,,,,
363970,00:06:03.970,m,put this like this,0,,,,,2,this,this,,
365024,00:06:05.24,m,look,0,,,,,0,,,,
366078,00:06:06.78,m,remember what we talked about?,0,,,,,1,we,,,
367472,00:06:07.472,m,with the square?,1,square,,,,0,,,,
369342,00:06:09.342,m,no?,0,,,,,0,,,,
372742,00:06:12.742,m,what?,0,,,,,0,,,,
374680,00:06:14.680,m,you want to put them where you want?,0,,,,,3,you,them,you,
376346,00:06:16.346,m,that's fine,0,,,,,1,that,,,
377672,00:06:17.672,m,you could do that too,0,,,,,2,you,that,,
385832,00:06:25.832,m,here you go,0,,,,,1,you,,,
401710,00:06:41.710,m,[gasping],0,,,,,0,,,,
404430,00:06:44.430,m,[laughing],0,,,,,0,,,,
405348,00:06:45.348,m,[gasping],0,,,,,0,,,,
406980,00:06:46.980,m,[laughing],0,,,,,0,,,,
410108,00:06:50.108,m,[laughing],0,,,,,0,,,,
414086,00:06:54.86,m,that's yours,0,,,,,2,that,yours,,
426666,00:07:06.666,m,okay,0,,,,,0,,,,
429114,00:07:09.114,m,do you want to play the with the,0,,,,,1,you,,,
430712,00:07:10.712,m,you want to play with your Lego pieces?,1,legopieces,,,,2,you,your,,
434214,00:07:14.214,m,no not bubbles,1,bubbles,,,,0,,,,
435200,00:07:15.200,m,that's not bubbles,1,bubbles,,,,1,that,,,
437886,00:07:17.886,m,let's go play with your Lego pieces,1,legopieces,,,,1,your,,,
439450,00:07:19.450,m,come on,0,,,,,0,,,,
441592,00:07:21.592,m,you like to build some,0,,,,,1,you,,,
446828,00:07:26.828,m,oh no,0,,,,,0,,,,
447848,00:07:27.848,m,you are coughing,0,,,,,1,you,,,
449480,00:07:29.480,m,okay ready?,0,,,,,0,,,,
450568,00:07:30.568,m,let's go build some fun stuffs,1,stuffs,,,,0,,,,
452574,00:07:32.574,m,where you are?,0,,,,,1,you,,,
457470,00:07:37.470,m,uhoh,0,,,,,0,,,,
459646,00:07:39.646,m,okay,0,,,,,0,,,,
465664,00:07:45.664,m,please,0,,,,,0,,,,
472770,00:07:52.770,m,yeah,0,,,,,0,,,,
475048,00:07:55.48,m,[laughing],0,,,,,0,,,,
476986,00:07:56.986,m,alright,0,,,,,0,,,,
477836,00:07:57.836,m,let's go build something fun,0,,,,,0,,,,
478924,00:07:58.924,m,okay?,0,,,,,0,,,,
479332,00:07:59.332,m,we are going to go build like a big tower,1,tower,,,,1,we,,,
481576,00:08:01.576,m,okay?,0,,,,,0,,,,
483854,00:08:03.854,m,come on,0,,,,,0,,,,
485078,00:08:05.78,m,alright,0,,,,,0,,,,
485418,00:08:05.418,m,let's build some pieces,1,pieces,,,,0,,,,
487152,00:08:07.152,m,let's build,0,,,,,0,,,,
487730,00:08:07.730,m,like a,0,,,,,0,,,,
489260,00:08:09.260,m,I want to build like a fort or something?,1,fort,,,,1,i,,,
492830,00:08:12.830,m,yeah,0,,,,,0,,,,
495278,00:08:15.278,m,let's build something cool,0,,,,,0,,,,
501364,00:08:21.364,m,hmm?,0,,,,,0,,,,
509388,00:08:29.388,m,alright,0,,,,,0,,,,
510102,00:08:30.102,m,look,0,,,,,0,,,,
510442,00:08:30.442,m,check this out,0,,,,,1,this,,,
510952,00:08:30.952,m,seems like so much fun,0,,,,,0,,,,
512686,00:08:32.686,m,pretty awesome,0,,,,,0,,,,
514148,00:08:34.148,m,oh good job,0,,,,,0,,,,
515168,00:08:35.168,m,that's good,0,,,,,1,that,,,
516086,00:08:36.86,m,it's nice,0,,,,,1,it,,,
521934,00:08:41.934,m,whoah,0,,,,,0,,,,
522784,00:08:42.784,m,good,0,,,,,0,,,,
524518,00:08:44.518,m,alright,0,,,,,0,,,,
525130,00:08:45.130,m,let's leave it like that,0,,,,,2,it,that,,
528462,00:08:48.462,m,hmm,0,,,,,0,,,,
530026,00:08:50.26,m,good choice,1,choice,,,,0,,,,
533358,00:08:53.358,m,okay,0,,,,,0,,,,
546550,00:09:06.550,m,[humming],0,,,,,0,,,,
553588,00:09:13.588,m,look,0,,,,,0,,,,
554268,00:09:14.268,m,that was xxx,0,,,,,1,that,,,
559232,00:09:19.232,m,this is a great fort,1,fort,,,,1,this,,,
559946,00:09:19.946,m,look at this,0,,,,,1,this,,,
561850,00:09:21.850,m,xxx,0,,,,,0,,,,
562190,00:09:22.190,m,xxx,0,,,,,0,,,,
563380,00:09:23.380,m,I don't know,0,,,,,1,i,,,
566032,00:09:26.32,m,I don't know,0,,,,,1,i,,,
566644,00:09:26.644,m,I don't know,0,,,,,1,i,,,
567154,00:09:27.154,m,wait this is like,0,,,,,1,this,,,
568276,00:09:28.276,m,this is,0,,,,,1,this,,,
568922,00:09:28.922,m,xxx,0,,,,,0,,,,
570894,00:09:30.894,m,alright,0,,,,,0,,,,
573410,00:09:33.410,m,let's get everything closer,0,,,,,0,,,,
578510,00:09:38.510,m,oh,0,,,,,0,,,,
579020,00:09:39.20,m,good job,0,,,,,0,,,,
579564,00:09:39.564,m,that looks great,0,,,,,1,that,,,
581230,00:09:41.230,m,xxx,0,,,,,0,,,,
583032,00:09:43.32,m,oh wow,0,,,,,0,,,,
586194,00:09:46.194,m,it's like a little city,1,city,,,,1,it,,,
591192,00:09:51.192,m,[humming],0,,,,,0,,,,
598060,00:09:58.60,m,[gasping],0,,,,,0,,,,
606492,00:10:06.492,m,here,0,,,,,0,,,,
614380,00:10:14.380,m,[laughing],0,,,,,0,,,,
617916,00:10:17.916,m,what are those?,0,,,,,1,those,,,
619310,00:10:19.310,m,here,0,,,,,0,,,,
619820,00:10:19.820,m,put this right here,0,,,,,1,this,,,
621418,00:10:21.418,m,you don't want to play with it anymore?,0,,,,,2,you,it,,
624648,00:10:24.648,m,it's okay,0,,,,,0,,,,
650284,00:10:50.284,m,are you hungry?,0,,,,,1,you,,,
653820,00:10:53.820,m,hmm?,0,,,,,0,,,,
655962,00:10:55.962,m,I am going to go make some lunch,1,lunch,,,,1,i,,,
749870,00:12:29.870,m,oh good job,0,,,,,0,,,,
750958,00:12:30.958,m,here you want to xxx something?,0,,,,,1,you,,,
762586,00:12:42.586,m,it's a little snack okay?,1,snack,,,,1,it,,,
765986,00:12:45.986,m,you want some cheese?,1,cheese,,,,1,you,,,
768332,00:12:48.332,m,yeah?,0,,,,,0,,,,
770950,00:12:50.950,m,hmm,0,,,,,0,,,,
775472,00:12:55.472,m,here are some cheese okay?,1,cheese,,,,0,,,,
777682,00:12:57.682,m,in case you want some,0,,,,,1,you,,,
779382,00:12:59.382,m,do you want some cheese?,1,cheese,,,,1,you,,,
781014,00:13:01.14,m,here you go,0,,,,,1,you,,,
792030,00:13:12.30,m,no?,0,,,,,0,,,,
794172,00:13:14.172,m,you want xxx?,0,,,,,1,you,,,
795022,00:13:15.22,m,okay,0,,,,,0,,,,
795906,00:13:15.906,m,here you go,0,,,,,1,you,,,
801652,00:13:21.652,m,[laughing],0,,,,,0,,,,
803420,00:13:23.420,m,it's good?,0,,,,,1,it,,,
814096,00:13:34.96,m,the cheese,1,cheese,,,,0,,,,
815728,00:13:35.728,m,cheese,1,cheese,,,,0,,,,
817768,00:13:37.768,m,cheese,1,cheese,,,,0,,,,
819638,00:13:39.638,m,cheese,1,cheese,,,,0,,,,
821202,00:13:41.202,m,[adult babble],0,,,,,0,,,,
822732,00:13:42.732,m,[eating sound],0,,,,,0,,,,
828274,00:13:48.274,m,here,0,,,,,0,,,,
829804,00:13:49.804,m,wow that's too big,0,,,,,1,that,,,
831980,00:13:51.980,m,that's too big,0,,,,,1,that,,,
834054,00:13:54.54,m,[gasping],0,,,,,0,,,,
834972,00:13:54.972,m,[laughing],0,,,,,0,,,,
838712,00:13:58.712,m,you don't want that one?,1,one,,,,2,you,that,,
839630,00:13:59.630,m,why?,0,,,,,0,,,,
844934,00:14:04.934,m,there you go,0,,,,,1,you,,,
855882,00:14:15.882,m,here,0,,,,,0,,,,
872338,00:14:32.338,m,it's delicious,0,,,,,1,it,,,
886720,00:14:46.720,m,[gasping],0,,,,,0,,,,
888318,00:14:48.318,m,it's pretty delicious,0,,,,,1,it,,,
889610,00:14:49.610,m,hmm?,0,,,,,0,,,,
891310,00:14:51.310,m,[laughing],0,,,,,0,,,,
897294,00:14:57.294,m,hmm careful,0,,,,,0,,,,
906202,00:15:06.202,m,no?,0,,,,,0,,,,
906576,00:15:06.576,m,I am going to eat it if you don't eat it,0,,,,,4,i,it,you,it
908514,00:15:08.514,m,I am going to eat it,0,,,,,2,i,it,,
911166,00:15:11.166,m,hmm,0,,,,,0,,,,
922114,00:15:22.114,m,what's that?,0,,,,,1,that,,,
922590,00:15:22.590,m,is that a cow?,1,cow,,,,1,that,,,
924460,00:15:24.460,m,what does a cow say?,1,cow,,,,0,,,,
927146,00:15:27.146,m,moo,0,,,,,0,,,,
931226,00:15:31.226,m,moo,0,,,,,0,,,,
933334,00:15:33.334,m,what's this?,0,,,,,1,this,,,
935000,00:15:35.0,m,what's that?,0,,,,,1,that,,,
937822,00:15:37.822,m,you don't remember?,0,,,,,1,you,,,
939318,00:15:39.318,m,it's sheep,1,sheep,,,,1,it,,,
940678,00:15:40.678,m,it's a sheep,1,sheep,,,,1,it,,,
941732,00:15:41.732,m,you remember,0,,,,,1,you,,,
943058,00:15:43.58,m,what does the sheep say?,1,sheep,,,,0,,,,
945574,00:15:45.574,m,no it doesn't say moo,0,,,,,1,it,,,
948940,00:15:48.940,m,[laughing],0,,,,,0,,,,
951286,00:15:51.286,m,the cow says moo,1,cow,,,,0,,,,
952170,00:15:52.170,m,you want this?,0,,,,,2,you,this,,
954482,00:15:54.482,m,want this one?,1,one,,,,1,this,,,
956556,00:15:56.556,m,alright I am going to eat it,0,,,,,2,i,it,,
959242,00:15:59.242,m,[laughing],0,,,,,0,,,,
962166,00:16:02.166,m,what does a cow say?,1,cow,,,,0,,,,
964750,00:16:04.750,m,moo,0,,,,,0,,,,
968184,00:16:08.184,m,moo,0,,,,,0,,,,
971856,00:16:11.856,m,[laughing],0,,,,,0,,,,
975052,00:16:15.52,m,[adult babble],0,,,,,0,,,,
978214,00:16:18.214,m,yeah close,0,,,,,0,,,,
984742,00:16:24.742,m,moo,0,,,,,0,,,,
987394,00:16:27.394,m,moo,0,,,,,0,,,,
990488,00:16:30.488,m,moo,0,,,,,0,,,,
992460,00:16:32.460,m,catch,0,,,,,0,,,,
993582,00:16:33.582,m,no?,0,,,,,0,,,,
993786,00:16:33.786,m,okay you are done?,0,,,,,1,you,,,
995316,00:16:35.316,m,okay,0,,,,,0,,,,
996200,00:16:36.200,m,you don't have to eat it,0,,,,,2,you,it,,
998716,00:16:38.716,m,okay,0,,,,,0,,,,
1000552,00:16:40.552,m,there you go,0,,,,,1,you,,,
1002728,00:16:42.728,m,I am going to throw this away okay?,0,,,,,2,i,this,,
1100206,00:18:20.206,m,xxx,0,,,,,0,,,,
1104320,00:18:24.320,m,hmm?,0,,,,,0,,,,
1106700,00:18:26.700,m,hmm?,0,,,,,0,,,,
1116050,00:18:36.50,m,okay what do you want to play?,0,,,,,1,you,,,
1119042,00:18:39.42,m,hmm?,0,,,,,0,,,,
1132812,00:18:52.812,m,do you want more banana?,1,banana,,,,1,you,,,
1135668,00:18:55.668,m,hmm?,0,,,,,0,,,,
1136382,00:18:56.382,m,come here,0,,,,,0,,,,
1137300,00:18:57.300,m,[grunting],0,,,,,0,,,,
1139646,00:18:59.646,m,moo,0,,,,,0,,,,
1141754,00:19:01.754,m,[laughing],0,,,,,0,,,,
1144236,00:19:04.236,m,what's that,0,,,,,1,that,,,
1145528,00:19:05.528,m,smell like banana,1,banana,,,,0,,,,
1147092,00:19:07.92,m,you smell like banana,1,banana,,,,1,you,,,
1149914,00:19:09.914,m,[laughing],0,,,,,0,,,,
1151682,00:19:11.682,m,okay what else do you want to play?,0,,,,,1,you,,,
1152906,00:19:12.906,m,come on,0,,,,,0,,,,
1154742,00:19:14.742,m,careful,0,,,,,0,,,,
1160454,00:19:20.454,m,wait,0,,,,,0,,,,
1160828,00:19:20.828,m,one at a time,1,one,,,,0,,,,
1161837,00:19:21.837,m,one at a time,1,one,,,,0,,,,
1162664,00:19:22.664,m,don't,0,,,,,0,,,,
1163446,00:19:23.446,m,don't stuff your mouth like that okay?,1,mouth,,,,2,your,that,,
1167696,00:19:27.696,m,I don't want you to choke,0,,,,,2,i,you,,
1169804,00:19:29.804,m,okay?,0,,,,,0,,,,
1173068,00:19:33.68,m,okay,0,,,,,0,,,,
1173782,00:19:33.782,m,yeah,0,,,,,0,,,,
1174836,00:19:34.836,m,don't,0,,,,,0,,,,
1175652,00:19:35.652,m,don't stuff your face like that,1,face,,,,2,your,that,,
1176706,00:19:36.706,m,okay?,0,,,,,0,,,,
1179324,00:19:39.324,m,[adult babble],0,,,,,0,,,,
1180752,00:19:40.752,m,okay,0,,,,,0,,,,
1181228,00:19:41.228,m,come on,0,,,,,0,,,,
1181602,00:19:41.602,m,let's play more,0,,,,,0,,,,
1193808,00:19:53.808,m,let's play,0,,,,,0,,,,
1195746,00:19:55.746,m,you want to listen to some music?,1,music,,,,1,you,,,
1198534,00:19:58.534,m,yeah?,0,,,,,0,,,,
1199452,00:19:59.452,m,let's listen to some music,1,music,,,,0,,,,
1200812,00:20:00.812,m,you want to do your happy playlist?,1,playlist,,,,2,you,your,,
1202206,00:20:02.206,m,yeah?,0,,,,,0,,,,
1204212,00:20:04.212,m,happy playlist?,1,playlist,,,,0,,,,
1205504,00:20:05.504,m,okay,0,,,,,0,,,,
1205844,00:20:05.844,m,let's play the happy playlist,1,playlist,,,,0,,,,
1209584,00:20:09.584,m,okay ready,0,,,,,0,,,,
1211114,00:20:11.114,m,don't you be touching my computer man,2,computer,man,,,2,you,my,,
1214446,00:20:14.446,m,I can't believe you,0,,,,,2,i,you,,
1216044,00:20:16.44,m,trying to touch my computer,1,computer,,,,1,my,,,
1218526,00:20:18.526,m,alright ready?,0,,,,,0,,,,
1219886,00:20:19.886,m,okay,0,,,,,0,,,,
1223320,00:20:23.320,m,let's see,0,,,,,0,,,,
1236614,00:20:36.614,m,oh [laughing],0,,,,,0,,,,
1238110,00:20:38.110,m,that's mine,0,,,,,1,that,,,
1238654,00:20:38.654,m,you can't be,0,,,,,1,you,,,
1240796,00:20:40.796,m,xxx please,0,,,,,0,,,,
1256538,00:20:56.538,m,you want to grab this?,0,,,,,2,you,this,,
1276666,00:21:16.666,m,[gasping],0,,,,,0,,,,
1277516,00:21:17.516,m,thanks,0,,,,,0,,,,
1278672,00:21:18.672,m,that's mine,0,,,,,1,that,,,
1293156,00:21:33.156,m,oh [laughing],0,,,,,0,,,,
1293802,00:21:33.802,m,thank you,0,,,,,1,you,,,
1295332,00:21:35.332,m,thank you so much,0,,,,,1,you,,,
1306042,00:21:46.42,m,[grunting],0,,,,,0,,,,
1307198,00:21:47.198,m,xxx,0,,,,,0,,,,
1319404,00:21:59.404,m,how xxx do this?,0,,,,,1,this,,,
1320016,00:22:00.16,m,xxx,0,,,,,0,,,,
1328686,00:22:08.686,m,there you go,0,,,,,1,you,,,
1393388,00:23:13.388,m,[gasping],0,,,,,0,,,,
1394680,00:23:14.680,m,oh,0,,,,,0,,,,
1423716,00:23:43.716,m,Logan come up,1,logan,,,,0,,,,
1569916,00:26:09.916,m,[laughing],0,,,,,0,,,,
1571956,00:26:11.956,m,oh what are you doing?,0,,,,,1,you,,,
1572908,00:26:12.908,m,what are you playing with?,0,,,,,1,you,,,
1583856,00:26:23.856,m,so many toys in there,1,toys,,,,0,,,,
1585012,00:26:25.12,m,wow,0,,,,,0,,,,
1588650,00:26:28.650,m,I know,0,,,,,1,i,,,
1591676,00:26:31.676,m,do you want to grab one of your toys?,1,toys,,,,2,you,your,,
1594464,00:26:34.464,m,now are you,0,,,,,1,you,,,
1595348,00:26:35.348,m,that's okay?,0,,,,,1,that,,,
1597082,00:26:37.82,m,you want to play with any new ones?,1,ones,,,,1,you,,,
1600244,00:26:40.244,m,come on,0,,,,,0,,,,
1600992,00:26:40.992,m,it's getting hot in here,0,,,,,1,it,,,
1602182,00:26:42.182,m,let's go,0,,,,,0,,,,
1641350,00:27:21.350,m,I know I am sorry,0,,,,,2,i,i,,
1644342,00:27:24.342,m,I promis I won't do email again,1,email,,,,1,i,,,
1647062,00:27:27.62,m,xxx,0,,,,,0,,,,
1652332,00:27:32.332,m,oops,0,,,,,0,,,,
1655834,00:27:35.834,m,alright I know,0,,,,,1,i,,,
1656922,00:27:36.922,m,I xxx play,0,,,,,1,i,,,
1662872,00:27:42.872,m,[laughing],0,,,,,0,,,,
1664130,00:27:44.130,m,wait a minue wait,1,minute,,,,0,,,,
1709860,00:28:29.860,m,come on,0,,,,,0,,,,
1712512,00:28:32.512,m,would you want some xxx?,0,,,,,1,you,,,
1716320,00:28:36.320,m,hmm?,0,,,,,0,,,,
1717544,00:28:37.544,m,yeah?,0,,,,,0,,,,
1730702,00:28:50.702,m,don't bite the straw though okay?,1,straw,,,,0,,,,
1732232,00:28:52.232,m,because xxx,0,,,,,0,,,,
1733252,00:28:53.252,m,this part is going to  come out,1,part,,,,1,this,,,
1734136,00:28:54.136,m,look,0,,,,,0,,,,
1734544,00:28:54.544,m,see?,0,,,,,0,,,,
1738590,00:28:58.590,m,yeah,0,,,,,0,,,,
1739712,00:28:59.712,m,see if you do that,0,,,,,2,you,that,,
1765892,00:29:25.892,m,look at this feet,1,feet,,,,1,this,,,
1768068,00:29:28.68,m,look at this feet,1,feet,,,,1,this,,,
1769292,00:29:29.292,m,xxx,0,,,,,0,,,,
1769868,00:29:29.868,m,xxx,0,,,,,0,,,,
1771332,00:29:31.332,m,[laughing],0,,,,,0,,,,
1774324,00:29:34.324,m,this feet,1,feet,,,,1,this,,,
1777996,00:29:37.996,m,yummy,0,,,,,0,,,,
1779900,00:29:39.900,m,xxx,0,,,,,0,,,,
1785408,00:29:45.408,m,good job on that smoothie,1,smoothie,,,,1,that,,,
1809990,00:30:09.990,m,are you biting?,0,,,,,1,you,,,
1810806,00:30:10.806,m,don't bite,0,,,,,0,,,,
1813016,00:30:13.16,m,hold on,0,,,,,0,,,,
1817062,00:30:17.62,m,you shouldn't bite on the straw,1,straw,,,,1,you,,,
1833688,00:30:33.688,m,[laughing],0,,,,,0,,,,
1834436,00:30:34.436,m,alright,0,,,,,0,,,,
1836000,00:30:36.0,m,good?,0,,,,,0,,,,
1847118,00:30:47.118,m,[kissing],0,,,,,0,,,,
1858576,00:30:58.576,m,[kissing],0,,,,,0,,,,
1860752,00:31:00.752,m,alright,0,,,,,0,,,,
1888938,00:31:28.938,m,[kissing],0,,,,,0,,,,
1910936,00:31:50.936,m,[kissing],0,,,,,0,,,,
1919640,00:31:59.640,m,you good?,0,,,,,1,you,,,
1922360,00:32:02.360,m,hmm?,0,,,,,0,,,,
1922870,00:32:02.870,m,hmm?,0,,,,,0,,,,
1927018,00:32:07.18,m,xxx,0,,,,,0,,,,
1929092,00:32:09.92,m,there you go,0,,,,,1,you,,,
1933886,00:32:13.886,m,good job,0,,,,,0,,,,
1935552,00:32:15.552,m,good job,0,,,,,0,,,,
1936810,00:32:16.810,m,alright,0,,,,,0,,,,
1937422,00:32:17.422,m,there you go,0,,,,,1,you,,,
2282046,00:38:02.46,m,bless you,0,,,,,1,you,,,
2318290,00:38:38.290,m,hey baby,1,baby,,,,0,,,,
2321792,00:38:41.792,m,what's going on?,0,,,,,0,,,,
2326280,00:38:46.280,m,okay,0,,,,,0,,,,
2326688,00:38:46.688,m,you want the box?,1,box,,,,1,you,,,
2329476,00:38:49.476,m,you want to go play xxx?,0,,,,,1,you,,,
2331074,00:38:51.74,m,come on,0,,,,,0,,,,
2335154,00:38:55.154,m,come on baby,1,baby,,,,0,,,,
2339030,00:38:59.30,m,Jenga,1,jenga,,,,0,,,,
2347088,00:39:07.88,m,[laughing],0,,,,,0,,,,
2348040,00:39:08.40,m,uhoh,0,,,,,0,,,,
2350284,00:39:10.284,m,alright,0,,,,,0,,,,
2351304,00:39:11.304,m,come on play Jenga,1,jenga,,,,0,,,,
2352256,00:39:12.256,m,I am going to put this aside,0,,,,,2,i,this,,
2353208,00:39:13.208,m,okay?,0,,,,,0,,,,
2354636,00:39:14.636,m,I guess you want to play with that later,0,,,,,3,i,you,that,
2355894,00:39:15.894,m,now let me open this,0,,,,,2,me,this,,
2357356,00:39:17.356,m,see?,0,,,,,0,,,,
2357764,00:39:17.764,m,[gasping],0,,,,,0,,,,
2358716,00:39:18.716,m,Jenga,1,jenga,,,,0,,,,
2361572,00:39:21.572,m,yeah,0,,,,,0,,,,
2363408,00:39:23.408,m,[laughing],0,,,,,0,,,,
2365822,00:39:25.822,m,Jenga,1,jenga,,,,0,,,,
2369528,00:39:29.528,m,oh we are going to build a tower okay?,1,tower,,,,1,we,,,
2371874,00:39:31.874,m,alright ready?,0,,,,,0,,,,
2375342,00:39:35.342,m,you need me help build?,0,,,,,2,you,me,,
2378402,00:39:38.402,m,good yeah,0,,,,,0,,,,
2379490,00:39:39.490,m,there you go,0,,,,,1,you,,,
2382822,00:39:42.822,m,[gasping],0,,,,,0,,,,
2383502,00:39:43.502,m,huh,0,,,,,0,,,,
2383910,00:39:43.910,m,nice,0,,,,,0,,,,
2386732,00:39:46.732,m,nice,0,,,,,0,,,,
2396932,00:39:56.932,m,[laughing],0,,,,,0,,,,
2398632,00:39:58.632,m,it's big,0,,,,,1,it,,,
2411110,00:40:11.110,m,nice,0,,,,,0,,,,
2424064,00:40:24.64,m,nice,0,,,,,0,,,,
2424608,00:40:24.608,m,good job,0,,,,,0,,,,
2438004,00:40:38.4,m,alright ready?,0,,,,,0,,,,
2440112,00:40:40.112,m,that looks pretty good,0,,,,,1,that,,,
2444430,00:40:44.430,m,it's tower,1,tower,,,,1,it,,,
2450652,00:40:50.652,m,okay,0,,,,,0,,,,
2453236,00:40:53.236,m,what about this one?,1,one,,,,1,this,,,
2455480,00:40:55.480,m,you want to put this one on?,1,one,,,,2,you,this,,
2458404,00:40:58.404,m,yeah?,0,,,,,0,,,,
2459594,00:40:59.594,m,you want to put it on for mama?,1,mama,,,,2,you,it,,
2460954,00:41:00.954,m,here,0,,,,,0,,,,
2462416,00:41:02.416,m,here,0,,,,,0,,,,
2463674,00:41:03.674,m,put it right here,0,,,,,1,it,,,
2467278,00:41:07.278,m,oh you are just dancing to the song?,1,song,,,,1,you,,,
2476424,00:41:16.424,m,come on,0,,,,,0,,,,
2479450,00:41:19.450,m,I will put in on,0,,,,,1,i,,,
2483938,00:41:23.938,m,[grunting],0,,,,,0,,,,
2484278,00:41:24.278,m,[grunting],0,,,,,0,,,,
2485910,00:41:25.910,m,we are both sick,0,,,,,1,we,,,
2486352,00:41:26.352,m,aren't we?,0,,,,,1,we,,,
2487134,00:41:27.134,m,no,0,,,,,0,,,,
2489038,00:41:29.38,m,[grunting],0,,,,,0,,,,
2490024,00:41:30.24,m,no,0,,,,,0,,,,
2494682,00:41:34.682,m,xxx you love the song,1,song,,,,1,you,,,
2509608,00:41:49.608,m,[laughing],0,,,,,0,,,,
2519672,00:41:59.672,m,[adult babble],0,,,,,0,,,,
2523242,00:42:03.242,m,oh,0,,,,,0,,,,
2523820,00:42:03.820,m,no,0,,,,,0,,,,
2524534,00:42:04.534,m,the tower,1,tower,,,,0,,,,
2525656,00:42:05.656,m,[gasping],0,,,,,0,,,,
2526710,00:42:06.710,m,Jenga no,1,jenga,,,,0,,,,
2528920,00:42:08.920,m,you want to put it in there?,0,,,,,2,you,it,,
2529634,00:42:09.634,m,okay,0,,,,,0,,,,
2544798,00:42:24.798,m,look,0,,,,,0,,,,
2569924,00:42:49.924,m,here,0,,,,,0,,,,
2571318,00:42:51.318,m,all those,0,,,,,1,those,,,
2571896,00:42:51.896,m,yeah,0,,,,,0,,,,
2604774,00:43:24.774,m,[laughing],0,,,,,0,,,,
2607936,00:43:27.936,m,that's right,0,,,,,1,that,,,
2608548,00:43:28.548,m,yeah,0,,,,,0,,,,
2610010,00:43:30.10,m,triangle,1,triangle,,,,0,,,,
2615144,00:43:35.144,m,nice,0,,,,,0,,,,
2625820,00:43:45.820,m,oh we have Jenga pieces in here as well,2,jenga,pieces,,,1,we,,,
2637210,00:43:57.210,m,[gasping],0,,,,,0,,,,
2646016,00:44:06.16,m,oh,0,,,,,0,,,,
2651592,00:44:11.592,m,[gasping],0,,,,,0,,,,
2653870,00:44:13.870,m,[laughing],0,,,,,0,,,,
2691950,00:44:51.950,m,what's this?,0,,,,,1,this,,,
2693820,00:44:53.820,m,it's a dog,1,dog,,,,1,it,,,
2696438,00:44:56.438,m,dog,1,dog,,,,0,,,,
2696608,00:44:56.608,m,[adult babble],0,,,,,0,,,,
2703775,00:45:03.775,m,[laughing],0,,,,,0,,,,
2726222,00:45:26.222,m,careful,0,,,,,0,,,,
2727004,00:45:27.4,m,don't hit yourself in the face,1,face,,,,1,yourself,,,
2728058,00:45:28.58,m,okay?,0,,,,,0,,,,
2747370,00:45:47.370,m,[laughing],0,,,,,0,,,,
2752810,00:45:52.810,m,what happened to the square piece?,1,squarepiece,,,,0,,,,
2755258,00:45:55.258,m,where did it go?,0,,,,,1,it,,,
2756346,00:45:56.346,m,it's not,0,,,,,1,it,,,
2757638,00:45:57.638,m,I don't see it,0,,,,,2,i,it,,
2776338,00:46:16.338,m,[laughing],0,,,,,0,,,,
2778140,00:46:18.140,m,[laughing],0,,,,,0,,,,
2781302,00:46:21.302,m,xxx Jenga pieces,2,jenga,pieces,,,0,,,,
2830432,00:47:10.432,m,[adult babble],0,,,,,0,,,,
2842230,00:47:22.230,m,I know I am sick too I am sorry,0,,,,,3,i,i,i,
2856374,00:47:36.374,m,put this in there,0,,,,,1,this,,,
2862868,00:47:42.868,m,you want to put it in here?,0,,,,,2,you,it,,
2864534,00:47:44.534,m,see what happens?,0,,,,,0,,,,
2866098,00:47:46.98,m,oh it won't fit,0,,,,,1,it,,,
2867016,00:47:47.16,m,it won't fit anymore,0,,,,,1,it,,,
2868036,00:47:48.36,m,xxx anymore,0,,,,,0,,,,
2871844,00:47:51.844,m,ready?,0,,,,,0,,,,
2873782,00:47:53.782,m,[gasping],0,,,,,0,,,,
2876468,00:47:56.468,m,uhoh,0,,,,,0,,,,
2968812,00:49:28.812,m,xxx,0,,,,,0,,,,
2975476,00:49:35.476,m,xxx you want to play with your map?,1,map,,,,2,you,your,,
3403196,00:56:43.196,m,let's see,0,,,,,0,,,,
3404250,00:56:44.250,m,what would you like for lunch?,1,lunch,,,,1,you,,,
3434136,00:57:14.136,m,be careful,0,,,,,0,,,,
3438590,00:57:18.590,m,come here,0,,,,,0,,,,
3439440,00:57:19.440,m,you got to be careful when you xxx,0,,,,,2,you,you,,
3446988,00:57:26.988,m,be careful,0,,,,,0,,,,
3447566,00:57:27.566,m,okay?,0,,,,,0,,,,
3448518,00:57:28.518,m,you alright you tired?,0,,,,,2,you,you,,
3450694,00:57:30.694,m,you want to,0,,,,,1,you,,,
3451714,00:57:31.714,m,hmm,0,,,,,0,,,,
3454740,00:57:34.740,m,xxx,0,,,,,0,,,,
3475480,00:57:55.480,m,give me some kisses,1,kisses,,,,1,me,,,
3477350,00:57:57.350,m,give me some kisses,1,kisses,,,,1,me,,,
3478064,00:57:58.64,m,give me some kisses,1,kisses,,,,1,me,,,
3481770,00:58:01.770,m,alright,0,,,,,0,,,,
3492446,00:58:12.446,m,[adult babble],0,,,,,0,,,,
3496866,00:58:16.866,m,oh,0,,,,,0,,,,
3497240,00:58:17.240,m,I don't know,0,,,,,1,i,,,
3498906,00:58:18.906,m,I don't know what we should have for,0,,,,,2,i,we,,
3501252,00:58:21.252,m,lunch,1,lunch,,,,0,,,,
3515464,00:58:35.464,m,come on,0,,,,,0,,,,
3515940,00:58:35.940,m,come help mommy,1,mommy,,,,0,,,,
3518830,00:58:38.830,m,wow,0,,,,,0,,,,
3526582,00:58:46.582,m,wait don't put your feet on the table okay?,2,feet,table,,,1,your,,,
3529098,00:58:49.98,m,alright,0,,,,,0,,,,
3529778,00:58:49.778,m,never mind,0,,,,,0,,,,
3532226,00:58:52.226,m,what do you want,0,,,,,1,you,,,
3532940,00:58:52.940,m,for,0,,,,,0,,,,
3533790,00:58:53.790,m,lunch,1,lunch,,,,0,,,,
3542664,00:59:02.664,m,let's do,0,,,,,0,,,,
3543718,00:59:03.718,m,how about,0,,,,,0,,,,
3556400,00:59:16.400,m,alright,0,,,,,0,,,,
3556910,00:59:16.910,m,let's get,0,,,,,0,,,,
3563914,00:59:23.914,m,how about,0,,,,,0,,,,
3568232,00:59:28.232,m,come here,0,,,,,0,,,,
3569184,00:59:29.184,m,I want to take you put you down okay?,0,,,,,3,i,you,you,
3571088,00:59:31.88,m,woo,0,,,,,0,,,,
3573230,00:59:33.230,m,no,0,,,,,0,,,,
3573468,00:59:33.468,m,don't be like that,0,,,,,1,that,,,
3576324,00:59:36.324,m,no,0,,,,,0,,,,
3579588,00:59:39.588,m,you alright?,0,,,,,1,you,,,
3604714,01:00:04.714,m,xxx,0,,,,,0,,,,
3606414,01:00:06.414,m,I know mommy's xxx,1,mommy,,,,1,i,,,
3607774,01:00:07.774,m,how about some chicken tenders now?,1,chickentenders,,,,0,,,,
3609474,01:00:09.474,m,how about?,0,,,,,0,,,,
3612704,01:00:12.704,m,yeah let's do some chicken tenders,1,chickentenders,,,,0,,,,
3617226,01:00:17.226,m,and then,0,,,,,0,,,,
3620524,01:00:20.524,m,you want some chicken,1,chicken,,,,1,you,,,
3621272,01:00:21.272,m,you want some chicken nuggets?,1,chickennuggets,,,,1,you,,,
3623924,01:00:23.924,m,no?,0,,,,,0,,,,
3624468,01:00:24.468,m,yes?,0,,,,,0,,,,
3628650,01:00:28.650,m,and then,0,,,,,0,,,,
3634362,01:00:34.362,m,let's see,0,,,,,0,,,,
3637796,01:00:37.796,m,I will just get xxx,0,,,,,1,i,,,
3638952,01:00:38.952,m,xxx,0,,,,,0,,,,
3640040,01:00:40.40,m,nugget sounds good to me,1,nuggets,,,,1,me,,,
3645786,01:00:45.786,m,let's do,0,,,,,0,,,,
3648404,01:00:48.404,m,chrunchy chicken salad,1,chickensalad,,,,0,,,,
3650002,01:00:50.2,m,okay?,0,,,,,0,,,,
3656122,01:00:56.122,m,okay,0,,,,,0,,,,
3656938,01:00:56.938,m,and then,0,,,,,0,,,,
3659896,01:00:59.896,m,do you want juice?,1,juice,,,,1,you,,,
3663160,01:01:03.160,m,xxx apple,1,apple,,,,0,,,,
3666492,01:01:06.492,m,alright,0,,,,,0,,,,
3671864,01:01:11.864,m,okay,0,,,,,0,,,,
3689646,01:01:29.646,m,here,0,,,,,0,,,,
3691822,01:01:31.822,m,come on let's go play,0,,,,,0,,,,
3695086,01:01:35.86,m,[adult babble],0,,,,,0,,,,
3696004,01:01:36.4,m,[kissing],0,,,,,0,,,,
3697602,01:01:37.602,m,okay,0,,,,,0,,,,
3697874,01:01:37.874,m,just ordered lunch,1,lunch,,,,0,,,,
3699370,01:01:39.370,m,I hope you like it,0,,,,,3,i,you,it,
3704130,01:01:44.130,m,what do you want to do?,0,,,,,1,you,,,
3705592,01:01:45.592,m,want to go to the bathroom?,1,bathroom,,,,0,,,,
3711848,01:01:51.848,m,xxx,0,,,,,0,,,,
3714466,01:01:54.466,m,woo,0,,,,,0,,,,
3722218,01:02:02.218,m,what did you draw?,0,,,,,1,you,,,
3723272,01:02:03.272,m,good,0,,,,,0,,,,
3725618,01:02:05.618,m,look,0,,,,,0,,,,
3726264,01:02:06.264,m,with the mama,1,mama,,,,0,,,,
3728372,01:02:08.372,m,look,0,,,,,0,,,,
3733438,01:02:13.438,m,[adult babble],0,,,,,0,,,,
3737960,01:02:17.960,m,use your words,1,words,,,,1,your,,,
3746222,01:02:26.222,m,you want to put xxx in here?,0,,,,,1,you,,,
3758938,01:02:38.938,m,oh yeah,0,,,,,0,,,,
3759890,01:02:39.890,m,you cards,1,cards,,,,1,you,,,
3764854,01:02:44.854,m,we are going to put some of these stuffs away you know why?,1,stuffs,,,,3,we,these,you,
3766588,01:02:46.588,m,because this is,0,,,,,1,this,,,
3767914,01:02:47.914,m,because we are tripping over our stuff,1,stuff,,,,2,we,our,,
3775088,01:02:55.88,m,oh,0,,,,,0,,,,
3816092,01:03:36.92,m,[gasping] look at that,0,,,,,1,that,,,
3817860,01:03:37.860,m,did you see that?,0,,,,,1,that,,,
3819832,01:03:39.832,m,look Logan,1,logan,,,,0,,,,
3821838,01:03:41.838,m,woo woo woo,0,,,,,0,,,,
3829182,01:03:49.182,m,you can put it on here,0,,,,,2,you,it,,
3868010,01:04:28.10,m,look beep beep,0,,,,,0,,,,
3869948,01:04:29.948,m,whoah,0,,,,,0,,,,
3871886,01:04:31.886,m,xxx,0,,,,,0,,,,
3930434,01:05:30.434,m,[laughing],0,,,,,0,,,,
3939648,01:05:39.648,m,oh,0,,,,,0,,,,
3941722,01:05:41.722,m,[grunting],0,,,,,0,,,,
3944238,01:05:44.238,m,xxx,0,,,,,0,,,,
3944952,01:05:44.952,m,this drys really quickly,0,,,,,1,this,,,
3947332,01:05:47.332,m,whee,0,,,,,0,,,,
3948420,01:05:48.420,m,woo,0,,,,,0,,,,
3971030,01:06:11.30,m,do you like this?,0,,,,,1,this,,,
3974158,01:06:14.158,m,[adult babble],0,,,,,0,,,,
3992620,01:06:32.620,m,no?,0,,,,,0,,,,
3993436,01:06:33.436,m,you are all about car rght now?,1,car,,,,1,you,,,
4017678,01:06:57.678,m,[laughing],0,,,,,0,,,,
4019922,01:06:59.922,m,tickle tickle tickle those feet,1,feet,,,,1,those,,,
4023220,01:07:03.220,m,tickle those feet,1,feet,,,,1,those,,,
4026824,01:07:06.824,m,tickle those feet,1,feet,,,,1,those,,,
4047258,01:07:27.258,m,[adult babble],0,,,,,0,,,,
4060654,01:07:40.654,m,xxx,0,,,,,0,,,,
4061266,01:07:41.266,m,xxx,0,,,,,0,,,,
4063884,01:07:43.884,m,oop,0,,,,,0,,,,
4070820,01:07:50.820,m,xxx,0,,,,,0,,,,
4072622,01:07:52.622,m,no?,0,,,,,0,,,,
4074016,01:07:54.16,m,look at this one,1,one,,,,1,this,,,
4074730,01:07:54.730,m,it's A,0,,,,,1,it,,,
4076532,01:07:56.532,m,A,0,,,,,0,,,,
4080374,01:08:00.374,m,B,0,,,,,0,,,,
4083672,01:08:03.672,m,C,0,,,,,0,,,,
4086596,01:08:06.596,m,look,0,,,,,0,,,,
4087854,01:08:07.854,m,C,0,,,,,0,,,,
4090982,01:08:10.982,m,D,0,,,,,0,,,,
4094246,01:08:14.246,m,E,0,,,,,0,,,,
4099040,01:08:19.40,m,this is E,0,,,,,1,this,,,
4099754,01:08:19.754,m,E,0,,,,,0,,,,
4102916,01:08:22.916,m,F,0,,,,,0,,,,
4106554,01:08:26.554,m,G,0,,,,,0,,,,
4107404,01:08:27.404,m,xxx for this one?,1,one,,,,1,this,,,
4110294,01:08:30.294,m,G,0,,,,,0,,,,
4111620,01:08:31.620,m,yeah,0,,,,,0,,,,
4113184,01:08:33.184,m,H,0,,,,,0,,,,
4115020,01:08:35.20,m,H,0,,,,,0,,,,
4118692,01:08:38.692,m,I,0,,,,,0,,,,
4122364,01:08:42.364,m,J,0,,,,,0,,,,
4126920,01:08:46.920,m,A,0,,,,,0,,,,
4127430,01:08:47.430,m,B,0,,,,,0,,,,
4128246,01:08:48.246,m,C,0,,,,,0,,,,
4128926,01:08:48.926,m,D,0,,,,,0,,,,
4129538,01:08:49.538,m,E,0,,,,,0,,,,
4130082,01:08:50.82,m,F,0,,,,,0,,,,
4131408,01:08:51.408,m,G,0,,,,,0,,,,
4132122,01:08:52.122,m,H,0,,,,,0,,,,
4133380,01:08:53.380,m,I,0,,,,,0,,,,
4134740,01:08:54.740,m,J,0,,,,,0,,,,
4137222,01:08:57.222,m,yeah hey,0,,,,,0,,,,
4141880,01:09:01.880,m,A,0,,,,,0,,,,
4142628,01:09:02.628,m,B,0,,,,,0,,,,
4143206,01:09:03.206,m,C,0,,,,,0,,,,
4144124,01:09:04.124,m,D,0,,,,,0,,,,
4144906,01:09:04.906,m,E,0,,,,,0,,,,
4145586,01:09:05.586,m,F,0,,,,,0,,,,
4146368,01:09:06.368,m,G,0,,,,,0,,,,
4147014,01:09:07.14,m,H,0,,,,,0,,,,
4147932,01:09:07.932,m,I,0,,,,,0,,,,
4148952,01:09:08.952,m,J,0,,,,,0,,,,
4151128,01:09:11.128,m,yay,0,,,,,0,,,,
4157044,01:09:17.44,m,[laughing],0,,,,,0,,,,
4158268,01:09:18.268,m,what's this,0,,,,,1,this,,,
4159118,01:09:19.118,m,pig,1,pig,,,,0,,,,
4161328,01:09:21.328,m,pig,1,pig,,,,0,,,,
4161940,01:09:21.940,m,yes,0,,,,,0,,,,
4165476,01:09:25.476,m,sun,1,sun,,,,0,,,,
4168502,01:09:28.502,m,that's a heart,1,heart,,,,1,that,,,
4169930,01:09:29.930,m,yeah,0,,,,,0,,,,
4171868,01:09:31.868,m,cloud,1,cloud,,,,0,,,,
4174622,01:09:34.622,m,dog,1,dog,,,,0,,,,
4177716,01:09:37.716,m,kitty yes,1,kitty,,,,0,,,,
4178668,01:09:38.668,m,kitty,1,kitty,,,,0,,,,
4180844,01:09:40.844,m,what about,0,,,,,0,,,,
4182000,01:09:42.0,m,what about this?,0,,,,,1,this,,,
4182782,01:09:42.782,m,what's this?,0,,,,,1,this,,,
4187270,01:09:47.270,m,you know what this is?,0,,,,,1,this,,,
4189276,01:09:49.276,m,cow,1,cow,,,,0,,,,
4191656,01:09:51.656,m,is that a car?,1,car,,,,1,that,,,
4192778,01:09:52.778,m,that's a cow,1,cow,,,,1,that,,,
4196144,01:09:56.144,m,oh yes this is a car you are right,1,car,,,,2,this,you,,
4198252,01:09:58.252,m,good job,0,,,,,0,,,,
4199646,01:09:59.646,m,that's a car,1,car,,,,1,that,,,
4201924,01:10:01.924,m,heart,1,heart,,,,0,,,,
4203794,01:10:03.794,m,star,1,star,,,,0,,,,
4206310,01:10:06.310,m,cow,1,cow,,,,0,,,,
4208418,01:10:08.418,m,cow,1,cow,,,,0,,,,
4208690,01:10:08.690,m,it goes moo,0,,,,,1,it,,,
4211580,01:10:11.580,m,moo,0,,,,,0,,,,
4215966,01:10:15.966,m,what is this?,0,,,,,1,this,,,
4218312,01:10:18.312,m,it's car,1,car,,,,1,it,,,
4220284,01:10:20.284,m,yes it is,0,,,,,1,it,,,
4222358,01:10:22.358,m,you think that's a car?,1,car,,,,2,you,that,,
4223990,01:10:23.990,m,this is a car too,1,car,,,,1,this,,,
4226438,01:10:26.438,m,they are both cars,1,cars,,,,1,they,,,
4227764,01:10:27.764,m,see look car,1,car,,,,0,,,,
4228750,01:10:28.750,m,car,1,car,,,,0,,,,
4230076,01:10:30.76,m,oh,0,,,,,0,,,,
4233272,01:10:33.272,m,yeah,0,,,,,0,,,,
4235686,01:10:35.686,m,that's a kite,1,kite,,,,1,that,,,
4239562,01:10:39.562,m,yeah,0,,,,,0,,,,
4240310,01:10:40.310,m,heart,1,heart,,,,0,,,,
4242316,01:10:42.316,m,star,1,star,,,,0,,,,
4244832,01:10:44.832,m,I don't know what that is,0,,,,,2,i,that,,
4245478,01:10:45.478,m,this is a giraffe,1,giraffe,,,,1,this,,,
4247110,01:10:47.110,m,I think,0,,,,,1,i,,,
4248538,01:10:48.538,m,what's this?,0,,,,,1,this,,,
4251904,01:10:51.904,m,heart,1,heart,,,,0,,,,
4253264,01:10:53.264,m,heart,1,heart,,,,0,,,,
4256596,01:10:56.596,m,high five,1,highfive,,,,0,,,,
4257811,01:10:57.811,m,high five,1,highfive,,,,0,,,,
4258806,01:10:58.806,m,no no high five?,1,highfive,,,,0,,,,
4261084,01:11:01.84,m,no,0,,,,,0,,,,
4262070,01:11:02.70,m,okay,0,,,,,0,,,,
4270706,01:11:10.706,m,xxx,0,,,,,0,,,,
4282334,01:11:22.334,m,nah?,0,,,,,0,,,,
4283320,01:11:23.320,m,[laughing],0,,,,,0,,,,
4286448,01:11:26.448,m,[laughing],0,,,,,0,,,,
4294268,01:11:34.268,m,[lip rolling],0,,,,,0,,,,
4296954,01:11:36.954,m,[laughing],0,,,,,0,,,,
4298858,01:11:38.858,m,[adult babble],0,,,,,0,,,,
4300456,01:11:40.456,m,[laughing],0,,,,,0,,,,
4302904,01:11:42.904,m,[kissing],0,,,,,0,,,,
4303958,01:11:43.958,m,love you,0,,,,,1,you,,,
4305692,01:11:45.692,m,[grunting],0,,,,,0,,,,
4307868,01:11:47.868,m,smells like feet xxx meal,2,feet,meal,,,0,,,,
4309976,01:11:49.976,m,what do you think?,0,,,,,1,you,,,
4311880,01:11:51.880,m,xxx,0,,,,,0,,,,
4313512,01:11:53.512,m,[laughing],0,,,,,0,,,,
4315960,01:11:55.960,m,[laughing],0,,,,,0,,,,
4316742,01:11:56.742,m,oh no,0,,,,,0,,,,
4317422,01:11:57.422,m,that cough,1,cough,,,,1,that,,,
4319190,01:11:59.190,m,[grunting],0,,,,,0,,,,
4324630,01:12:04.630,m,be careful,0,,,,,0,,,,
4325956,01:12:05.956,m,be careful,0,,,,,0,,,,
4326874,01:12:06.874,m,don't,0,,,,,0,,,,
4327180,01:12:07.180,m,xxx in the face,1,face,,,,0,,,,
4328132,01:12:08.132,m,okay?,0,,,,,0,,,,
4329356,01:12:09.356,m,that's,0,,,,,1,that,,,
4330172,01:12:10.172,m,yeah,0,,,,,0,,,,
4330580,01:12:10.580,m,that's,0,,,,,1,that,,,
4330716,01:12:10.716,m,that hurts,0,,,,,1,that,,,
4332242,01:12:12.242,m,okay?,0,,,,,0,,,,
4333062,01:12:13.62,m,be very careful,0,,,,,0,,,,
4348940,01:12:28.940,m,xxx,0,,,,,0,,,,
4370428,01:12:50.428,m,woo,0,,,,,0,,,,
4373624,01:12:53.624,m,look,0,,,,,0,,,,
4406162,01:13:26.162,m,here,0,,,,,0,,,,
4408848,01:13:28.848,m,you are supposed to xxx it over,0,,,,,2,you,it,,
4410208,01:13:30.208,m,like this,0,,,,,1,this,,,
4410854,01:13:30.854,m,[adult babble],0,,,,,0,,,,
4411636,01:13:31.636,m,[adult babble],0,,,,,0,,,,
4413812,01:13:33.812,m,[adult babble],0,,,,,0,,,,
4415172,01:13:35.172,m,[adult babble],0,,,,,0,,,,
4417450,01:13:37.450,m,[adult babble],0,,,,,0,,,,
4420578,01:13:40.578,m,[adult babble],0,,,,,0,,,,
4421292,01:13:41.292,m,I can hold this one as well,1,one,,,,2,i,this,,
4423604,01:13:43.604,m,fall,0,,,,,0,,,,
4430370,01:13:50.370,m,thank you,1,,,,,1,you,,,
4433906,01:13:53.906,m,put more on top?,1,top,,,,0,,,,
4435572,01:13:55.572,m,xxx,0,,,,,0,,,,
4440332,01:14:00.332,m,I don't like that,0,,,,,2,i,that,,
4441692,01:14:01.692,m,[grunting],0,,,,,0,,,,
4442678,01:14:02.678,m,look,0,,,,,0,,,,
4443868,01:14:03.868,m,it's pretty cool,0,,,,,1,it,,,
4449376,01:14:09.376,m,[gasping],0,,,,,0,,,,
4451722,01:14:11.722,m,[laughing],0,,,,,0,,,,
4460120,01:14:20.120,m,check it out,0,,,,,1,it,,,
4461990,01:14:21.990,m,[grunting],0,,,,,0,,,,
4477358,01:14:37.358,m,[laughing],0,,,,,0,,,,
4483206,01:14:43.206,m,ah,0,,,,,0,,,,
4488000,01:14:48.0,m,come on Logan,1,logan,,,,0,,,,
4493542,01:14:53.542,m,momo come on,1,momo,,,,0,,,,
4567084,01:16:07.84,m,you are such a good dancer,1,dancer,,,,1,you,,,
4571844,01:16:11.844,m,[adult babble],0,,,,,0,,,,
4576400,01:16:16.400,m,[kissing],0,,,,,0,,,,
4603328,01:16:43.328,m,[yawning],0,,,,,0,,,,
4625054,01:17:05.54,m,oh whoah,0,,,,,0,,,,
4861762,01:21:01.762,m,xxx,0,,,,,0,,,,
4866590,01:21:06.590,m,I love you,0,,,,,2,i,you,,
4872268,01:21:12.268,m,okay?,0,,,,,0,,,,
4873186,01:21:13.186,m,yeah,0,,,,,0,,,,
4874716,01:21:14.716,m,[grunting],0,,,,,0,,,,
4877334,01:21:17.334,m,[kissing],0,,,,,0,,,,
4879612,01:21:19.612,m,alright okay,0,,,,,0,,,,
4880326,01:21:20.326,m,go ahead,0,,,,,0,,,,
4880768,01:21:20.768,m,go go go,0,,,,,0,,,,
4881788,01:21:21.788,m,go play,0,,,,,0,,,,
4937990,01:22:17.990,m,you tired?,0,,,,,1,you,,,
4939350,01:22:19.350,m,you bored,0,,,,,1,you,,,
4941118,01:22:21.118,m,tired or bored?,0,,,,,0,,,,
4944008,01:22:24.8,m,[laughing],0,,,,,0,,,,
4945572,01:22:25.572,m,tired or bored?,0,,,,,0,,,,
4946830,01:22:26.830,m,huh?,0,,,,,0,,,,
4950026,01:22:30.26,m,give me a second,0,,,,,1,me,,,
4950672,01:22:30.672,m,let me just reply this email,1,email,,,,2,me,this,,
4977192,01:22:57.192,m,xxx,0,,,,,0,,,,
4978926,01:22:58.926,m,xxx,0,,,,,0,,,,
5000482,01:23:20.482,m,xxx,0,,,,,0,,,,
5039684,01:23:59.684,m,careful boo,1,boo,,,,0,,,,
5042234,01:24:02.234,m,xxx,0,,,,,0,,,,
5055392,01:24:15.392,m,okay,0,,,,,0,,,,
5077934,01:24:37.934,m,[laughing],0,,,,,0,,,,
5083782,01:24:43.782,m,are you eating something?,0,,,,,1,you,,,
5087896,01:24:47.896,m,you are eating okay,0,,,,,1,you,,,
5094084,01:24:54.84,m,xxx,0,,,,,0,,,,
5096124,01:24:56.124,m,oh sorry boo boo,1,booboo,,,,0,,,,
5096498,01:24:56.498,m,whoah,0,,,,,0,,,,
5097416,01:24:57.416,m,are you okay?,0,,,,,1,you,,,
5126656,01:25:26.656,m,[laughing],0,,,,,0,,,,
5128628,01:25:28.628,m,put it in there,0,,,,,1,it,,,
5129036,01:25:29.36,m,yeah,0,,,,,0,,,,
5129614,01:25:29.614,m,yeah yeah yeah,0,,,,,0,,,,
5130838,01:25:30.838,m,this trash?,1,trash,,,,1,this,,,
5131790,01:25:31.790,m,here,0,,,,,0,,,,
5134034,01:25:34.34,m,thank you,0,,,,,1,you,,,
5136210,01:25:36.210,m,thank you for helping,0,,,,,1,you,,,
5147226,01:25:47.226,m,you want some chicken nuggets?,1,chickennuggets,,,,1,you,,,
5149980,01:25:49.980,m,no?,0,,,,,0,,,,
5150830,01:25:50.830,m,are you sure?,0,,,,,1,you,,,
5153346,01:25:53.346,m,chicken nugget?,1,chickennugget,,,,0,,,,
5153788,01:25:53.788,m,I want to hit them up for you,0,,,,,3,i,them,you,
5154808,01:25:54.808,m,okay?,0,,,,,0,,,,
5159194,01:25:59.194,m,I know,0,,,,,1,i,,,
5159738,01:25:59.738,m,or do you want to wait for your food?,1,food,,,,2,you,your,,
5163104,01:26:03.104,m,yeah?,0,,,,,0,,,,
5163512,01:26:03.512,m,okay,0,,,,,0,,,,
5164362,01:26:04.362,m,alright,0,,,,,0,,,,
5194044,01:26:34.44,m,[grunting],0,,,,,0,,,,
5195370,01:26:35.370,m,I am going to turn on the lights okay?,1,lights,,,,1,i,,,
5203462,01:26:43.462,m,okay,0,,,,,0,,,,
5204142,01:26:44.142,m,that's better,0,,,,,1,that,,,
5205774,01:26:45.774,m,ah,0,,,,,0,,,,
5206352,01:26:46.352,m,xxx,0,,,,,0,,,,
5208324,01:26:48.324,m,there it is,0,,,,,1,it,,,
5209140,01:26:49.140,m,it's on the chair,1,chair,,,,1,it,,,
5211418,01:26:51.418,m,[grunting],0,,,,,0,,,,
5212302,01:26:52.302,m,[grunting],0,,,,,0,,,,
5212880,01:26:52.880,m,xxx,0,,,,,0,,,,
5280608,01:28:00.608,m,[gasping],0,,,,,0,,,,
5281050,01:28:01.50,m,that's your food,1,food,,,,2,that,your,,
5282444,01:28:02.444,m,yay,0,,,,,0,,,,
5283668,01:28:03.668,m,come on,0,,,,,0,,,,
5288190,01:28:08.190,m,hello?,0,,,,,0,,,,
5289924,01:28:09.924,m,okay,0,,,,,0,,,,
5301892,01:28:21.892,m,alright be careful now,0,,,,,0,,,,
5303932,01:28:23.932,m,okay?,0,,,,,0,,,,
5306686,01:28:26.686,m,no no no no,0,,,,,0,,,,
5309168,01:28:29.168,m,no no no no,0,,,,,0,,,,
5312534,01:28:32.534,m,xxx,0,,,,,0,,,,
5315696,01:28:35.696,m,xxx that was so fast,0,,,,,1,that,,,
5318586,01:28:38.586,m,come on,0,,,,,0,,,,
5322156,01:28:42.156,m,yay now we don't have to wait,0,,,,,1,we,,,
5323958,01:28:43.958,m,for,0,,,,,0,,,,
5325726,01:28:45.726,m,lunch any more,1,lunch,,,,0,,,,
5346364,01:29:06.364,m,oh [laughing],0,,,,,0,,,,
5350308,01:29:10.308,m,alright,0,,,,,0,,,,
5350818,01:29:10.818,m,let's get use on,0,,,,,0,,,,
5352348,01:29:12.348,m,it's just like a healthier xxx,0,,,,,1,it,,,
5385226,01:29:45.226,m,come over,0,,,,,0,,,,
5400628,01:30:00.628,m,[adult babble],0,,,,,0,,,,
5403008,01:30:03.8,m,God this is actually really hot,0,,,,,1,this,,,
5406170,01:30:06.170,m,whoah,0,,,,,0,,,,
5407530,01:30:07.530,m,geez,0,,,,,0,,,,
5411950,01:30:11.950,m,you want a french fries?,1,frenchfries,,,,1,you,,,
5414738,01:30:14.738,m,okay,0,,,,,0,,,,
5417220,01:30:17.220,m,xxx put a little salad for you huh?,1,salad,,,,1,you,,,
5419634,01:30:19.634,m,do you want some xxx mommy salad?,2,mommy,salad,,,1,you,,,
5447174,01:30:47.174,m,salad,1,salad,,,,0,,,,
5472402,01:31:12.402,m,umm,0,,,,,0,,,,
5473048,01:31:13.48,m,let's see,0,,,,,0,,,,
5473898,01:31:13.898,m,put a little salad okay?,1,salad,,,,0,,,,
5475972,01:31:15.972,m,this salad is good for you,1,salad,,,,2,this,you,,
5477638,01:31:17.638,m,okay?,0,,,,,0,,,,
5500112,01:31:40.112,m,come here boo boo,1,booboo,,,,0,,,,
5502322,01:31:42.322,m,come on,0,,,,,0,,,,
5504872,01:31:44.872,m,boo,0,,,,,0,,,,
5506198,01:31:46.198,m,xxx,0,,,,,0,,,,
5515480,01:31:55.480,m,xxx you want to sit here,0,,,,,1,you,,,
5517010,01:31:57.10,m,okay?,0,,,,,0,,,,
5517792,01:31:57.792,m,there you go,0,,,,,1,you,,,
5518540,01:31:58.540,m,good boy,1,boy,,,,0,,,,
5520172,01:32:00.172,m,good boy,1,boy,,,,0,,,,
5526564,01:32:06.564,m,mmhm,0,,,,,0,,,,
5577802,01:32:57.802,m,is it good?,0,,,,,1,it,,,
5578686,01:32:58.686,m,don't forget your salad though,1,salad,,,,1,your,,,
5581576,01:33:01.576,m,okay?,0,,,,,0,,,,
5697958,01:34:57.958,m,hey,0,,,,,0,,,,
5699216,01:34:59.216,m,no feet on the table please,2,feet,table,,,0,,,,
5701460,01:35:01.460,m,thank you,0,,,,,1,you,,,
5706050,01:35:06.50,m,Logan,1,logan,,,,0,,,,
5707410,01:35:07.410,m,no feet on the table please,2,feet,table,,,0,,,,
5710130,01:35:10.130,m,no no,0,,,,,0,,,,
5712340,01:35:12.340,m,no,0,,,,,0,,,,
5714244,01:35:14.244,m,uhuhm,0,,,,,0,,,,
5716658,01:35:16.658,m,no,0,,,,,0,,,,
5718664,01:35:18.664,m,do you want some apple juice?,1,applejuice,,,,1,you,,,
5807200,01:36:47.200,m,[laughing],0,,,,,0,,,,
5876390,01:37:56.390,m,[laughing],0,,,,,0,,,,
5884788,01:38:04.788,m,[laughing],0,,,,,0,,,,
5887950,01:38:07.950,m,Logan,1,logan,,,,0,,,,
5889956,01:38:09.956,m,go eat your,0,,,,,1,your,,,
5891078,01:38:11.78,m,eat your lunch,1,lunch,,,,1,your,,,
5897096,01:38:17.96,m,eat your lunch baby,2,lunch,baby,,,1,your,,,
5974922,01:39:34.922,m,[gasping],0,,,,,0,,,,
5976248,01:39:36.248,m,yay,0,,,,,0,,,,
5984238,01:39:44.238,m,I love you,0,,,,,2,i,you,,
5986516,01:39:46.516,m,I love you peanut,1,peanut,,,,2,i,you,,
5990052,01:39:50.52,m,yeah,0,,,,,0,,,,
5997668,01:39:57.668,m,hmm,0,,,,,0,,,,
6004196,01:40:04.196,m,hmm,0,,,,,0,,,,
6004774,01:40:04.774,m,[laughing],0,,,,,0,,,,
6011098,01:40:11.98,m,[grunting],0,,,,,0,,,,
6014668,01:40:14.668,m,I was just getting lunch,1,lunch,,,,1,i,,,
6017932,01:40:17.932,m,yeah,0,,,,,0,,,,
6018374,01:40:18.374,m,I am just getting lunch,1,lunch,,,,1,i,,,
6020414,01:40:20.414,m,did you finish your lunch?,1,lunch,,,,2,you,your,,
6025888,01:40:25.888,m,no?,0,,,,,0,,,,
6027180,01:40:27.180,m,[kissing],0,,,,,0,,,,
6033266,01:40:33.266,m,umhmm,0,,,,,0,,,,
6037312,01:40:37.312,m,did you drink your apple juice?,1,applejuice,,,,2,you,your,,
6039794,01:40:39.794,m,why not?,0,,,,,0,,,,
6041528,01:40:41.528,m,you didn't like,0,,,,,1,you,,,
6041970,01:40:41.970,m,you didn't like it?,0,,,,,2,you,it,,
6044044,01:40:44.44,m,what?,0,,,,,0,,,,
6044996,01:40:44.996,m,apple juice is so good though,1,applejuice,,,,0,,,,
6047954,01:40:47.954,m,no?,0,,,,,0,,,,
6048906,01:40:48.906,m,do you,0,,,,,1,you,,,
6049280,01:40:49.280,m,wait you have water,1,water,,,,1,you,,,
6051932,01:40:51.932,m,okay,0,,,,,0,,,,
6056386,01:40:56.386,m,did you try your chicken?,1,chicken,,,,2,you,your,,
6059276,01:40:59.276,m,chicken,1,chicken,,,,0,,,,
6066790,01:41:06.790,m,you don't like this?,0,,,,,2,you,this,,
6067810,01:41:07.810,m,it's apple juice,1,applejuice,,,,1,it,,,
6069714,01:41:09.714,m,did you try it?,0,,,,,2,you,it,,
6071550,01:41:11.550,m,no,0,,,,,0,,,,
6072298,01:41:12.298,m,you didn't try it,0,,,,,2,you,it,,
6074644,01:41:14.644,m,look at mommy,1,mommy,,,,0,,,,
6075392,01:41:15.392,m,look,0,,,,,0,,,,
6076378,01:41:16.378,m,hmm,0,,,,,0,,,,
6077602,01:41:17.602,m,xxx so delicious,0,,,,,0,,,,
6079132,01:41:19.132,m,try it,0,,,,,1,it,,,
6082328,01:41:22.328,m,apple yes,1,apple,,,,0,,,,
6083926,01:41:23.926,m,okay,0,,,,,0,,,,
6085388,01:41:25.388,m,alright,0,,,,,0,,,,
6091882,01:41:31.882,m,careful,0,,,,,0,,,,
6227474,01:43:47.474,m,well baby,1,baby,,,,0,,,,
6228052,01:43:48.52,m,be careful,0,,,,,0,,,,
6232914,01:43:52.914,m,oh,0,,,,,0,,,,
6234546,01:43:54.546,m,you alright,0,,,,,1,you,,,
6236450,01:43:56.450,m,[gasping],0,,,,,0,,,,
6237300,01:43:57.300,m,don't you xxx right now,0,,,,,1,you,,,
6239136,01:43:59.136,m,[kissing],0,,,,,0,,,,
6239850,01:43:59.850,m,[kissing],0,,,,,0,,,,
6242604,01:44:02.604,m,[laughing],0,,,,,0,,,,
6244746,01:44:04.746,m,gentle,0,,,,,0,,,,
6245222,01:44:05.222,m,what did I say?,0,,,,,1,i,,,
6246004,01:44:06.4,m,gentle,0,,,,,0,,,,
6246616,01:44:06.616,m,why are you in this hitting base?,1,base,,,,2,you,this,,
6250696,01:44:10.696,m,[adult babble],0,,,,,0,,,,
6253110,01:44:13.110,m,[kissing],0,,,,,0,,,,
6254877,01:44:14.877,m,you have to be gentle,0,,,,,1,you,,,
6258720,01:44:18.720,m,yeah,0,,,,,0,,,,
6260760,01:44:20.760,m,I know,0,,,,,1,i,,,
6261236,01:44:21.236,m,[gasping],0,,,,,0,,,,
6262018,01:44:22.18,m,xxx,0,,,,,0,,,,
6270042,01:44:30.42,m,perfect,0,,,,,0,,,,
6270620,01:44:30.620,m,does it,0,,,,,1,it,,,
6271844,01:44:31.844,m,xxx,0,,,,,0,,,,
6276740,01:44:36.740,m,xxx,0,,,,,0,,,,
6278916,01:44:38.916,m,alright let's see,0,,,,,0,,,,
6291292,01:44:51.292,m,xxx,0,,,,,0,,,,
6297616,01:44:57.616,m,[kissing],0,,,,,0,,,,
6302648,01:45:02.648,m,really nice,0,,,,,0,,,,
6306388,01:45:06.388,m,okay,0,,,,,0,,,,
6311726,01:45:11.726,m,you want to do story bugs?,2,story,bugs,,,1,you,,,
6314820,01:45:14.820,m,story bugs come on,2,story,bugs,,,0,,,,
6317608,01:45:17.608,m,story bugs,2,story,bugs,,,0,,,,
6320498,01:45:20.498,m,xxx story bugs,0,,,,,0,,,,
6329270,01:45:29.270,m,okay,0,,,,,0,,,,
6330460,01:45:30.460,m,ready,0,,,,,0,,,,
6360618,01:46:00.618,m,xxx,0,,,,,0,,,,
6392952,01:46:32.952,m,ba ba ba ba boo,0,,,,,0,,,,
6400704,01:46:40.704,m,[gasping],0,,,,,0,,,,
6403118,01:46:43.118,m,that was awesome,0,,,,,1,that,,,
6405532,01:46:45.532,m,ba ba ba ba ba ba ba ba ba ba boon,0,,,,,0,,,,
6410190,01:46:50.190,m,okay,0,,,,,0,,,,
6442728,01:47:22.728,m,oh okay okay okay,0,,,,,0,,,,
6444734,01:47:24.734,m,alright ready?,0,,,,,0,,,,
6445210,01:47:25.210,m,let's,0,,,,,0,,,,
6445754,01:47:25.754,m,what do you want to watch?,0,,,,,1,you,,,
6448712,01:47:28.712,m,ugh okay,0,,,,,0,,,,
6450106,01:47:30.106,m,let's see,0,,,,,0,,,,
6450990,01:47:30.990,m,xxx,0,,,,,0,,,,
6463128,01:47:43.128,m,what happened?,0,,,,,0,,,,
6464182,01:47:44.182,m,oh,0,,,,,0,,,,
6519772,01:48:39.772,m,nice,0,,,,,0,,,,
6521370,01:48:41.370,m,nice,0,,,,,0,,,,
6522628,01:48:42.628,m,xxx,0,,,,,0,,,,
6524634,01:48:44.634,m,here,0,,,,,0,,,,
6526946,01:48:46.946,m,xxx,0,,,,,0,,,,
6528544,01:48:48.544,m,come here,0,,,,,0,,,,
6531978,01:48:51.978,m,here you go,0,,,,,1,you,,,
6532998,01:48:52.998,m,look,0,,,,,0,,,,
6537418,01:48:57.418,m,xxx,0,,,,,0,,,,
6554588,01:49:14.588,m,[laughing],0,,,,,0,,,,
6555064,01:49:15.64,m,xxx,0,,,,,0,,,,
6557240,01:49:17.240,m,[laughing],0,,,,,0,,,,
6577266,01:49:37.266,m,[laughing],0,,,,,0,,,,
6581244,01:49:41.244,m,chicken,1,chicken,,,,0,,,,
6591682,01:49:51.682,m,[laughing],0,,,,,0,,,,
6602732,01:50:02.732,m,chicken xxx,0,,,,,0,,,,
6605520,01:50:05.520,m,yay,0,,,,,0,,,,
6607424,01:50:07.424,m,yay,0,,,,,0,,,,
6609804,01:50:09.804,m,yay that was so much fun,0,,,,,1,that,,,
6611776,01:50:11.776,m,alright let's see what they got,0,,,,,1,they,,,
6615346,01:50:15.346,m,alright how about this one?,1,one,,,,1,this,,,
6675560,01:51:15.560,m,[laughing],0,,,,,0,,,,
6685046,01:51:25.46,m,see that one,1,one,,,,1,that,,,
6691948,01:51:31.948,m,[laughing],0,,,,,0,,,,
6712552,01:51:52.552,m,[laughing],0,,,,,0,,,,
6742336,01:52:22.336,m,the elephant,1,elephant,,,,0,,,,
6752910,01:52:32.910,m,[laughing],0,,,,,0,,,,
6754440,01:52:34.440,m,you like that?,0,,,,,2,you,that,,
6756514,01:52:36.514,m,[adult babble],0,,,,,0,,,,
6758792,01:52:38.792,m,alright what else do you want to watch?,0,,,,,1,you,,,
6761580,01:52:41.580,m,pilot bound?,2,pilot,bound,,,0,,,,
6763110,01:52:43.110,m,woo cleaner time,1,cleaner,time,,,0,,,,
6815606,01:53:35.606,m,[singing],0,,,,,0,,,,
6819516,01:53:39.516,m,cleaner,1,cleaner,,,,0,,,,
6820400,01:53:40.400,m,cleaner,1,cleaner,,,,0,,,,
6821692,01:53:41.692,m,for this cleaner time,2,cleaner,time,,,1,this,,,
6838828,01:53:58.828,m,yay,0,,,,,0,,,,
6845594,01:54:05.594,m,okay wait let's see,0,,,,,0,,,,
6847770,01:54:07.770,m,okay one more video okay?,2,one,video,,,0,,,,
6849368,01:54:09.368,m,one more video,2,one,video,,,0,,,,
6850694,01:54:10.694,m,and then,0,,,,,0,,,,
6853142,01:54:13.142,m,we will do something else,0,,,,,1,we,,,
6854536,01:54:14.536,m,okay?,0,,,,,0,,,,
6858616,01:54:18.616,m,xxx what should we watch?,0,,,,,0,,,,
6861098,01:54:21.98,m,how about,0,,,,,0,,,,
6864294,01:54:24.294,m,shake smoothie?,2,shake,smoothie,,,0,,,,
6869224,01:54:29.224,m,how about,0,,,,,0,,,,
6872420,01:54:32.420,m,xxx,0,,,,,0,,,,
6910806,01:55:10.806,m,[kissing],0,,,,,0,,,,
6940284,01:55:40.284,m,okay,0,,,,,0,,,,
6941950,01:55:41.950,m,yay,0,,,,,0,,,,
6942664,01:55:42.664,m,alright you want to play with some of your toys?,1,toys,,,,2,you,your,,
6945282,01:55:45.282,m,no,0,,,,,0,,,,
6945554,01:55:45.554,m,why not?,0,,,,,0,,,,
6947857,01:55:47.857,m,you want to keep watching story bugs?,2,story,bugs,,,1,you,,,
6953510,01:55:53.510,m,I think we should watch,0,,,,,2,i,we,,
6954292,01:55:54.292,m,I think we should play more toys,1,toys,,,,2,i,we,,
6961534,01:56:01.534,m,excuse me,0,,,,,1,me,,,
6968538,01:56:08.538,m,okay,0,,,,,0,,,,
6988054,01:56:28.54,m,okay,0,,,,,0,,,,
6994344,01:56:34.344,m,alright,0,,,,,0,,,,
6994990,01:56:34.990,m,okay baby,1,baby,,,,0,,,,
6998866,01:56:38.866,m,you want more,0,,,,,1,you,,,
7001246,01:56:41.246,m,okay one more,1,one,,,,0,,,,
7004782,01:56:44.782,m,one more,1,one,,,,0,,,,
7006108,01:56:46.108,m,okay?,0,,,,,0,,,,
7011718,01:56:51.718,m,how about,0,,,,,0,,,,
7013894,01:56:53.894,m,let's see,0,,,,,0,,,,
7014914,01:56:54.914,m,what's a good one?,1,one,,,,0,,,,
7018926,01:56:58.926,m,how about,0,,,,,0,,,,
7020320,01:57:00.320,m,where's,0,,,,,0,,,,
7021068,01:57:01.68,m,our favorite song?,1,song,,,,1,our,,,
7025046,01:57:05.46,m,how about,0,,,,,0,,,,
7041672,01:57:21.672,m,[laughing],0,,,,,0,,,,
7075876,01:57:55.876,m,n g o,0,,,,,0,,,,
7078392,01:57:58.392,m,n g o,0,,,,,0,,,,
7087946,01:58:07.946,m,bingo what's xxx name xxx,2,bingo,name,,,0,,,,
7092230,01:58:12.230,m,o,0,,,,,0,,,,
7094202,01:58:14.202,m,n g o,0,,,,,0,,,,
7096786,01:58:16.786,m,n g o,0,,,,,0,,,,
7108006,01:58:28.6,m,o,0,,,,,0,,,,
7110284,01:58:30.284,m,o,0,,,,,0,,,,
7112800,01:58:32.800,m,o,0,,,,,0,,,,
7125414,01:58:45.414,m,[laughing] look at the dog up there,1,dog,,,,0,,,,
7128948,01:58:48.948,m,[laughing],0,,,,,0,,,,
7134832,01:58:54.832,m,yay,0,,,,,0,,,,
7137552,01:58:57.552,m,that was really good huh?,0,,,,,1,that,,,
7139354,01:58:59.354,m,okay,0,,,,,0,,,,
7140918,01:59:00.918,m,alright enough,0,,,,,0,,,,
7142312,01:59:02.312,m,computer,1,computer,,,,0,,,,
7144522,01:59:04.522,m,okay?,0,,,,,0,,,,
7147514,01:59:07.514,m,alright,0,,,,,0,,,,
7148092,01:59:08.92,m,let's go,0,,,,,0,,,,
7148772,01:59:08.772,m,let's go play some toys,1,toys,,,,0,,,,
7151458,01:59:11.458,m,xxx,0,,,,,0,,,,
7156932,01:59:16.932,m,okay come on,0,,,,,0,,,,
7159448,01:59:19.448,m,let's go play some toys,1,toys,,,,0,,,,
7160570,01:59:20.570,m,do you want to?,0,,,,,1,you,,,
7162066,01:59:22.66,m,no?,0,,,,,0,,,,
7162440,01:59:22.440,m,you tired?,0,,,,,1,you,,,
7165806,01:59:25.806,m,you look a little tired,0,,,,,1,you,,,
7169988,01:59:29.988,m,[kissing],0,,,,,0,,,,
7171518,01:59:31.518,m,are you sleepy?,0,,,,,1,you,,,
7173796,01:59:33.796,m,a little bit?,1,bit,,,,0,,,,
7174782,01:59:34.782,m,okay,0,,,,,0,,,,
7176856,01:59:36.856,m,how about we take a nap?,1,nap,,,,1,we,,,
7180018,01:59:40.18,m,[kissing],0,,,,,0,,,,
7185934,01:59:45.934,m,[kissing],0,,,,,0,,,,
7190082,01:59:50.82,m,[adult babble],0,,,,,0,,,,
7193210,01:59:53.210,m,[laughing],0,,,,,0,,,,
7195250,01:59:55.250,m,I love you,0,,,,,2,i,you,,
7196610,01:59:56.610,m,I love you,0,,,,,2,i,you,,
7198718,01:59:58.718,m,[grunting] I love you so much,0,,,,,2,i,you,,