Timestamp (ms),Timestamp,Speaker,Transcript,Noun (1/0),Noun label 1,Noun label 2 ,Noun label 3,Noun label 4,Noun label 5,Pronoun (1/0),Pronoun label 1,Pronoun label 2,Pronoun label 3,Pronoun label 4,Pronoun label 5,Pronoun label 6,Pronoun label 7
101150,00:01:41.150,m,let's see,0,,,,,,0,,,,,,,
107678,00:01:47.678,m,alright,0,,,,,,0,,,,,,,
113798,00:01:53.798,m,yes,0,,,,,,0,,,,,,,
114716,00:01:54.716,m,xxx,0,,,,,,0,,,,,,,
125800,00:02:05.800,m,alright,0,,,,,,0,,,,,,,
126276,00:02:06.276,m,there you go,0,,,,,,1,you,,,,,,
129234,00:02:09.234,m,show off your dance move,1,dancemove,,,,,1,your,,,,,,
130322,00:02:10.322,m,oh I gotta turn off my ocean sounds,2,ocean,sounds,,,,2,i,my,,,,,
132260,00:02:12.260,m,right?,0,,,,,,0,,,,,,,
133178,00:02:13.178,m,where are my ocean sounds?,2,ocean,sounds,,,,1,my,,,,,,
134810,00:02:14.810,m,hold on,0,,,,,,0,,,,,,,
135422,00:02:15.422,m,there they are,0,,,,,,1,they,,,,,,
142222,00:02:22.222,m,hold on,0,,,,,,0,,,,,,,
144704,00:02:24.704,m,there you go,0,,,,,,1,you,,,,,,
151334,00:02:31.334,m,dance move,0,,,,,,0,,,,,,,
154564,00:02:34.564,m,go ahead,0,,,,,,0,,,,,,,
169932,00:02:49.932,m,xxx,0,,,,,,0,,,,,,,
174148,00:02:54.148,m,alright xxx show your dance,1,dance,,,,,1,your,,,,,,
186456,00:03:06.456,m,go ahead,0,,,,,,0,,,,,,,
186932,00:03:06.932,m,keep dancing,0,,,,,,0,,,,,,,
187510,00:03:07.510,m,oh,0,,,,,,0,,,,,,,
188020,00:03:08.20,m,that move,1,move,,,,,1,that,,,,,,
188462,00:03:08.462,m,huh?,0,,,,,,0,,,,,,,
197710,00:03:17.710,m,that's a new one,1,one,,,,,1,that,,,,,,
198356,00:03:18.356,m,I haven't seen that one yet,1,one,,,,,2,i,that,,,,,
302532,00:05:02.532,m,you wanna xxx left?,0,,,,,,1,you,,,,,,
306034,00:05:06.34,m,no?,0,,,,,,0,,,,,,,
401030,00:06:41.30,m,oh,0,,,,,,0,,,,,,,
401710,00:06:41.710,m,are you taking Roge,1,roge,,,,,1,you,,,,,,
402628,00:06:42.628,m,for a walk?,1,walk,,,,,0,,,,,,,
404906,00:06:44.906,m,yeah?,0,,,,,,0,,,,,,,
407286,00:06:47.286,m,oh,0,,,,,,0,,,,,,,
407456,00:06:47.456,m,hey Roge,1,roge,,,,,0,,,,,,,
409836,00:06:49.836,m,hi,0,,,,,,0,,,,,,,
446284,00:07:26.284,m,no?,0,,,,,,0,,,,,,,
446998,00:07:26.998,m,you're happy with you xxx?,0,,,,,,2,you,you,,,,,
464066,00:07:44.66,m,that's my favorite dancer,1,dancer,,,,,2,that,my,,,,,
470254,00:07:50.254,m,alright which one do you want now?,1,one,,,,,1,you,,,,,,
473518,00:07:53.518,m,do you want,0,,,,,,1,you,,,,,,
474198,00:07:54.198,m,xxx,0,,,,,,0,,,,,,,
476986,00:07:56.986,m,let's find,0,,,,,,0,,,,,,,
479434,00:07:59.434,m,this one?,1,one,,,,,1,this,,,,,,
483548,00:08:03.548,m,whooh,0,,,,,,0,,,,,,,
483888,00:08:03.888,m,what about Haki?,1,haki,,,,,0,,,,,,,
486778,00:08:06.778,m,let's do,0,,,,,,0,,,,,,,
489328,00:08:09.328,m,um,0,,,,,,0,,,,,,,
492524,00:08:12.524,m,shake it?,0,,,,,,1,it,,,,,,
493204,00:08:13.204,m,is that someone?,0,,,,,,1,that,,,,,,
494224,00:08:14.224,m,shake it,0,,,,,,1,it,,,,,,
502622,00:08:22.622,m,no that's not it,0,,,,,,2,that,it,,,,,
504322,00:08:24.322,m,um,0,,,,,,0,,,,,,,
506702,00:08:26.702,m,yeah,0,,,,,,0,,,,,,,
510748,00:08:30.748,m,xxx,0,,,,,,0,,,,,,,
511734,00:08:31.734,m,music video,1,musicvideo,,,,,0,,,,,,,
515712,00:08:35.712,m,oh she likes polariod picture does it?,1,polariodpicture,,,,,2,she,it,,,,,
526082,00:08:46.82,m,okay,0,,,,,,0,,,,,,,
526966,00:08:46.966,m,oop,0,,,,,,0,,,,,,,
527238,00:08:47.238,m,this one?,1,one,,,,,1,this,,,,,,
529176,00:08:49.176,m,yes?,0,,,,,,0,,,,,,,
530570,00:08:50.570,m,you like it,0,,,,,,2,you,it,,,,,
531046,00:08:51.46,m,don't you?,0,,,,,,1,you,,,,,,
532780,00:08:52.780,m,you fancy him,0,,,,,,2,you,him,,,,,
553486,00:09:13.486,m,uh,0,,,,,,0,,,,,,,
565998,00:09:25.998,m,wait no,0,,,,,,0,,,,,,,
566372,00:09:26.372,m,you'll recognize,0,,,,,,1,you,,,,,,
567324,00:09:27.324,m,hold on,0,,,,,,0,,,,,,,
575450,00:09:35.450,m,this is the official music video,1,musicvideo,,,,,1,this,,,,,,
577524,00:09:37.524,m,I mean Daddy puts on the non-official,1,daddy,,,,,1,i,,,,,,
586126,00:09:46.126,m,you like this one,1,one,,,,,2,you,this,,,,,
588472,00:09:48.472,m,remember these moves?,1,moves,,,,,1,these,,,,,,
602616,00:10:02.616,m,alright I'm gonna change it,0,,,,,,2,i,it,,,,,
603568,00:10:03.568,m,if you're just watching xxx,0,,,,,,1,you,,,,,,
607444,00:10:07.444,m,no?,0,,,,,,0,,,,,,,
614142,00:10:14.142,m,there you go,0,,,,,,1,you,,,,,,
623900,00:10:23.900,m,xxx,0,,,,,,0,,,,,,,
636650,00:10:36.650,m,oh,0,,,,,,0,,,,,,,
637636,00:10:37.636,m,this is xxx,0,,,,,,1,this,,,,,,
638860,00:10:38.860,m,right under,0,,,,,,0,,,,,,,
639676,00:10:39.676,m,the couch,1,couch,,,,,0,,,,,,,
640220,00:10:40.220,m,xxx,0,,,,,,0,,,,,,,
644946,00:10:44.946,m,yes honey,1,honey,,,,,0,,,,,,,
646102,00:10:46.102,m,oh that's Mommy's wallet,2,mommy,wallet,,,,1,that,,,,,,
648040,00:10:48.40,m,no my love,1,love,,,,,1,my,,,,,,
649026,00:10:49.26,m,look at me,0,,,,,,1,me,,,,,,
650012,00:10:50.12,m,Lula,1,lula,,,,,0,,,,,,,
651270,00:10:51.270,m,Lula,1,lula,,,,,0,,,,,,,
652188,00:10:52.188,m,you want something else to play with?,0,,,,,,1,you,,,,,,
654398,00:10:54.398,m,Mommy's wallet is not a toy,3,mommy,wallet,toy,,,0,,,,,,,
655792,00:10:55.792,m,I'm sorry,0,,,,,,1,i,,,,,,
659294,00:10:59.294,m,thank you,0,,,,,,1,you,,,,,,
668508,00:11:08.508,m,you wanna draw on the chalkboard?,1,chalkboard,,,,,1,you,,,,,,
670582,00:11:10.582,m,alright,0,,,,,,0,,,,,,,
674968,00:11:14.968,m,there we go,0,,,,,,1,we,,,,,,
675886,00:11:15.886,m,okay,0,,,,,,0,,,,,,,
692206,00:11:32.206,m,where is that eraser?,1,eraser,,,,,1,that,,,,,,
693158,00:11:33.158,m,I'm gonna get the eraser,1,eraser,,,,,1,i,,,,,,
694008,00:11:34.8,m,I'll be right back,0,,,,,,1,i,,,,,,
722806,00:12:02.806,m,alright,0,,,,,,0,,,,,,,
732598,00:12:12.598,m,nice,0,,,,,,0,,,,,,,
732836,00:12:12.836,m,do you wanna erase?,0,,,,,,1,you,,,,,,
734094,00:12:14.94,m,here,0,,,,,,0,,,,,,,
736066,00:12:16.66,m,I'll hold the chalk,1,chalk,,,,,1,i,,,,,,
738412,00:12:18.412,m,thank you,0,,,,,,1,you,,,,,,
739806,00:12:19.806,m,okay,0,,,,,,0,,,,,,,
740384,00:12:20.384,m,go ahead,0,,,,,,0,,,,,,,
746198,00:12:26.198,m,nice,0,,,,,,0,,,,,,,
747082,00:12:27.82,m,good job,1,job,,,,,0,,,,,,,
752726,00:12:32.726,m,whooh,0,,,,,,0,,,,,,,
752930,00:12:32.930,m,you know what?,0,,,,,,1,you,,,,,,
753508,00:12:33.508,m,let's use something else,0,,,,,,0,,,,,,,
756670,00:12:36.670,m,xxx destroy this scrub I mean okay,1,scrub,,,,,2,this,i,,,,,
759254,00:12:39.254,m,good,0,,,,,,0,,,,,,,
759628,00:12:39.628,m,good,0,,,,,,0,,,,,,,
759968,00:12:39.968,m,can I get you a wet cloth first?,1,cloth,,,,,2,i,you,,,,,
761702,00:12:41.702,m,instead,0,,,,,,0,,,,,,,
762246,00:12:42.246,m,look at all that,0,,,,,,1,that,,,,,,
762994,00:12:42.994,m,I'll get it,0,,,,,,2,i,it,,,,,
775030,00:12:55.30,m,here it comes,0,,,,,,1,it,,,,,,
778464,00:12:58.464,m,ugh,0,,,,,,0,,,,,,,
779450,00:12:59.450,m,here you go,0,,,,,,1,you,,,,,,
779858,00:12:59.858,m,these xxx,0,,,,,,1,these,,,,,,
781082,00:13:01.82,m,let me do this,0,,,,,,2,me,this,,,,,
783122,00:13:03.122,m,yeah,0,,,,,,0,,,,,,,
784312,00:13:04.312,m,yeah you do it,0,,,,,,2,you,it,,,,,
785026,00:13:05.26,m,hold on,0,,,,,,0,,,,,,,
788086,00:13:08.86,m,alright,0,,,,,,0,,,,,,,
788562,00:13:08.562,m,you're doing it,0,,,,,,2,you,it,,,,,
789242,00:13:09.242,m,here you go,0,,,,,,1,you,,,,,,
794240,00:13:14.240,m,good job,1,job,,,,,0,,,,,,,
797436,00:13:17.436,m,nice,0,,,,,,0,,,,,,,
800394,00:13:20.394,m,what do you want me to hold?,0,,,,,,2,you,me,,,,,
816442,00:13:36.442,m,you done with the chalk?,1,chalk,,,,,1,you,,,,,,
825554,00:13:45.554,m,do you want,0,,,,,,1,you,,,,,,
826846,00:13:46.846,m,JT?,1,jt,,,,,0,,,,,,,
829634,00:13:49.634,m,what do you want?,0,,,,,,1,you,,,,,,
831504,00:13:51.504,m,oh,0,,,,,,0,,,,,,,
832422,00:13:52.422,m,MC Hammer?,1,mchammer,,,,,0,,,,,,,
833578,00:13:53.578,m,I don't know,0,,,,,,1,i,,,,,,
835584,00:13:55.584,m,I don't know if we've watched this one yet,1,one,,,,,3,i,we,this,,,,
838746,00:13:58.746,m,we have?,0,,,,,,1,we,,,,,,
841500,00:14:01.500,m,let's do,0,,,,,,0,,,,,,,
849660,00:14:09.660,m,whooh,0,,,,,,0,,,,,,,
849864,00:14:09.864,m,this one,1,one,,,,,1,this,,,,,,
850408,00:14:10.408,m,you like this one,1,one,,,,,1,you,this,,,,,
852992,00:14:12.992,m,yeah,0,,,,,,0,,,,,,,
853536,00:14:13.536,m,[gasp],0,,,,,,0,,,,,,,
854896,00:14:14.896,m,whooh this looks good,0,,,,,,1,this,,,,,,
881926,00:14:41.926,m,alright,0,,,,,,0,,,,,,,
882266,00:14:42.266,m,let's do something,0,,,,,,0,,,,,,,
883592,00:14:43.592,m,we're just leaving the music on though,1,music,,,,,1,we,,,,,,
885326,00:14:45.326,m,we're not watching TV right now,1,tv,,,,,1,we,,,,,,
888420,00:14:48.420,m,otherwise I gotta turn it off,0,,,,,,2,i,it,,,,,
889780,00:14:49.780,m,do you understand?,0,,,,,,1,you,,,,,,
892058,00:14:52.58,m,yes honey,1,honey,,,,,0,,,,,,,
894064,00:14:54.64,m,can you come play with Mommy please?,1,mommy,,,,,1,you,,,,,,
898008,00:14:58.8,m,Lu,1,lu,,,,,0,,,,,,,
899878,00:14:59.878,m,we get to watch TV later,1,tv,,,,,1,we,,,,,,
901476,00:15:01.476,m,we're not this is not TV time,2,tv,time,,,,2,we,this,,,,,
904944,00:15:04.944,m,alright,0,,,,,,0,,,,,,,
905216,00:15:05.216,m,say bye bye,0,,,,,,0,,,,,,,
909398,00:15:09.398,m,do you want me to just put Pandora on?,1,pandora,,,,,2,you,me,,,,,
911302,00:15:11.302,m,you can have music on,1,music,,,,,1,you,,,,,,
912458,00:15:12.458,m,but we should do other things,1,things,,,,,1,we,,,,,,
915076,00:15:15.76,m,we can start four new books from the library,2,books,library,,,,1,we,,,,,,
917490,00:15:17.490,m,do you wanna read them?,0,,,,,,2,you,them,,,,,
920210,00:15:20.210,m,yeah?,0,,,,,,0,,,,,,,
920482,00:15:20.482,m,me too,0,,,,,,1,me,,,,,,
921060,00:15:21.60,m,alright,0,,,,,,0,,,,,,,
921332,00:15:21.332,m,xxx say bye bye,0,,,,,,0,,,,,,,
922930,00:15:22.930,m,wave bye bye,0,,,,,,0,,,,,,,
925820,00:15:25.820,m,yeah,0,,,,,,0,,,,,,,
926160,00:15:26.160,m,we're gonna,0,,,,,,1,we,,,,,,
926738,00:15:26.738,m,well dance party after dinner,3,dance,party,dinner,,,1,we,,,,,,
929424,00:15:29.424,m,okay?,0,,,,,,0,,,,,,,
930376,00:15:30.376,m,Mama xxx,1,mama,,,,,0,,,,,,,
931464,00:15:31.464,m,right?,0,,,,,,0,,,,,,,
933470,00:15:33.470,m,alright,0,,,,,,0,,,,,,,
934354,00:15:34.354,m,bye JT,1,jt,,,,,0,,,,,,,
936020,00:15:36.20,m,say bye bye,0,,,,,,0,,,,,,,
941290,00:15:41.290,m,alright,0,,,,,,0,,,,,,,
946594,00:15:46.594,m,I know,0,,,,,,1,i,,,,,,
947036,00:15:47.36,m,I understand,0,,,,,,1,i,,,,,,
947818,00:15:47.818,m,it's frustrating,0,,,,,,0,,,,,,,
948600,00:15:48.600,m,I understand your feelings,1,feelings,,,,,2,i,your,,,,,
952442,00:15:52.442,m,oh okay,0,,,,,,0,,,,,,,
954516,00:15:54.516,m,oh,0,,,,,,0,,,,,,,
955060,00:15:55.60,m,computer fell asleep,1,computer,,,,,0,,,,,,,
957168,00:15:57.168,m,he's sleeping,0,,,,,,1,he,,,,,,
957678,00:15:57.678,m,he's taking a nap,1,nap,,,,,1,he,,,,,,
960534,00:16:00.534,m,yeah,0,,,,,,0,,,,,,,
960840,00:16:00.840,m,I can put your,0,,,,,,2,i,your,,,,,
962404,00:16:02.404,m,listen,0,,,,,,0,,,,,,,
963118,00:16:03.118,m,listen,0,,,,,,0,,,,,,,
963628,00:16:03.628,m,I can put music on,1,music,,,,,1,i,,,,,,
964818,00:16:04.818,m,would you like music?,1,music,,,,,1,you,,,,,,
967742,00:16:07.742,m,alright,0,,,,,,0,,,,,,,
967946,00:16:07.946,m,I'm gonna put it on,0,,,,,,2,i,it,,,,,
968864,00:16:08.864,m,not on that one,1,one,,,,,1,that,,,,,,
969748,00:16:09.748,m,but on something else,0,,,,,,0,,,,,,,
970768,00:16:10.768,m,okay?,0,,,,,,0,,,,,,,
971652,00:16:11.652,m,agreed,0,,,,,,0,,,,,,,
972264,00:16:12.264,m,good,0,,,,,,0,,,,,,,
976004,00:16:16.4,m,well,0,,,,,,0,,,,,,,
976514,00:16:16.514,m,Daddy's not here,1,daddy,,,,,0,,,,,,,
977466,00:16:17.466,m,so we're not gonna play his computer,1,computer,,,,,2,we,his,,,,,
979948,00:16:19.948,m,but,0,,,,,,0,,,,,,,
981512,00:16:21.512,m,I'm gonna put on music,1,music,,,,,1,i,,,,,,
982668,00:16:22.668,m,oh,0,,,,,,0,,,,,,,
983314,00:16:23.314,m,on pandora,1,pandora,,,,,0,,,,,,,
985898,00:16:25.898,m,yeah,0,,,,,,0,,,,,,,
990794,00:16:30.794,m,well that's,0,,,,,,1,that,,,,,,
991474,00:16:31.474,m,we're not touching that,0,,,,,,2,we,that,,,,,
992494,00:16:32.494,m,that's not ours,0,,,,,,2,that,ours,,,,,
993922,00:16:33.922,m,that's for adults only,1,adults,,,,,1,that,,,,,,
994840,00:16:34.840,m,not babies,1,babies,,,,,0,,,,,,,
1001402,00:16:41.402,m,do you wanna read a book?,1,book,,,,,1,you,,,,,,
1005142,00:16:45.142,m,you can put them on,0,,,,,,2,you,them,,,,,
1006298,00:16:46.298,m,hold on,0,,,,,,0,,,,,,,
1006638,00:16:46.638,m,hold on,0,,,,,,0,,,,,,,
1008406,00:16:48.406,m,here you go,0,,,,,,1,you,,,,,,
1010684,00:16:50.684,m,hand it to Mommy when you're done please,1,mommy,,,,,2,it,you,,,,,
1016464,00:16:56.464,m,okay,0,,,,,,0,,,,,,,
1020476,00:17:00.476,m,you want your speaker?,1,speaker,,,,,2,you,your,,,,,
1023570,00:17:03.570,m,you want your speaker?,1,speaker,,,,,2,you,your,,,,,
1026868,00:17:06.868,m,here,0,,,,,,0,,,,,,,
1029418,00:17:09.418,m,this is just music,1,music,,,,,1,this,,,,,,
1030608,00:17:10.608,m,this is not what you think it is,0,,,,,,3,this,you,it,,,,
1048186,00:17:28.186,m,is it playing?,0,,,,,,1,it,,,,,,
1048866,00:17:28.866,m,there you go,0,,,,,,1,you,,,,,,
1052130,00:17:32.130,m,do you wanna raise the volume?,1,volume,,,,,1,you,,,,,,
1053354,00:17:33.354,m,you can press the button,1,button,,,,,1,you,,,,,,
1056176,00:17:36.176,m,yeah,0,,,,,,0,,,,,,,
1056720,00:17:36.720,m,oh,0,,,,,,0,,,,,,,
1057536,00:17:37.536,m,right there,0,,,,,,0,,,,,,,
1058114,00:17:38.114,m,press that one please,1,one,,,,,1,that,,,,,,
1061378,00:17:41.378,m,wow,0,,,,,,0,,,,,,,
1061922,00:17:41.922,m,get louder,0,,,,,,0,,,,,,,
1064846,00:17:44.846,m,yeah?,0,,,,,,0,,,,,,,
1065492,00:17:45.492,m,that's right,0,,,,,,0,,,,,,,
1066954,00:17:46.954,m,that's right,0,,,,,,0,,,,,,,
1068212,00:17:48.212,m,okay,0,,,,,,0,,,,,,,
1068688,00:17:48.688,m,let's see what books you got today,1,books,,,,,1,you,,,,,,
1071578,00:17:51.578,m,totally different books,1,books,,,,,0,,,,,,,
1072836,00:17:52.836,m,from the other ones,1,ones,,,,,0,,,,,,,
1075352,00:17:55.352,m,do you wanna come see?,0,,,,,,1,you,,,,,,
1079806,00:17:59.806,m,we got,0,,,,,,1,we,,,,,,
1081642,00:18:01.642,m,seventy nine,0,,,,,,0,,,,,,,
1087048,00:18:07.48,m,Calvin can't fly the story of a bookworm birdie,4,calvin,story,bookworm,birdie,,0,,,,,,,
1092318,00:18:12.318,m,it might be good,0,,,,,,1,it,,,,,,
1093576,00:18:13.576,m,we're gonna see,0,,,,,,1,we,,,,,,
1095412,00:18:15.412,m,good night already,1,night,,,,,0,,,,,,,
1097146,00:18:17.146,m,[laugh],0,,,,,,0,,,,,,,
1097996,00:18:17.996,m,that's a easy one right?,1,one,,,,,1,that,,,,,,
1100614,00:18:20.614,m,and goal,1,goal,,,,,0,,,,,,,
1103062,00:18:23.62,m,yeah,0,,,,,,0,,,,,,,
1104218,00:18:24.218,m,you like soccer,1,soccer,,,,,1,you,,,,,,
1105408,00:18:25.408,m,footballie,1,footballie,,,,,0,,,,,,,
1106700,00:18:26.700,m,okay should we read it?,0,,,,,,2,we,it,,,,,
1108978,00:18:28.978,m,yes?,0,,,,,,0,,,,,,,
1109590,00:18:29.590,m,okay,0,,,,,,0,,,,,,,
1110712,00:18:30.712,m,okay,0,,,,,,0,,,,,,,
1112072,00:18:32.72,m,alright,0,,,,,,0,,,,,,,
1112684,00:18:32.684,m,here we go,0,,,,,,1,we,,,,,,
1114588,00:18:34.588,m,goal,0,,,,,,0,,,,,,,
1120708,00:18:40.708,m,can I lower the music?,1,music,,,,,1,i,,,,,,
1124652,00:18:44.652,m,so I'm not competing,0,,,,,,1,i,,,,,,
1125910,00:18:45.910,m,I won't turn it off,0,,,,,,2,i,it,,,,,
1126964,00:18:46.964,m,just,0,,,,,,0,,,,,,,
1127746,00:18:47.746,m,lower,0,,,,,,0,,,,,,,
1128800,00:18:48.800,m,okay,0,,,,,,0,,,,,,,
1196018,00:19:56.18,m,hey you know what?,0,,,,,,1,you,,,,,,
1196630,00:19:56.630,m,can I put those away?,0,,,,,,2,i,those,,,,,
1198058,00:19:58.58,m,cus if we break them,0,,,,,,2,we,them,,,,,
1198976,00:19:58.976,m,Daddy's gonna be sad,1,daddy,,,,,0,,,,,,,
1202036,00:20:02.36,m,can you be gentle?,0,,,,,,1,you,,,,,,
1204416,00:20:04.416,m,are we done?,0,,,,,,1,we,,,,,,
1205742,00:20:05.742,m,oh,0,,,,,,0,,,,,,,
1206014,00:20:06.14,m,I like your new glasses,1,glasses,,,,,2,i,your,,,,,
1208088,00:20:08.88,m,oh,0,,,,,,0,,,,,,,
1208904,00:20:08.904,m,how's the xxx,0,,,,,,0,,,,,,,
1209618,00:20:09.618,m,how's the world look through those?,1,world,,,,,1,those,,,,,,
1211896,00:20:11.896,m,pretty dark and xxx huh?,0,,,,,,0,,,,,,,
1215704,00:20:15.704,m,do you want to put them up on Daddy's desk?,2,daddy,desk,,,,2,you,them,,,,,
1224476,00:20:24.476,m,do you want your sunglasses?,1,sunglasses,,,,,2,you,your,,,,,
1250044,00:20:50.44,m,alright you don't have to xxx,0,,,,,,1,you,,,,,,
1252662,00:20:52.662,m,oh you're not tired,0,,,,,,1,you,,,,,,
1292850,00:21:32.850,m,what you doing xxx,0,,,,,,1,you,,,,,,
1297236,00:21:37.236,m,are you getting Paci xxx?,1,paci,,,,,1,you,,,,,,
1301044,00:21:41.44,m,just come out,0,,,,,,0,,,,,,,
1301554,00:21:41.554,m,just bring them,0,,,,,,1,them,,,,,,
1302098,00:21:42.98,m,it's fine,0,,,,,,0,,,,,,,
1302914,00:21:42.914,m,I know you're tired,0,,,,,,2,i,you,,,,,
1305294,00:21:45.294,m,alright,0,,,,,,0,,,,,,,
1305736,00:21:45.736,m,come on,0,,,,,,0,,,,,,,
1309680,00:21:49.680,m,xxx okay,0,,,,,,0,,,,,,,
1311788,00:21:51.788,m,alright,0,,,,,,0,,,,,,,
1312094,00:21:52.94,m,can I kiss?,0,,,,,,1,i,,,,,,
1367242,00:22:47.242,m,what are you getting now?,0,,,,,,1,you,,,,,,
1371764,00:22:51.764,m,did you get xxx?,0,,,,,,1,you,,,,,,
1373294,00:22:53.294,m,oh you got another paci?,1,paci,,,,,1,you,,,,,,
1374620,00:22:54.620,m,okay come on,0,,,,,,0,,,,,,,
1378700,00:22:58.700,m,you know what?,0,,,,,,1,you,,,,,,
1379244,00:22:59.244,m,you can just sit on the couch and chill,1,couch,,,,,1,you,,,,,,
1384650,00:23:04.650,m,do you wanna sit on your pillows?,1,pillows,,,,,2,you,your,,,,,
1393898,00:23:13.898,m,yes?,0,,,,,,0,,,,,,,
1394476,00:23:14.476,m,which pillows?,1,pillows,,,,,0,,,,,,,
1395428,00:23:15.428,m,which ones?,1,ones,,,,,0,,,,,,,
1397944,00:23:17.944,m,Mommy Daddy's pillows?,3,mommy,daddy,pillows,,,0,,,,,,,
1401106,00:23:21.106,m,here,0,,,,,,0,,,,,,,
1401276,00:23:21.276,m,come with me here,0,,,,,,1,me,,,,,,
1404200,00:23:24.200,m,oh,0,,,,,,0,,,,,,,
1405900,00:23:25.900,m,there you go,0,,,,,,1,you,,,,,,
1414706,00:23:34.706,m,should we do like a different book right now?,1,book,,,,,1,we,,,,,,
1416474,00:23:36.474,m,I think this one you have to be,1,one,,,,,3,i,this,you,,,,
1418752,00:23:38.752,m,paying attention,0,,,,,,0,,,,,,,
1426912,00:23:46.912,m,alright,0,,,,,,0,,,,,,,
1427354,00:23:47.354,m,alright alright,0,,,,,,0,,,,,,,
1427762,00:23:47.762,m,hang on,0,,,,,,0,,,,,,,
1428136,00:23:48.136,m,let's do seven eight nine,0,,,,,,0,,,,,,,
1430278,00:23:50.278,m,we'll do that one later,1,one,,,,,2,we,that,,,,,
1435854,00:23:55.854,m,this is a perfect dad joke book,3,dad,joke,book,,,1,this,,,,,,
1499128,00:24:59.128,m,what are you doing now?,0,,,,,,1,you,,,,,,
1513374,00:25:13.374,m,xxx,0,,,,,,0,,,,,,,
1516060,00:25:16.60,m,oh Lu,1,lu,,,,,0,,,,,,,
1644818,00:27:24.818,m,oh yeah,0,,,,,,0,,,,,,,
1646416,00:27:26.416,m,whooh,0,,,,,,0,,,,,,,
1648388,00:27:28.388,m,I like it,0,,,,,,2,i,it,,,,,
1648932,00:27:28.932,m,they are under the table,1,table,,,,,1,they,,,,,,
1681640,00:28:01.640,m,you had,0,,,,,,1,you,,,,,,
1682524,00:28:02.524,m,how how did they look?,0,,,,,,1,they,,,,,,
1683238,00:28:03.238,m,did they look good in the mirror?,1,mirror,,,,,1,they,,,,,,
1684904,00:28:04.904,m,new glasses?,1,glasses,,,,,0,,,,,,,
1685754,00:28:05.754,m,they looked good?,0,,,,,,1,they,,,,,,
1774052,00:29:34.52,m,this is full of good dad jokes,2,dad,jokes,,,,1,this,,,,,,
1775820,00:29:35.820,m,your Dad's gonna love it,1,dad,,,,,2,your,it,,,,,
1777282,00:29:37.282,m,at last,0,,,,,,0,,,,,,,
1801490,00:30:01.490,m,oh I like this one,1,one,,,,,2,i,this,,,,,
1804958,00:30:04.958,m,this is a good one,1,one,,,,,1,this,,,,,,
1816994,00:30:16.994,m,alright,0,,,,,,0,,,,,,,
1817300,00:30:17.300,m,should we try good night already?,1,night,,,,,1,we,,,,,,
1831886,00:30:31.886,m,okay,0,,,,,,0,,,,,,,
1838652,00:30:38.652,m,does that one taste better than the other one?,2,one,one,,,,1,that,,,,,,
1841372,00:30:41.372,m,yeah?,0,,,,,,0,,,,,,,
1848138,00:30:48.138,m,do you wanna color instead?,0,,,,,,1,you,,,,,,
1849532,00:30:49.532,m,or play blocks?,1,blocks,,,,,0,,,,,,,
1850858,00:30:50.858,m,what do you wanna do?,0,,,,,,1,you,,,,,,
1852320,00:30:52.320,m,do you want me to keep reading?,0,,,,,,2,you,me,,,,,
1854088,00:30:54.88,m,you wanna play blocks?,1,blocks,,,,,1,you,,,,,,
1856400,00:30:56.400,m,okay,0,,,,,,0,,,,,,,
1857012,00:30:57.12,m,we'll read later?,0,,,,,,1,we,,,,,,
1867246,00:31:07.246,m,alright,0,,,,,,0,,,,,,,
1870612,00:31:10.612,m,can you pull that out for me?,0,,,,,,3,you,that,me,,,,
1871802,00:31:11.802,m,or you want me to do it?,0,,,,,,3,you,me,it,,,,
1877650,00:31:17.650,m,okay,0,,,,,,0,,,,,,,
1878772,00:31:18.772,m,let me help you,0,,,,,,2,me,you,,,,,
1879690,00:31:19.690,m,excuse me xxx,0,,,,,,1,me,,,,,,
1881288,00:31:21.288,m,alright,0,,,,,,0,,,,,,,
1883804,00:31:23.804,m,you wanna wear your hat?,1,hat,,,,,2,you,your,,,,,
1888190,00:31:28.190,m,okay,0,,,,,,0,,,,,,,
1890638,00:31:30.638,m,what do we have here?,0,,,,,,1,we,,,,,,
1892134,00:31:32.134,m,Lu,1,lu,,,,,0,,,,,,,
1897506,00:31:37.506,m,ugh,0,,,,,,0,,,,,,,
1898560,00:31:38.560,m,xxx soccer xxx,1,soccer,,,,,0,,,,,,,
1901314,00:31:41.314,m,whooh,0,,,,,,0,,,,,,,
1901790,00:31:41.790,m,where is my car?,1,car,,,,,1,my,,,,,,
1904782,00:31:44.782,m,do you wanna get me one please?,1,one,,,,,2,you,me,,,,,
1906890,00:31:46.890,m,off the shelf,1,shelf,,,,,0,,,,,,,
1907638,00:31:47.638,m,look on the shelf for another car please,2,shelf,car,,,,0,,,,,,,
1909712,00:31:49.712,m,or an airplane,1,airplane,,,,,0,,,,,,,
1910664,00:31:50.664,m,or a helicopter,1,helicopter,,,,,0,,,,,,,
1915288,00:31:55.288,m,hat?,1,hat,,,,,0,,,,,,,
1921476,00:32:01.476,m,there you go,0,,,,,,1,you,,,,,,
1922462,00:32:02.462,m,yep,0,,,,,,0,,,,,,,
1923720,00:32:03.720,m,here,0,,,,,,0,,,,,,,
1928922,00:32:08.922,m,oh your bell,1,bell,,,,,1,your,,,,,,
1929738,00:32:09.738,m,oh your bells,1,bells,,,,,1,your,,,,,,
1931132,00:32:11.132,m,bells,1,bells,,,,,0,,,,,,,
1932356,00:32:12.356,m,here,0,,,,,,0,,,,,,,
1942658,00:32:22.658,m,monkey?,1,monkey,,,,,0,,,,,,,
1949322,00:32:29.322,m,I don't know xxx,0,,,,,,1,i,,,,,,
1952654,00:32:32.654,m,yeah,0,,,,,,0,,,,,,,
1953878,00:32:33.878,m,I don't know,0,,,,,,1,i,,,,,,
1954184,00:32:34.184,m,you show me,0,,,,,,2,you,me,,,,,
1960440,00:32:40.440,m,alright,0,,,,,,0,,,,,,,
1969110,00:32:49.110,m,can we do it a little later?,0,,,,,,2,we,it,,,,,
1971558,00:32:51.558,m,then Mama's gonna clean all thsoe up,1,mama,,,,,1,thsoe,,,,,,
1983900,00:33:03.900,m,whooh bless you,0,,,,,,1,you,,,,,,
2050982,00:34:10.982,m,alright,0,,,,,,0,,,,,,,
2051662,00:34:11.662,m,can I have your paci while we play please?,1,paci,,,,,3,i,your,we,,,,
2060774,00:34:20.774,m,can I plea/se,0,,,,,,1,i,,,,,,
2061420,00:34:21.420,m,oh,0,,,,,,0,,,,,,,
2063256,00:34:23.256,m,may I please have your paci?,1,paci,,,,,2,i,your,,,,,
2067846,00:34:27.846,m,do you wanna put it back yourself?,0,,,,,,3,you,it,yourself,,,,
2070974,00:34:30.974,m,I don't think you need it right now,0,,,,,,3,i,you,it,,,,
2074238,00:34:34.238,m,I'm not understanding anything you're saying,0,,,,,,2,i,you,,,,,
2077842,00:34:37.842,m,if you have your paci in your mouth,2,paci,mouth,,,,3,you,your,your,,,,
2081140,00:34:41.140,m,I have an idea,1,idea,,,,,1,i,,,,,,
2083962,00:34:43.962,m,I'm going shopping,0,,,,,,1,i,,,,,,
2084812,00:34:44.812,m,I would like to buy a pacifier,1,pacifer,,,,,1,i,,,,,,
2086138,00:34:46.138,m,can you put it in my bag please?,1,bag,,,,,3,you,it,my,,,,
2088654,00:34:48.654,m,thank you,0,,,,,,1,you,,,,,,
2090252,00:34:50.252,m,oh and a book?,1,book,,,,,0,,,,,,,
2091544,00:34:51.544,m,thank you,0,,,,,,1,you,,,,,,
2093040,00:34:53.40,m,whooh,0,,,,,,0,,,,,,,
2094162,00:34:54.162,m,wow,0,,,,,,0,,,,,,,
2094604,00:34:54.604,m,that was a good deal,1,deal,,,,,1,that,,,,,,
2095760,00:34:55.760,m,whooh,0,,,,,,0,,,,,,,
2096236,00:34:56.236,m,yep,0,,,,,,0,,,,,,,
2096474,00:34:56.474,m,what else do I get?,0,,,,,,1,i,,,,,,
2100486,00:35:00.486,m,yes?,0,,,,,,0,,,,,,,
2100928,00:35:00.928,m,thank you,0,,,,,,1,you,,,,,,
2106470,00:35:06.470,m,great,0,,,,,,0,,,,,,,
2109156,00:35:09.156,m,it goes in there?,0,,,,,,1,it,,,,,,
2110312,00:35:10.312,m,for later?,0,,,,,,0,,,,,,,
2110856,00:35:10.856,m,okay,0,,,,,,0,,,,,,,
2111366,00:35:11.366,m,thank you,0,,,,,,1,you,,,,,,
2112658,00:35:12.658,m,yeah bye,0,,,,,,0,,,,,,,
2122008,00:35:22.8,m,I put it away,0,,,,,,2,i,it,,,,,
2123300,00:35:23.300,m,it's good,0,,,,,,1,it,,,,,,
2123980,00:35:23.980,m,because I put it away,0,,,,,,2,i,it,,,,,
2125408,00:35:25.408,m,for later,0,,,,,,0,,,,,,,
2127312,00:35:27.312,m,yeah,0,,,,,,0,,,,,,,
2127652,00:35:27.652,m,it went in there,0,,,,,,1,it,,,,,,
2128230,00:35:28.230,m,oh you want Mommy to go in there,1,mommy,,,,,1,you,,,,,,
2129930,00:35:29.930,m,oh okay,0,,,,,,0,,,,,,,
2138838,00:35:38.838,m,whooh wah,0,,,,,,0,,,,,,,
2143292,00:35:43.292,m,alright,0,,,,,,0,,,,,,,
2145706,00:35:45.706,m,you wanna do it again?,0,,,,,,2,you,it,,,,,
2148698,00:35:48.698,m,oh you do it,0,,,,,,2,you,it,,,,,
2149412,00:35:49.412,m,okay,0,,,,,,0,,,,,,,
2151486,00:35:51.486,m,bye,0,,,,,,0,,,,,,,
2166582,00:36:06.582,m,oh where is Lula?,1,lula,,,,,0,,,,,,,
2168282,00:36:08.282,m,I haven't seen her today,0,,,,,,2,i,her,,,,,
2179672,00:36:19.672,m,[laugh],0,,,,,,0,,,,,,,
2179910,00:36:19.910,m,Lula,1,lula,,,,,0,,,,,,,
2187458,00:36:27.458,m,ah,0,,,,,,0,,,,,,,
2189498,00:36:29.498,m,oh no,0,,,,,,0,,,,,,,
2189804,00:36:29.804,m,that's my shopping bag,1,shoppingbag,,,,,2,that,my,,,,,
2191504,00:36:31.504,m,that's all my stuff,1,stuff,,,,,2,that,my,,,,,
2193442,00:36:33.442,m,you can't have it,0,,,,,,2,you,it,,,,,
2196298,00:36:36.298,m,Mama just bought that stuff,2,mama,stuff,,,,1,that,,,,,,
2198916,00:36:38.916,m,I just bought that paci,1,paci,,,,,2,i,that,,,,,
2200854,00:36:40.854,m,alright come here,0,,,,,,0,,,,,,,
2201840,00:36:41.840,m,come here,0,,,,,,0,,,,,,,
2203812,00:36:43.812,m,here,0,,,,,,0,,,,,,,
2212856,00:36:52.856,m,oh are you having a moment?,1,moment,,,,,1,you,,,,,,
2215474,00:36:55.474,m,do you need a timeout?,1,timeout,,,,,1,you,,,,,,
2217514,00:36:57.514,m,you wanna take a nap?,1,nap,,,,,1,you,,,,,,
2218908,00:36:58.908,m,alright,0,,,,,,0,,,,,,,
2219248,00:36:59.248,m,why don't you take a nap?,1,nap,,,,,1,you,,,,,,
2220880,00:37:00.880,m,you're having a moment,1,moment,,,,,1,you,,,,,,
2223498,00:37:03.498,m,alright,0,,,,,,0,,,,,,,
2223872,00:37:03.872,m,here,0,,,,,,0,,,,,,,
2224552,00:37:04.552,m,xxx,0,,,,,,0,,,,,,,
2226694,00:37:06.694,m,and do you want,0,,,,,,1,you,,,,,,
2227612,00:37:07.612,m,how's your diper?,1,diper,,,,,1,your,,,,,,
2229278,00:37:09.278,m,do you want,0,,,,,,1,you,,,,,,
2230366,00:37:10.366,m,um,0,,,,,,0,,,,,,,
2231896,00:37:11.896,m,oh look what I went to the store and got for you today?,1,store,,,,,2,i,you,,,,,
2234378,00:37:14.378,m,[gasp],0,,,,,,0,,,,,,,
2235840,00:37:15.840,m,is that,0,,,,,,1,that,,,,,,
2236282,00:37:16.282,m,am I the best Mommy in the world?,2,mommy,world,,,,1,i,,,,,,
2238968,00:37:18.968,m,what do you mean you don't know?,0,,,,,,2,you,you,,,,,
2240328,00:37:20.328,m,you mean yes?,0,,,,,,1,you,,,,,,
2242538,00:37:22.538,m,um,0,,,,,,0,,,,,,,
2243626,00:37:23.626,m,would you like some milk?,1,milk,,,,,1,you,,,,,,
2245190,00:37:25.190,m,that's bedtime stuff babe,3,bedtime,stuff,babe,,,1,that,,,,,,
2249746,00:37:29.746,m,oh are you saying bye?,0,,,,,,1,you,,,,,,
2250800,00:37:30.800,m,very good,0,,,,,,0,,,,,,,
2251242,00:37:31.242,m,thank you,0,,,,,,1,you,,,,,,
2252296,00:37:32.296,m,alright,0,,,,,,0,,,,,,,
2253146,00:37:33.146,m,take a little nap,1,nap,,,,,0,,,,,,,
2253826,00:37:33.826,m,you want like thrity minute?,1,minute,,,,,1,you,,,,,,
2256750,00:37:36.750,m,you changed your mind?,1,mind,,,,,2,you,your,,,,,
2262564,00:37:42.564,m,do you want,0,,,,,,1,you,,,,,,
2263754,00:37:43.754,m,yes,0,,,,,,0,,,,,,,
2297210,00:38:17.210,m,okay,0,,,,,,0,,,,,,,
2298128,00:38:18.128,m,you want a blankie?,1,blankie,,,,,1,you,,,,,,
2305880,00:38:25.880,m,alright,0,,,,,,0,,,,,,,
2311184,00:38:31.184,m,this one right?,1,one,,,,,1,this,,,,,,
2314380,00:38:34.380,m,you want Mommy to read?,1,mommy,,,,,1,you,,,,,,
2316930,00:38:36.930,m,alright,0,,,,,,0,,,,,,,
2409886,00:40:09.886,m,yeah,0,,,,,,0,,,,,,,
2436372,00:40:36.372,m,Mama was gonna sneeze,2,mama,sneeze,,,,0,,,,,,,
2437936,00:40:37.936,m,uhoh,0,,,,,,0,,,,,,,
2439500,00:40:39.500,m,what am I gonna do?,0,,,,,,1,i,,,,,,
2441540,00:40:41.540,m,[gasp],0,,,,,,0,,,,,,,
2443036,00:40:43.36,m,uh,0,,,,,,0,,,,,,,
2443852,00:40:43.852,m,uh,0,,,,,,0,,,,,,,
2446028,00:40:46.28,m,choo,0,,,,,,0,,,,,,,
2446946,00:40:46.946,m,that didn't come out,0,,,,,,1,that,,,,,,
2499374,00:41:39.374,m,yeah?,0,,,,,,0,,,,,,,
2499816,00:41:39.816,m,you think so?,0,,,,,,1,you,,,,,,
2565164,00:42:45.164,m,spaghetti meatballs,2,spaghetti,meatballs,,,,0,,,,,,,
2566252,00:42:46.252,m,you want that for dinner tonight?,1,dinner,,,,,2,you,that,,,,,
2568496,00:42:48.496,m,yeah?,0,,,,,,0,,,,,,,
2568802,00:42:48.802,m,okay,0,,,,,,0,,,,,,,
2569652,00:42:49.652,m,I'll take it out of the freezer,1,freezer,,,,,2,i,it,,,,,
2788136,00:46:28.136,m,what,0,,,,,,0,,,,,,,
2788510,00:46:28.510,m,what letters,1,letters,,,,,0,,,,,,,
2789462,00:46:29.462,m,is the beginning of the bebe?,1,bebe,,,,,0,,,,,,,
2793712,00:46:33.712,m,a@,0,,,,,,0,,,,,,,
2794528,00:46:34.528,m,b@,0,,,,,,0,,,,,,,
2865690,00:47:45.690,m,you liked that one huh?,1,one,,,,,1,you,that,,,,,
2867866,00:47:47.866,m,that's a good one,1,one,,,,,1,that,,,,,,
2870042,00:47:50.42,m,and another one?,1,one,,,,,0,,,,,,,
2871504,00:47:51.504,m,alright,0,,,,,,0,,,,,,,
2871878,00:47:51.878,m,which one?,1,one,,,,,0,,,,,,,
2872456,00:47:52.456,m,you want dumbo?,1,dumbo,,,,,1,you,,,,,,
2875244,00:47:55.244,m,do you want,0,,,,,,1,you,,,,,,
2876298,00:47:56.298,m,pinocchio?,1,pinocchio,,,,,0,,,,,,,
2878236,00:47:58.236,m,you want pinocchio?,1,pinocchio,,,,,1,you,,,,,,
2879868,00:47:59.868,m,yeah?,0,,,,,,0,,,,,,,
2880786,00:48:00.786,m,I don't know,0,,,,,,1,i,,,,,,
2881262,00:48:01.262,m,do you want pio pinocchio?,2,pio,pinocchio,,,,1,you,,,,,,
2883608,00:48:03.608,m,yeah,0,,,,,,0,,,,,,,
2884934,00:48:04.934,m,just kidding,0,,,,,,0,,,,,,,
2885988,00:48:05.988,m,[laugh],0,,,,,,0,,,,,,,
2888164,00:48:08.164,m,it's hard to understand you cus you get your paci in your mouth,2,paci,mouth,,,,4,you,you,your,your,,,
2892584,00:48:12.584,m,xxx,0,,,,,,0,,,,,,,
2893570,00:48:13.570,m,alright,0,,,,,,0,,,,,,,
2894454,00:48:14.454,m,I'll get pinocchio,1,pinocchio,,,,,1,i,,,,,,
2895746,00:48:15.746,m,you wanna a sip of water?,2,sip,water,,,,1,you,,,,,,
2913528,00:48:33.528,m,alright,0,,,,,,0,,,,,,,
2923592,00:48:43.592,m,are you hungry?,0,,,,,,1,you,,,,,,
2924374,00:48:44.374,m,do you want something else to eat?,0,,,,,,1,you,,,,,,
2928590,00:48:48.590,m,do you want a different,0,,,,,,1,you,,,,,,
2929168,00:48:49.168,m,do you want some cucumber and humus?,2,cucumber,humus,,,,1,you,,,,,,
2933248,00:48:53.248,m,you want those still?,0,,,,,,2,you,those,,,,,
2934744,00:48:54.744,m,you want I think you're over them,0,,,,,,4,you,i,you,them,,,
2937294,00:48:57.294,m,yep,0,,,,,,0,,,,,,,
2937464,00:48:57.464,m,you're done,0,,,,,,1,you,,,,,,
2938008,00:48:58.8,m,you're gonna,0,,,,,,1,you,,,,,,
2938756,00:48:58.756,m,alright,0,,,,,,0,,,,,,,
2939674,00:48:59.674,m,you're not,0,,,,,,1,you,,,,,,
2940116,00:49:00.116,m,alright,0,,,,,,0,,,,,,,
2940422,00:49:00.422,m,got it,0,,,,,,1,it,,,,,,
2941918,00:49:01.918,m,okay,0,,,,,,0,,,,,,,
2942972,00:49:02.972,m,pinocchio?,1,pinocchio,,,,,0,,,,,,,
2944366,00:49:04.366,m,alright,0,,,,,,0,,,,,,,
2944808,00:49:04.808,m,lean back,0,,,,,,0,,,,,,,
2950452,00:49:10.452,m,totoro,1,totoro,,,,,0,,,,,,,
2951506,00:49:11.506,m,does totoro get to read?,1,totoro,,,,,0,,,,,,,
2953852,00:49:13.852,m,yeah,0,,,,,,0,,,,,,,
2954566,00:49:14.566,m,there you go,0,,,,,,1,you,,,,,,
2955110,00:49:15.110,m,get comfy,0,,,,,,0,,,,,,,
2957252,00:49:17.252,m,alright,0,,,,,,0,,,,,,,
2958272,00:49:18.272,m,pinocchio,1,pinocchio,,,,,0,,,,,,,
2960856,00:49:20.856,m,it's a good one,1,one,,,,,1,it,,,,,,
2965004,00:49:25.4,m,alright,0,,,,,,0,,,,,,,
2965344,00:49:25.344,m,where are we?,0,,,,,,1,we,,,,,,
3028040,00:50:28.40,m,are they,0,,,,,,1,they,,,,,,
3028992,00:50:28.992,m,xxx you have one beautiful eyebrow,1,eyebrow,,,,,1,you,,,,,,
3030794,00:50:30.794,m,right up there,0,,,,,,0,,,,,,,
3032358,00:50:32.358,m,okay,0,,,,,,0,,,,,,,
3033446,00:50:33.446,m,and a mouth,1,mouth,,,,,0,,,,,,,
3034160,00:50:34.160,m,where's your mouth?,1,mouth,,,,,1,your,,,,,,
3036336,00:50:36.336,m,no,0,,,,,,0,,,,,,,
3036744,00:50:36.744,m,I don't see it,0,,,,,,2,i,it,,,,,
3037594,00:50:37.594,m,your paci is in the way,2,paci,way,,,,1,your,,,,,,
3038920,00:50:38.920,m,do you wanna move your pa/ci,1,paci,,,,,2,you,your,,,,,
3039974,00:50:39.974,m,paci?,1,paci,,,,,0,,,,,,,
3041402,00:50:41.402,m,where's your mouth?,1,mouth,,,,,1,your,,,,,,
3043476,00:50:43.476,m,where are your teeth?,1,teeth,,,,,1,your,,,,,,
3045754,00:50:45.754,m,where's your tongue?,1,tongue,,,,,1,your,,,,,,
3047590,00:50:47.590,m,where's your nose?,1,nose,,,,,1,your,,,,,,
3049834,00:50:49.834,m,where's your head?,1,head,,,,,1,your,,,,,,
3051874,00:50:51.874,m,where is your hair?,1,hair,,,,,1,your,,,,,,
3054662,00:50:54.662,m,where's,0,,,,,,0,,,,,,,
3055206,00:50:55.206,m,your ears?,1,ears,,,,,1,your,,,,,,
3058232,00:50:58.232,m,what about your chin?,1,chin,,,,,1,your,,,,,,
3060986,00:51:00.986,m,that's your neck,1,neck,,,,,2,that,your,,,,,
3061734,00:51:01.734,m,but you hit your chin first,1,chin,,,,,2,you,your,,,,,
3063332,00:51:03.332,m,what about your elbows?,1,elbows,,,,,1,your,,,,,,
3065746,00:51:05.746,m,that's your wrist,1,wrist,,,,,2,that,your,,,,,
3066868,00:51:06.868,m,elbows,1,elbows,,,,,0,,,,,,,
3068432,00:51:08.432,m,here,0,,,,,,0,,,,,,,
3070472,00:51:10.472,m,yeah,0,,,,,,0,,,,,,,
3071594,00:51:11.594,m,very good,0,,,,,,0,,,,,,,
3261144,00:54:21.144,m,do you want some apple?,1,apple,,,,,1,you,,,,,,
3262742,00:54:22.742,m,wanna eat an apple?,1,apple,,,,,0,,,,,,,
3264680,00:54:24.680,m,do you want peatnut butter?,1,peatnutbutter,,,,,1,you,,,,,,
3268250,00:54:28.250,m,okay,0,,,,,,0,,,,,,,
3269270,00:54:29.270,m,do you wanna finish the book first?,1,book,,,,,1,you,,,,,,
3270358,00:54:30.358,m,you wanna eat it now?,0,,,,,,2,you,it,,,,,
3275016,00:54:35.16,m,finish?,0,,,,,,0,,,,,,,
3276104,00:54:36.104,m,the book?,1,book,,,,,0,,,,,,,
3278620,00:54:38.620,m,or you wanna eat now?,0,,,,,,1,you,,,,,,
3280524,00:54:40.524,m,eat?,0,,,,,,0,,,,,,,
3284026,00:54:44.26,m,you seem so,0,,,,,,1,you,,,,,,
3285352,00:54:45.352,m,tired,0,,,,,,0,,,,,,,
3286236,00:54:46.236,m,okay,0,,,,,,0,,,,,,,
3286746,00:54:46.746,m,let's just read for a minute,1,minute,,,,,0,,,,,,,
3288038,00:54:48.38,m,then I give you the snack?,1,snack,,,,,2,i,you,,,,,
3290180,00:54:50.180,m,what do you think?,0,,,,,,1,you,,,,,,
3293954,00:54:53.954,m,I think it's a good plan Mom,2,plan,mom,,,,2,i,it,,,,,
3295382,00:54:55.382,m,okay,0,,,,,,0,,,,,,,
3296266,00:54:56.266,m,and this is xxx,0,,,,,,1,this,,,,,,
3297048,00:54:57.48,m,okay,0,,,,,,0,,,,,,,
3377832,00:56:17.832,m,[gasp],0,,,,,,0,,,,,,,
3378852,00:56:18.852,m,oh no,0,,,,,,0,,,,,,,
3380144,00:56:20.144,m,right?,0,,,,,,0,,,,,,,
3380552,00:56:20.552,m,do you feel badly for him?,0,,,,,,2,you,him,,,,,
3382388,00:56:22.388,m,me too,0,,,,,,1,me,,,,,,
3511384,00:58:31.384,m,oh the toesies,1,toesies,,,,,0,,,,,,,
3512778,00:58:32.778,m,oh the toesies,1,toesies,,,,,0,,,,,,,
3514410,00:58:34.410,m,are they xxx?,0,,,,,,1,they,,,,,,
3516382,00:58:36.382,m,let me see,0,,,,,,1,me,,,,,,
3517300,00:58:37.300,m,do they smell?,0,,,,,,1,they,,,,,,
3519408,00:58:39.408,m,let me see,0,,,,,,1,me,,,,,,
3520564,00:58:40.564,m,oh,0,,,,,,0,,,,,,,
3521074,00:58:41.74,m,phew,0,,,,,,0,,,,,,,
3522026,00:58:42.26,m,right?,0,,,,,,0,,,,,,,
3523590,00:58:43.590,m,oh try this one?,1,one,,,,,1,this,,,,,,
3526514,00:58:46.514,m,xxx,0,,,,,,0,,,,,,,
3528214,00:58:48.214,m,whooh,0,,,,,,0,,,,,,,
3529234,00:58:49.234,m,whooh,0,,,,,,0,,,,,,,
3530934,00:58:50.934,m,it's stuck,0,,,,,,1,it,,,,,,
3532804,00:58:52.804,m,[gasp],0,,,,,,0,,,,,,,
3533450,00:58:53.450,m,oh look at these toes,1,toes,,,,,1,these,,,,,,
3535116,00:58:55.116,m,look at these toes,1,toes,,,,,1,these,,,,,,
3536476,00:58:56.476,m,oh,0,,,,,,0,,,,,,,
3536918,00:58:56.918,m,xxx,0,,,,,,0,,,,,,,
3540080,00:59:00.80,m,alright,0,,,,,,0,,,,,,,
3542222,00:59:02.222,m,um,0,,,,,,0,,,,,,,
3542834,00:59:02.834,m,where were we?,0,,,,,,1,we,,,,,,
3735512,01:02:15.512,m,I'm gonna get you some peanut butter and apple,2,peanutbutter,apple,,,,2,i,you,,,,,
3737620,01:02:17.620,m,yeah?,0,,,,,,0,,,,,,,
3738980,01:02:18.980,m,or do you want cucumber?,1,cucumber,,,,,1,you,,,,,,
3741972,01:02:21.972,m,you want apple?,1,apple,,,,,1,you,,,,,,
3744046,01:02:24.46,m,and peanut butter?,1,peanutbutter,,,,,0,,,,,,,
3746324,01:02:26.324,m,look at nana's house?,2,nana,house,,,,0,,,,,,,
3748636,01:02:28.636,m,where are the toesies?,1,toesies,,,,,0,,,,,,,
3750302,01:02:30.302,m,oh duh duh duh,0,,,,,,0,,,,,,,
3751050,01:02:31.50,m,alright are you,0,,,,,,1,you,,,,,,
3751764,01:02:31.764,m,you want me to finish it?,0,,,,,,3,you,me,it,,,,
3752682,01:02:32.682,m,okay,0,,,,,,0,,,,,,,
3753226,01:02:33.226,m,this is a really long story,1,story,,,,,1,this,,,,,,
3754552,01:02:34.552,m,you know that right?,0,,,,,,2,you,that,,,,,
3892796,01:04:52.796,m,isn't that sweet?,0,,,,,,1,that,,,,,,
3894088,01:04:54.88,m,you love that one,1,one,,,,,2,you,that,,,,,
3894972,01:04:54.972,m,alright,0,,,,,,0,,,,,,,
3895108,01:04:55.108,m,I'm gonna get you a snack,1,snack,,,,,2,i,you,,,,,
3896162,01:04:56.162,m,I think you need,0,,,,,,2,i,you,,,,,
3897080,01:04:57.80,m,some more food,1,food,,,,,0,,,,,,,
3898610,01:04:58.610,m,what's up?,0,,,,,,0,,,,,,,
3903778,01:05:03.778,m,do you want some apple?,1,apple,,,,,1,you,,,,,,
3906872,01:05:06.872,m,okay,0,,,,,,0,,,,,,,
3907960,01:05:07.960,m,Mama was gonna get it,1,mama,,,,,1,it,,,,,,
3908810,01:05:08.810,m,you stay here?,0,,,,,,1,you,,,,,,
3911734,01:05:11.734,m,Mama's tired too,1,mama,,,,,0,,,,,,,
3913808,01:05:13.808,m,oh,0,,,,,,0,,,,,,,
3915168,01:05:15.168,m,give me a push,1,push,,,,,1,me,,,,,,
3916290,01:05:16.290,m,push my back,1,back,,,,,1,my,,,,,,
3917174,01:05:17.174,m,oh who's calling?,0,,,,,,0,,,,,,,
3919044,01:05:19.44,m,I don't know,0,,,,,,1,i,,,,,,
3919792,01:05:19.792,m,is that anyone good?,0,,,,,,1,that,,,,,,
3922274,01:05:22.274,m,no,0,,,,,,0,,,,,,,
3922648,01:05:22.648,m,probably not,0,,,,,,0,,,,,,,
3923260,01:05:23.260,m,you're right,0,,,,,,1,you,,,,,,
3925300,01:05:25.300,m,where is my phone?,1,phone,,,,,1,my,,,,,,
3927884,01:05:27.884,m,oh,0,,,,,,0,,,,,,,
3928258,01:05:28.258,m,I gotta take this Lu,1,lu,,,,,2,i,this,,,,,
5124208,01:25:24.208,m,okay cool,0,,,,,,0,,,,,,,
5124718,01:25:24.718,m,okay,0,,,,,,0,,,,,,,
5126622,01:25:26.622,m,sorry Lu,1,lu,,,,,0,,,,,,,
5129920,01:25:29.920,m,good news,1,news,,,,,0,,,,,,,
5130498,01:25:30.498,m,Mama got an extended deadline,2,mama,deadlines,,,,0,,,,,,,
5134306,01:25:34.306,m,oh yeah,0,,,,,,0,,,,,,,
5135292,01:25:35.292,m,where does the triangle go?,1,triangle,,,,,0,,,,,,,
5139474,01:25:39.474,m,yes,0,,,,,,0,,,,,,,
5140222,01:25:40.222,m,that's right,0,,,,,,1,that,,,,,,
5141310,01:25:41.310,m,that's right,0,,,,,,1,that,,,,,,
5142296,01:25:42.296,m,where does the square go?,1,sqaure,,,,,0,,,,,,,
5144982,01:25:44.982,m,where do you put a square?,1,square,,,,,1,you,,,,,,
5147124,01:25:47.124,m,do you see how the,0,,,,,,1,you,,,,,,
5147736,01:25:47.736,m,yes,0,,,,,,0,,,,,,,
5148688,01:25:48.688,m,that's right,0,,,,,,1,that,,,,,,
5155590,01:25:55.590,m,very good,0,,,,,,0,,,,,,,
5157052,01:25:57.52,m,one piece left,1,piece,,,,,0,,,,,,,
5165314,01:26:05.314,m,yay,0,,,,,,0,,,,,,,
5166946,01:26:06.946,m,all done,0,,,,,,0,,,,,,,
5168238,01:26:08.238,m,you want to put it back on the shelf?,1,shelf,,,,,2,you,it,,,,,
5170754,01:26:10.754,m,xxx put it on the shelf please,1,shelf,,,,,1,it,,,,,,
5182586,01:26:22.586,m,do you want some,0,,,,,,1,you,,,,,,
5183096,01:26:23.96,m,food?,1,food,,,,,0,,,,,,,
5184116,01:26:24.116,m,alright,0,,,,,,0,,,,,,,
5184422,01:26:24.422,m,come on,0,,,,,,0,,,,,,,
5184762,01:26:24.762,m,let's get you some food,1,food,,,,,1,you,,,,,,
5186598,01:26:26.598,m,good job,1,job,,,,,0,,,,,,,
5187924,01:26:27.924,m,yah,0,,,,,,0,,,,,,,
5189556,01:26:29.556,m,alright,0,,,,,,0,,,,,,,
5189794,01:26:29.794,m,let me see,0,,,,,,1,me,,,,,,
5190066,01:26:30.66,m,it's five,0,,,,,,1,it,,,,,,
5191630,01:26:31.630,m,how about I give you a snack and I make you dinner?,2,snack,dinner,,,,4,i,you,i,you,,,
5194588,01:26:34.588,m,what do you want?,0,,,,,,1,you,,,,,,
5196696,01:26:36.696,m,you want an apple?,1,apple,,,,,1,you,,,,,,
5202646,01:26:42.646,m,no?,0,,,,,,0,,,,,,,
5203768,01:26:43.768,m,what do you want?,0,,,,,,1,you,,,,,,
5211452,01:26:51.452,m,some cucumber?,1,cucumber,,,,,0,,,,,,,
5214716,01:26:54.716,m,we'll see,0,,,,,,1,we,,,,,,
5217130,01:26:57.130,m,yeah?,0,,,,,,0,,,,,,,
5217946,01:26:57.946,m,okay,0,,,,,,0,,,,,,,
5218864,01:26:58.864,m,you do,0,,,,,,1,you,,,,,,
5221074,01:27:01.74,m,you wanna a scoop of peanut butter?,3,scoop,peanut,butter,,,1,you,,,,,,
5222196,01:27:02.196,m,you want some peanutbutter?,1,peanutbutter,,,,,1,you,,,,,,
5224372,01:27:04.372,m,no?,0,,,,,,0,,,,,,,
5225664,01:27:05.664,m,hummus,1,hummus,,,,,0,,,,,,,
5226684,01:27:06.684,m,did you guys finish the hummus yesterday?,2,guys,hummus,,,,1,you,,,,,,
5230424,01:27:10.424,m,it looks like you did,0,,,,,,2,it,you,,,,,
5231580,01:27:11.580,m,did,0,,,,,,0,,,,,,,
5232362,01:27:12.362,m,alright you know what?,0,,,,,,1,you,,,,,,
5233008,01:27:13.8,m,I'm gonna heat up,0,,,,,,1,i,,,,,,
5233824,01:27:13.824,m,do you want an early dinner?,1,dinner,,,,,1,you,,,,,,
5281016,01:28:01.16,m,meatballs,1,meatballs,,,,,0,,,,,,,
5281526,01:28:01.526,m,turkey meatballs,2,turkey,meatballs,,,,0,,,,,,,
5285062,01:28:05.62,m,do you want a piece?,1,piece,,,,,1,you,,,,,,
5285980,01:28:05.980,m,I don't think you'd like this one,1,one,,,,,3,i,you,this,,,,
5287204,01:28:07.204,m,but I'll give you a piece,1,piece,,,,,2,i,you,,,,,
5288666,01:28:08.666,m,yeah you do?,0,,,,,,1,you,,,,,,
5290298,01:28:10.298,m,I don't think you like cheddar,1,cheddar,,,,,2,i,you,,,,,
5291692,01:28:11.692,m,buy you can try it,0,,,,,,2,you,it,,,,,
5294004,01:28:14.4,m,what do you say?,0,,,,,,1,you,,,,,,
5296282,01:28:16.282,m,what do you day?,0,,,,,,1,you,,,,,,
5298254,01:28:18.254,m,you're welcome,0,,,,,,1,you,,,,,,
5302266,01:28:22.266,m,is that good?,0,,,,,,1,that,,,,,,
5303966,01:28:23.966,m,you want another piece?,1,piece,,,,,1,you,,,,,,
5306074,01:28:26.74,m,alright,0,,,,,,0,,,,,,,
5306312,01:28:26.312,m,let's get you a plate,1,plate,,,,,1,you,,,,,,
5307400,01:28:27.400,m,so you're not putting food on the table,2,food,table,,,,1,you,,,,,,
5314064,01:28:34.64,m,alright,0,,,,,,0,,,,,,,
5314982,01:28:34.982,m,there you go,0,,,,,,1,you,,,,,,
5315424,01:28:35.424,m,put your food on the plate,2,food,plate,,,,1,your,,,,,,
5316580,01:28:36.580,m,thank you,0,,,,,,1,you,,,,,,
5317498,01:28:37.498,m,are you done with these?,0,,,,,,2,you,these,,,,,
5319538,01:28:39.538,m,Mama's,1,mama,,,,,0,,,,,,,
5320082,01:28:40.82,m,you're done with that one too?,1,one,,,,,2,you,that,,,,,
5321306,01:28:41.306,m,put it in here,0,,,,,,1,it,,,,,,
5321816,01:28:41.816,m,if you're done with it,0,,,,,,2,you,it,,,,,
5322700,01:28:42.700,m,thank you,0,,,,,,1,you,,,,,,
5324162,01:28:44.162,m,alright,0,,,,,,0,,,,,,,
5324366,01:28:44.366,m,I'm gonna get you,0,,,,,,2,i,you,,,,,
5327018,01:28:47.18,m,cucumber,1,cucumber,,,,,0,,,,,,,
5329024,01:28:49.24,m,we're gonna get dinner going,1,dinner,,,,,1,we,,,,,,
5371388,01:29:31.388,m,not your thing?,1,thing,,,,,1,your,,,,,,
5397942,01:29:57.942,m,here babe,1,babe,,,,,0,,,,,,,
5398690,01:29:58.690,m,do you want some cucumber?,1,cucumber,,,,,1,you,,,,,,
5405150,01:30:05.150,m,here,0,,,,,,0,,,,,,,
5407530,01:30:07.530,m,[gasp],0,,,,,,0,,,,,,,
5408890,01:30:08.890,m,what do you say?,0,,,,,,1,you,,,,,,
5411576,01:30:11.576,m,you're welcome,0,,,,,,1,you,,,,,,
5419498,01:30:19.498,m,alright,0,,,,,,0,,,,,,,
5419702,01:30:19.702,m,I'm gonna get you dinner going,1,dinner,,,,,2,i,you,,,,,
5421028,01:30:21.28,m,you keep playing,0,,,,,,1,you,,,,,,
5421980,01:30:21.980,m,okay?,0,,,,,,0,,,,,,,
5424054,01:30:24.54,m,yeah,0,,,,,,0,,,,,,,
5459550,01:30:59.550,m,where's the baby?,1,baby,,,,,0,,,,,,,
5461658,01:31:01.658,m,what's baby doing?,1,baby,,,,,0,,,,,,,
5465262,01:31:05.262,m,I don't know either,0,,,,,,1,i,,,,,,
5466758,01:31:06.758,m,did you take her for a strode?,1,strode,,,,,2,you,her,,,,,
5470158,01:31:10.158,m,yeah?,0,,,,,,0,,,,,,,
5485390,01:31:25.390,m,yes honey?,1,honey,,,,,0,,,,,,,
5487362,01:31:27.362,m,she's,0,,,,,,1,she,,,,,,
5487736,01:31:27.736,m,oh,0,,,,,,0,,,,,,,
5488178,01:31:28.178,m,I see her,0,,,,,,2,i,her,,,,,
5488858,01:31:28.858,m,she's right there,0,,,,,,1,she,,,,,,
5489640,01:31:29.640,m,she's in the basket,1,basket,,,,,1,she,,,,,,
5492088,01:31:32.88,m,put her,0,,,,,,1,her,,,,,,
5492360,01:31:32.360,m,take her for a strode,1,strode,,,,,1,her,,,,,,
5502696,01:31:42.696,m,what?,0,,,,,,0,,,,,,,
5505450,01:31:45.450,m,oh,0,,,,,,0,,,,,,,
5505892,01:31:45.892,m,oh,0,,,,,,0,,,,,,,
5506878,01:31:46.878,m,okay,0,,,,,,0,,,,,,,
5507966,01:31:47.966,m,Mama help you,1,mama,,,,,1,you,,,,,,
5513134,01:31:53.134,m,oh,0,,,,,,0,,,,,,,
5513338,01:31:53.338,m,baby,1,baby,,,,,0,,,,,,,
5514052,01:31:54.52,m,what are you doing upside down?,0,,,,,,1,you,,,,,,
5516058,01:31:56.58,m,my darling,1,darling,,,,,1,my,,,,,,
5517826,01:31:57.826,m,Lulu wants to take you for a walk,2,lulu,walk,,,,1,you,,,,,,
5519560,01:31:59.560,m,it's nice out,0,,,,,,1,it,,,,,,
5521056,01:32:01.56,m,oh you want some cucumber?,1,cucumber,,,,,1,you,,,,,,
5522246,01:32:02.246,m,that's nice of you to share your cucumber Lu,2,cucumber,lu,,,,3,that,you,your,,,,
5525000,01:32:05.0,m,alright,0,,,,,,0,,,,,,,
5526122,01:32:06.122,m,bye,0,,,,,,0,,,,,,,
5526666,01:32:06.666,m,have a good time,1,time,,,,,0,,,,,,,
5528876,01:32:08.876,m,yeah,0,,,,,,0,,,,,,,
5528978,01:32:08.978,m,it's hard doing it one hand,1,hand,,,,,2,it,it,,,,,
5530134,01:32:10.134,m,right?,0,,,,,,0,,,,,,,
5530508,01:32:10.508,m,you see Mama do,1,mama,,,,,1,you,,,,,,
5532854,01:32:12.854,m,alright,0,,,,,,0,,,,,,,
5538294,01:32:18.294,m,bye,0,,,,,,0,,,,,,,
5538736,01:32:18.736,m,enjoy your walks girls,2,walks,girls,,,,1,your,,,,,,
5541524,01:32:21.524,m,is that my phone again?,1,phone,,,,,2,that,my,,,,,
5544856,01:32:24.856,m,no,0,,,,,,0,,,,,,,
5547780,01:32:27.780,m,is that good?,0,,,,,,1,that,,,,,,
5548868,01:32:28.868,m,is that good?,0,,,,,,1,that,,,,,,
5549922,01:32:29.922,m,how good,0,,,,,,0,,,,,,,
5560632,01:32:40.632,m,yeah?,0,,,,,,0,,,,,,,
5563896,01:32:43.896,m,oh,0,,,,,,0,,,,,,,
5564032,01:32:44.32,m,did the battery die?,1,battery,,,,,0,,,,,,,
5566514,01:32:46.514,m,I think so,0,,,,,,1,i,,,,,,
5569268,01:32:49.268,m,I'll charge it for you,0,,,,,,3,i,it,you,,,,
5577836,01:32:57.836,m,where is that cord though?,1,cord,,,,,1,that,,,,,,
5578958,01:32:58.958,m,that is the question,1,question,,,,,1,that,,,,,,
5581032,01:33:01.32,m,alright,0,,,,,,0,,,,,,,
5581202,01:33:01.202,m,do your thing,1,thing,,,,,1,your,,,,,,
5581780,01:33:01.780,m,what about this one?,1,one,,,,,1,this,,,,,,
5582256,01:33:02.256,m,you wanna play music from this guy?,2,music,guy,,,,2,you,this,,,,,
5585554,01:33:05.554,m,music's okay,1,music,,,,,0,,,,,,,
5586336,01:33:06.336,m,not as good as our music but,1,music,,,,,1,our,,,,,,
5588478,01:33:08.478,m,will do,0,,,,,,0,,,,,,,
5591640,01:33:11.640,m,choo choo choo choo choo choo,0,,,,,,0,,,,,,,
5612176,01:33:32.176,m,are you gonna pick out any of your toys?,1,toys,,,,,1,you,your,,,,,
5619724,01:33:39.724,m,is it clean up time?,1,time,,,,,1,it,,,,,,
5621526,01:33:41.526,m,clean up time,1,time,,,,,0,,,,,,,
5622784,01:33:42.784,m,clean up time,1,time,,,,,0,,,,,,,
5624348,01:33:44.348,m,everybody's gotta clean up,0,,,,,,0,,,,,,,
5627102,01:33:47.102,m,it's clean up time,1,time,,,,,1,it,,,,,,
5628768,01:33:48.768,m,clean up time,1,time,,,,,0,,,,,,,
5630094,01:33:50.94,m,everybody's gonna have to clean up,0,,,,,,0,,,,,,,
5632984,01:33:52.984,m,what do you wanna do to help clean up?,0,,,,,,1,you,,,,,,
5636452,01:33:56.452,m,hmm?,0,,,,,,0,,,,,,,
5644510,01:34:04.510,m,you're not gonna go clean?,0,,,,,,1,you,,,,,,
5646040,01:34:06.40,m,oh,0,,,,,,0,,,,,,,
5646346,01:34:06.346,m,thank you good,0,,,,,,1,you,,,,,,
5647332,01:34:07.332,m,very good,0,,,,,,0,,,,,,,
5647808,01:34:07.808,m,what else?,0,,,,,,0,,,,,,,
5649338,01:34:09.338,m,should I put this guy back up here?,1,guy,,,,,2,i,this,,,,,
5656614,01:34:16.614,m,this is how Daddy puts it?,1,daddy,,,,,2,this,it,,,,,
5659164,01:34:19.164,m,I know,0,,,,,,1,i,,,,,,
5660626,01:34:20.626,m,he does it,0,,,,,,2,he,it,,,,,
5662428,01:34:22.428,m,alright,0,,,,,,0,,,,,,,
5663142,01:34:23.142,m,what are you gonna clean up?,0,,,,,,1,you,,,,,,
5664026,01:34:24.26,m,do you wanna put everything back in the basket please?,1,basket,,,,,1,you,,,,,,
5686330,01:34:46.330,m,wait,0,,,,,,0,,,,,,,
5686670,01:34:46.670,m,in the basket,1,basket,,,,,0,,,,,,,
5687316,01:34:47.316,m,that one goes in the basket babe,3,one,basket,babe,,,1,that,,,,,,
5689934,01:34:49.934,m,right?,0,,,,,,0,,,,,,,
5692756,01:34:52.756,m,[laugh],0,,,,,,0,,,,,,,
5694150,01:34:54.150,m,you missed,0,,,,,,1,you,,,,,,
5700814,01:35:00.814,m,good,0,,,,,,0,,,,,,,
5703296,01:35:03.296,m,what else?,0,,,,,,0,,,,,,,
5710130,01:35:10.130,m,can you put these in the basket?,1,basket,,,,,2,you,these,,,,,
5712306,01:35:12.306,m,thank you,0,,,,,,1,you,,,,,,
5717202,01:35:17.202,m,shopping bag in the basket please,3,shopping,bag,basket,,,0,,,,,,,
5724070,01:35:24.70,m,thank you,0,,,,,,1,you,,,,,,
5726994,01:35:26.994,m,I'll put these away,0,,,,,,2,i,these,,,,,
5728320,01:35:28.320,m,ugh,0,,,,,,0,,,,,,,
5728728,01:35:28.728,m,how about that bag in the basket please?,2,bag,basket,,,,1,that,,,,,,
5733726,01:35:33.726,m,very good,0,,,,,,0,,,,,,,
5734372,01:35:34.372,m,thank you,0,,,,,,1,you,,,,,,
5734746,01:35:34.746,m,anything else you can see that is,0,,,,,,2,you,that,,,,,
5736208,01:35:36.208,m,do you wanna out Scout uopn the shelf please?,2,scout,shelf,,,,1,you,,,,,,
5741988,01:35:41.988,m,hmm?,0,,,,,,0,,,,,,,
5743858,01:35:43.858,m,where does Scout go Lu?,2,scout,lu,,,,0,,,,,,,
5747292,01:35:47.292,m,he's your new member of the family,2,member,family,,,,2,he,your,,,,,
5749128,01:35:49.128,m,where does he go?,0,,,,,,1,he,,,,,,
5753174,01:35:53.174,m,no,0,,,,,,0,,,,,,,
5753922,01:35:53.922,m,on the xxx,0,,,,,,0,,,,,,,
5757356,01:35:57.356,m,you wanna play this?,0,,,,,,2,you,this,,,,,
5759464,01:35:59.464,m,you want the flashlight?,1,flashlight,,,,,1,you,,,,,,
5761334,01:36:01.334,m,I think Daddy has to fix it,1,daddy,,,,,2,i,it,,,,,
5763714,01:36:03.714,m,I think you broke it this morning,1,morning,,,,,4,i,you,it,this,,,
5766706,01:36:06.706,m,Daddy will fix it,1,daddy,,,,,1,it,,,,,,
5767318,01:36:07.318,m,I know,0,,,,,,1,i,,,,,,
5767930,01:36:07.930,m,pretend,0,,,,,,0,,,,,,,
5769392,01:36:09.392,m,let's pretend,0,,,,,,0,,,,,,,
5770072,01:36:10.72,m,ah,0,,,,,,0,,,,,,,
5770548,01:36:10.548,m,so bright,0,,,,,,0,,,,,,,
5771670,01:36:11.670,m,it's so bright,0,,,,,,1,it,,,,,,
5773948,01:36:13.948,m,babe remember it fell?,1,babe,,,,,1,it,,,,,,
5775512,01:36:15.512,m,to a million pieces today?,1,pieces,,,,,0,,,,,,,
5777212,01:36:17.212,m,I didn't fix it right,0,,,,,,2,i,it,,,,,
5779864,01:36:19.864,m,let me see if your Dad can fix it,1,dad,,,,,3,me,your,it,,,,
5783196,01:36:23.196,m,I don't think that's how you fix a flashlight but,1,flashlight,,,,,2,i,that,,,,,
5785712,01:36:25.712,m,it's worth trying,0,,,,,,1,it,,,,,,
5788126,01:36:28.126,m,they're not touching,0,,,,,,1,they,,,,,,
5789214,01:36:29.214,m,that's the problem,0,,,,,,1,that,,,,,,
5791560,01:36:31.560,m,alright,0,,,,,,0,,,,,,,
5791968,01:36:31.968,m,what else?,0,,,,,,0,,,,,,,
5794212,01:36:34.212,m,yeah,0,,,,,,0,,,,,,,
5794450,01:36:34.450,m,oh,0,,,,,,0,,,,,,,
5794858,01:36:34.858,m,there,0,,,,,,0,,,,,,,
5795062,01:36:35.62,m,see?,0,,,,,,0,,,,,,,
5800638,01:36:40.638,m,oh it's busted,0,,,,,,1,it,,,,,,
5801998,01:36:41.998,m,we'll get you a new one,1,one,,,,,1,we,,,,,,
5806452,01:36:46.452,m,yahyee,0,,,,,,0,,,,,,,
5808016,01:36:48.16,m,whooh xxx the water's boiling,1,water,,,,,0,,,,,,,
5810464,01:36:50.464,m,do you want it though?,0,,,,,,2,you,it,,,,,
5811892,01:36:51.892,m,do you wanna pretend?,0,,,,,,1,you,,,,,,
5813388,01:36:53.388,m,that it works?,0,,,,,,2,that,it,,,,,
5815462,01:36:55.462,m,okay,0,,,,,,0,,,,,,,
5816142,01:36:56.142,m,when Daddy's home from work,3,daddy,home,work,,,0,,,,,,,
5817162,01:36:57.162,m,you can give it to him,0,,,,,,3,you,it,him,,,,
5818250,01:36:58.250,m,and ask him to fix it,0,,,,,,2,him,it,,,,,
5821820,01:37:01.820,m,no that's not Daddy,1,daddy,,,,,1,that,,,,,,
5823112,01:37:03.112,m,Daddy,1,daddy,,,,,0,,,,,,,
5824064,01:37:04.64,m,that's not Daddy,1,daddy,,,,,1,that,,,,,,
5833244,01:37:13.244,m,yeah I know,0,,,,,,1,i,,,,,,
5833958,01:37:13.958,m,is that how,0,,,,,,1,that,,,,,,
5834672,01:37:14.672,m,right,0,,,,,,0,,,,,,,
5835386,01:37:15.386,m,that's what Mama just taught you?,1,mama,,,,,2,that,you,,,,,
5880402,01:38:00.402,m,what else?,0,,,,,,0,,,,,,,
5880912,01:38:00.912,m,what happened to your cucumber?,1,cucumber,,,,,1,your,,,,,,
5883836,01:38:03.836,m,can you hand it to Mommy if you are done please?,1,mommy,,,,,3,you,it,you,,,,
5888494,01:38:08.494,m,oh,0,,,,,,0,,,,,,,
5888970,01:38:08.970,m,you're gonna help me find it?,0,,,,,,3,you,me,it,,,,
5892268,01:38:12.268,m,where is it?,0,,,,,,1,it,,,,,,
5894138,01:38:14.138,m,oh,0,,,,,,0,,,,,,,
5896042,01:38:16.42,m,are you done?,0,,,,,,1,you,,,,,,
5899646,01:38:19.646,m,you're done,0,,,,,,1,you,,,,,,
5900428,01:38:20.428,m,okay,0,,,,,,0,,,,,,,
5900836,01:38:20.836,m,understood,0,,,,,,0,,,,,,,
5904542,01:38:24.542,m,well I'm gonna,0,,,,,,1,i,,,,,,
5905868,01:38:25.868,m,be at the kitchen for a few minutes,2,kitchen,minutes,,,,0,,,,,,,
5907364,01:38:27.364,m,can you play with something?,0,,,,,,1,you,,,,,,
5913926,01:38:33.926,m,be careful,0,,,,,,0,,,,,,,
5928444,01:38:48.444,m,be careful Lula,1,lula,,,,,0,,,,,,,
5951054,01:39:11.54,m,I know dinner's not ready yet,1,dinner,,,,,1,i,,,,,,
5952448,01:39:12.448,m,it's five o'clock,0,,,,,,1,it,,,,,,
5953468,01:39:13.468,m,a little bit longer xxx,0,,,,,,0,,,,,,,
5957582,01:39:17.582,m,here you wanna pretend?,0,,,,,,1,you,,,,,,
5958908,01:39:18.908,m,here,0,,,,,,0,,,,,,,
5959622,01:39:19.622,m,pretend,0,,,,,,0,,,,,,,
5960302,01:39:20.302,m,you wanna make Mama something?,1,mama,,,,,1,you,,,,,,
5963022,01:39:23.22,m,let me get you your measuring cups,1,cups,,,,,3,me,you,your,,,,
5964382,01:39:24.382,m,hold on,0,,,,,,0,,,,,,,
5965810,01:39:25.810,m,here,0,,,,,,0,,,,,,,
5966116,01:39:26.116,m,here's one of them,0,,,,,,1,them,,,,,,
5967680,01:39:27.680,m,do you want the big one?,1,one,,,,,1,you,,,,,,
5970808,01:39:30.808,m,you want the small one?,1,one,,,,,1,you,,,,,,
5973630,01:39:33.630,m,here you go madam,1,madam,,,,,1,you,,,,,,
5976078,01:39:36.78,m,xxx,0,,,,,,0,,,,,,,
6054822,01:40:54.822,m,do you want music?,1,music,,,,,1,you,,,,,,
6147744,01:42:27.744,m,alright I'm cooking,0,,,,,,1,i,,,,,,
6148866,01:42:28.866,m,turkety meatballs and pasta?,3,turkety,meatballs,pasta,,,0,,,,,,,
6171952,01:42:51.952,m,ah,0,,,,,,0,,,,,,,
6174706,01:42:54.706,m,hold on I'm not done,0,,,,,,1,i,,,,,,
6181166,01:43:01.166,m,I think it's stuck,0,,,,,,2,i,it,,,,,
6182832,01:43:02.832,m,there,0,,,,,,0,,,,,,,
6183172,01:43:03.172,m,hold on,0,,,,,,0,,,,,,,
6185790,01:43:05.790,m,xxx you want?,0,,,,,,1,you,,,,,,
6190448,01:43:10.448,m,oh do you want your hat?,1,hat,,,,,2,you,your,,,,,
6192488,01:43:12.488,m,here,0,,,,,,0,,,,,,,
6193508,01:43:13.508,m,it might be a little wet,0,,,,,,1,it,,,,,,
6194426,01:43:14.426,m,you want your hat?,1,hat,,,,,2,you,your,,,,,
6196806,01:43:16.806,m,oh no no,0,,,,,,0,,,,,,,
6198098,01:43:18.98,m,huh?,0,,,,,,0,,,,,,,
6278134,01:44:38.134,m,yes honey?,1,honey,,,,,0,,,,,,,
6280514,01:44:40.514,m,what's up?,0,,,,,,0,,,,,,,
6284118,01:44:44.118,m,oh let me see,0,,,,,,1,me,,,,,,
6285274,01:44:45.274,m,did you get a boo boo?,1,booboo,,,,,1,you,,,,,,
6286430,01:44:46.430,m,let me see it,0,,,,,,2,me,it,,,,,
6287654,01:44:47.654,m,let me see,0,,,,,,1,me,,,,,,
6287994,01:44:47.994,m,you want me to kiss it?,1,kiss,,,,,3,you,me,it,,,,
6289932,01:44:49.932,m,let me see,0,,,,,,1,me,,,,,,
6290646,01:44:50.646,m,oh,0,,,,,,0,,,,,,,
6291666,01:44:51.666,m,oh,0,,,,,,0,,,,,,,
6292176,01:44:52.176,m,we better cut them off,0,,,,,,2,we,them,,,,,
6293604,01:44:53.604,m,xxx,0,,,,,,0,,,,,,,
6294726,01:44:54.726,m,xxx,0,,,,,,0,,,,,,,
6295610,01:44:55.610,m,oh,0,,,,,,0,,,,,,,
6296460,01:44:56.460,m,I'm sorry,0,,,,,,1,i,,,,,,
6296902,01:44:56.902,m,mm,0,,,,,,0,,,,,,,
6298364,01:44:58.364,m,oh come here,0,,,,,,0,,,,,,,
6299282,01:44:59.282,m,come here,0,,,,,,0,,,,,,,
6299758,01:44:59.758,m,you're just tired,0,,,,,,1,you,,,,,,
6301526,01:45:01.526,m,you're okay baby,1,baby,,,,,1,you,,,,,,
6304926,01:45:04.926,m,what do you want up here?,0,,,,,,1,you,,,,,,
6308292,01:45:08.292,m,you're just tired,0,,,,,,1,you,,,,,,
6310706,01:45:10.706,m,you want some preztles?,1,preztles,,,,,1,you,,,,,,
6311828,01:45:11.828,m,you wanna a xxx?,0,,,,,,1,you,,,,,,
6316792,01:45:16.792,m,you want,0,,,,,,1,you,,,,,,
6317370,01:45:17.370,m,craneberries?,1,craneberries,,,,,0,,,,,,,
6319750,01:45:19.750,m,you just want to xxx,0,,,,,,1,you,,,,,,
6321450,01:45:21.450,m,yes honey,1,honey,,,,,0,,,,,,,
6322878,01:45:22.878,m,yes,0,,,,,,0,,,,,,,
6324374,01:45:24.374,m,what?,0,,,,,,0,,,,,,,
6328318,01:45:28.318,m,I know,0,,,,,,1,i,,,,,,
6329032,01:45:29.32,m,xxx you gonna xxx our pictures,1,pictures,,,,,2,you,our,,,,,
6331718,01:45:31.718,m,look,0,,,,,,0,,,,,,,
6332092,01:45:32.92,m,is that you?,0,,,,,,2,that,you,,,,,
6333452,01:45:33.452,m,it's you,0,,,,,,2,it,you,,,,,
6334880,01:45:34.880,m,[gasp],0,,,,,,0,,,,,,,
6335458,01:45:35.458,m,is that you and Mommy and Daddy?,2,mommy,daddy,,,,2,that,you,,,,,
6341000,01:45:41.0,m,that's right,0,,,,,,1,that,,,,,,
6341578,01:45:41.578,m,what else can you play with?,0,,,,,,1,you,,,,,,
6344468,01:45:44.468,m,I know,0,,,,,,1,i,,,,,,
6345148,01:45:45.148,m,dinner's gonna be ready soon,1,dinner,,,,,0,,,,,,,
6347358,01:45:47.358,m,yes,0,,,,,,0,,,,,,,
6350452,01:45:50.452,m,what do you want?,0,,,,,,1,you,,,,,,
6352220,01:45:52.220,m,what do you want?,0,,,,,,1,you,,,,,,
6353036,01:45:53.36,m,you want the vaccum?,1,vaccum,,,,,1,you,,,,,,
6355654,01:45:55.654,m,you wanna clean?,0,,,,,,1,you,,,,,,
6357286,01:45:57.286,m,no,0,,,,,,0,,,,,,,
6359292,01:45:59.292,m,pictures?,1,pictures,,,,,0,,,,,,,
6359666,01:45:59.666,m,you wanna color?,0,,,,,,1,you,,,,,,
6361060,01:46:01.60,m,you wanna color?,0,,,,,,1,you,,,,,,
6361604,01:46:01.604,m,alright,0,,,,,,0,,,,,,,
6361910,01:46:01.910,m,I have to color with you,0,,,,,,2,i,you,,,,,
6362930,01:46:02.930,m,hold on,0,,,,,,0,,,,,,,
6365684,01:46:05.684,m,let me just xxx this part,1,part,,,,,2,me,this,,,,,
6367350,01:46:07.350,m,okay?,0,,,,,,0,,,,,,,
6370988,01:46:10.988,m,I know,0,,,,,,1,i,,,,,,
6374286,01:46:14.286,m,it's tought being,0,,,,,,1,it,,,,,,
6375612,01:46:15.612,m,a bebe,1,bebe,,,,,0,,,,,,,
6378026,01:46:18.26,m,yeah?,0,,,,,,0,,,,,,,
6382888,01:46:22.888,m,alright,0,,,,,,0,,,,,,,
6384146,01:46:24.146,m,are you thirsty?,0,,,,,,1,you,,,,,,
6384826,01:46:24.826,m,did you have your water?,1,water,,,,,2,you,your,,,,,
6386628,01:46:26.628,m,I don't know if this is ready,0,,,,,,2,i,this,,,,,
6389722,01:46:29.722,m,what do you think?,0,,,,,,1,you,,,,,,
6398936,01:46:38.936,m,I think it's gonna need more sauce,1,sauce,,,,,2,i,it,,,,,
6401214,01:46:41.214,m,yes?,0,,,,,,0,,,,,,,
6402098,01:46:42.98,m,it's hot boiling water,1,water,,,,,1,it,,,,,,
6403186,01:46:43.186,m,ouch,0,,,,,,0,,,,,,,
6404512,01:46:44.512,m,ouch,0,,,,,,0,,,,,,,
6405532,01:46:45.532,m,I can't touch it,0,,,,,,2,i,it,,,,,
6406280,01:46:46.280,m,you can't touch it,0,,,,,,2,you,it,,,,,
6408422,01:46:48.422,m,yeah it's not for babies,1,babies,,,,,1,it,,,,,,
6412332,01:46:52.332,m,yeah,0,,,,,,0,,,,,,,
6412672,01:46:52.672,m,let me,0,,,,,,1,me,,,,,,
6413692,01:46:53.692,m,what?,0,,,,,,0,,,,,,,
6416106,01:46:56.106,m,yeah you can't touch this,0,,,,,,2,you,this,,,,,
6417534,01:46:57.534,m,see it's boiling,0,,,,,,1,it,,,,,,
6418758,01:46:58.758,m,ouch,0,,,,,,0,,,,,,,
6419302,01:46:59.302,m,xxx,0,,,,,,0,,,,,,,
6419948,01:46:59.948,m,ow,0,,,,,,0,,,,,,,
6421818,01:47:01.818,m,ow,0,,,,,,0,,,,,,,
6422634,01:47:02.634,m,oh,0,,,,,,0,,,,,,,
6423586,01:47:03.586,m,ow,0,,,,,,0,,,,,,,
6424028,01:47:04.28,m,[gasp],0,,,,,,0,,,,,,,
6424606,01:47:04.606,m,oh,0,,,,,,0,,,,,,,
6425014,01:47:05.14,m,can you kiss it?,0,,,,,,2,you,it,,,,,
6427292,01:47:07.292,m,mm muah,0,,,,,,0,,,,,,,
6428448,01:47:08.448,m,thank you,0,,,,,,1,you,,,,,,
6429094,01:47:09.94,m,see?,0,,,,,,0,,,,,,,
6429298,01:47:09.298,m,we don't touch it,0,,,,,,2,we,it,,,,,
6432664,01:47:12.664,m,alright,0,,,,,,0,,,,,,,
6638228,01:50:38.228,m,that's okay,0,,,,,,1,that,,,,,,
6639452,01:50:39.452,m,it's for later,0,,,,,,1,it,,,,,,
6640268,01:50:40.268,m,I gotta cook it first,0,,,,,,2,i,it,,,,,
6641186,01:50:41.186,m,keep coloring,0,,,,,,0,,,,,,,
6641798,01:50:41.798,m,I'll be right back,0,,,,,,1,i,,,,,,
6648054,01:50:48.54,m,you do?,0,,,,,,1,you,,,,,,
6648768,01:50:48.768,m,it's empty now,0,,,,,,1,it,,,,,,
6649584,01:50:49.584,m,see?,0,,,,,,0,,,,,,,
6650706,01:50:50.706,m,oh,0,,,,,,0,,,,,,,
6651488,01:50:51.488,m,I know what you think it is,0,,,,,,3,i,you,it,,,,
6652610,01:50:52.610,m,can I get you um,0,,,,,,2,i,you,,,,,
6655908,01:50:55.908,m,hold on,0,,,,,,0,,,,,,,
6658084,01:50:58.84,m,hold on,0,,,,,,0,,,,,,,
6661756,01:51:01.756,m,alright,0,,,,,,0,,,,,,,
6662538,01:51:02.538,m,let me see,0,,,,,,1,me,,,,,,
6664714,01:51:04.714,m,do you want one of these?,0,,,,,,2,you,these,,,,,
6665496,01:51:05.496,m,do you want a pretzle?,1,pretzle,,,,,1,you,,,,,,
6667196,01:51:07.196,m,want pretzle?,1,pretzle,,,,,0,,,,,,,
6669338,01:51:09.338,m,here you can get it yourself,0,,,,,,3,you,it,yourself,,,,
6673554,01:51:13.554,m,you want one for each hand?,2,hand,one,,,,1,you,,,,,,
6676002,01:51:16.2,m,you want me to hold this?,0,,,,,,3,you,me,this,,,,
6681986,01:51:21.986,m,what do you say?,0,,,,,,1,you,,,,,,
6685420,01:51:25.420,m,you're welcome,0,,,,,,1,you,,,,,,
6687018,01:51:27.18,m,very good,0,,,,,,0,,,,,,,
6694124,01:51:34.124,m,you have such good manner Lula,2,manner,lula,,,,1,you,,,,,,
6696606,01:51:36.606,m,I would hang out with you any day,1,day,,,,,2,i,you,,,,,
6700142,01:51:40.142,m,you're so kind,0,,,,,,1,you,,,,,,
6702216,01:51:42.216,m,and nice,0,,,,,,0,,,,,,,
6703440,01:51:43.440,m,be around,0,,,,,,0,,,,,,,
6706024,01:51:46.24,m,yeah,0,,,,,,0,,,,,,,
6707044,01:51:47.44,m,I agree,0,,,,,,1,i,,,,,,
6714184,01:51:54.184,m,okay,0,,,,,,0,,,,,,,
6714592,01:51:54.592,m,do you want to go back to coloring?,0,,,,,,1,you,,,,,,
6715612,01:51:55.612,m,I think this is good,0,,,,,,2,i,this,,,,,
6717550,01:51:57.550,m,xxx,0,,,,,,0,,,,,,,
6729008,01:52:09.8,m,okay,0,,,,,,0,,,,,,,
6736454,01:52:16.454,m,you haven't used the bathroom all day,1,bathroom,,,,,1,you,,,,,,
6738290,01:52:18.290,m,oh my god,0,,,,,,0,,,,,,,
6739548,01:52:19.548,m,alright,0,,,,,,0,,,,,,,
6747402,01:52:27.402,m,on Mama's hand?,1,mama,,,,,0,,,,,,,
6749136,01:52:29.136,m,your Grandma wouldn't like that,1,grandma,,,,,2,your,that,,,,,
6751244,01:52:31.244,m,your Grandma would always tell me,1,grandma,,,,,2,your,me,,,,,
6752808,01:52:32.808,m,never to write on myself,0,,,,,,1,myself,,,,,,
6754100,01:52:34.100,m,but,0,,,,,,0,,,,,,,
6754678,01:52:34.678,m,yeah,0,,,,,,0,,,,,,,
6756072,01:52:36.72,m,it's okay,0,,,,,,1,it,,,,,,
6756990,01:52:36.990,m,I'll let it slide this time,1,time,,,,,3,i,it,this,,,,
6856406,01:54:16.406,m,at your artwork?,1,artwork,,,,,1,your,,,,,,
6858480,01:54:18.480,m,here don't forget your pretzle,1,pretzle,,,,,1,your,,,,,,
6861200,01:54:21.200,m,you're welcome,0,,,,,,1,you,,,,,,
6880886,01:54:40.886,m,do you like it?,0,,,,,,2,you,it,,,,,
6883028,01:54:43.28,m,Lu look good?,1,lu,,,,,0,,,,,,,
6910806,01:55:10.806,m,oops,0,,,,,,0,,,,,,,
6916042,01:55:16.42,m,you don't want anyone to fall right xxx?,0,,,,,,1,you,,,,,,
6919884,01:55:19.884,m,okay,0,,,,,,0,,,,,,,
6920802,01:55:20.802,m,do you wanna do chalk?,1,chalk,,,,,1,you,,,,,,
6925426,01:55:25.426,m,you wanna do chalk here?,1,chalk,,,,,1,you,,,,,,
6928180,01:55:28.180,m,alright,0,,,,,,0,,,,,,,
6928588,01:55:28.588,m,pick your color,1,color,,,,,1,your,,,,,,
6931920,01:55:31.920,m,I get purple then,1,purple,,,,,1,i,,,,,,
6933144,01:55:33.144,m,you don't want pink?,1,pink,,,,,1,you,,,,,,
6934028,01:55:34.28,m,okay,0,,,,,,0,,,,,,,
6940012,01:55:40.12,m,l@,0,,,,,,0,,,,,,,
6941848,01:55:41.848,m,u@,0,,,,,,0,,,,,,,
6943378,01:55:43.378,m,l@,0,,,,,,0,,,,,,,
6945044,01:55:45.44,m,a@,0,,,,,,0,,,,,,,
6946098,01:55:46.98,m,what does that spell?,0,,,,,,1,that,,,,,,
6947662,01:55:47.662,m,Lula,1,lula,,,,,0,,,,,,,
6950994,01:55:50.994,m,[gasp],0,,,,,,0,,,,,,,
6951912,01:55:51.912,m,let's do Mama,1,mama,,,,,0,,,,,,,
6953136,01:55:53.136,m,right?,0,,,,,,0,,,,,,,
6954020,01:55:54.20,m,chalk doesn't work on your skin xxx,2,chalk,skin,,,,1,your,,,,,,
6955754,01:55:55.754,m,the same way marker does,1,marker,,,,,0,,,,,,,
6958576,01:55:58.576,m,okay,0,,,,,,0,,,,,,,
6960004,01:56:00.4,m,m@,0,,,,,,0,,,,,,,
6961330,01:56:01.330,m,uh,0,,,,,,0,,,,,,,
6961602,01:56:01.602,m,we don't eat chalk,1,chalk,,,,,1,we,,,,,,
6962554,01:56:02.554,m,hand over,0,,,,,,0,,,,,,,
6963880,01:56:03.880,m,a@,0,,,,,,0,,,,,,,
6964050,01:56:04.50,m,m@,0,,,,,,0,,,,,,,
6964594,01:56:04.594,m,a@,0,,,,,,0,,,,,,,
6966600,01:56:06.600,m,yeah,0,,,,,,0,,,,,,,
6967110,01:56:07.110,m,chalk's over when you eat it,1,chalk,,,,,2,you,it,,,,,
6968368,01:56:08.368,m,you know the rules,1,rules,,,,,1,you,,,,,,
6969966,01:56:09.966,m,do you wanna take,0,,,,,,1,you,,,,,,
6970816,01:56:10.816,m,princess?,1,princess,,,,,0,,,,,,,
6974148,01:56:14.148,m,no,0,,,,,,0,,,,,,,
6974420,01:56:14.420,m,I don't think so,0,,,,,,1,i,,,,,,
6982954,01:56:22.954,m,alright,0,,,,,,0,,,,,,,
6983294,01:56:23.294,m,Mama has to use the restroom,2,mama,restroom,,,,0,,,,,,,
6984416,01:56:24.416,m,come with me please,0,,,,,,1,me,,,,,,
6986728,01:56:26.728,m,I don't want to leave you out with the stove on,1,stove,,,,,2,i,you,,,,,
6991216,01:56:31.216,m,Lu,1,lu,,,,,0,,,,,,,
6995466,01:56:35.466,m,you're on the edge,1,edge,,,,,1,you,,,,,,
6995976,01:56:35.976,m,you're gonna fall on your head,1,head,,,,,2,you,your,,,,,
6998254,01:56:38.254,m,then you're gonna cry,0,,,,,,1,you,,,,,,
7000906,01:56:40.906,m,right,0,,,,,,0,,,,,,,
7001280,01:56:41.280,m,I know,0,,,,,,1,i,,,,,,
7002062,01:56:42.62,m,can you come to the bathroom with Mommy please?,2,bathroom,mommy,,,,1,you,,,,,,
7003592,01:56:43.592,m,you wanna brush your teeth?,1,teeth,,,,,2,you,your,,,,,
7006380,01:56:46.380,m,no?,0,,,,,,0,,,,,,,
7006686,01:56:46.686,m,okay,0,,,,,,0,,,,,,,
7007196,01:56:47.196,m,can you stand where I can see you?,0,,,,,,3,you,i,you,,,,
7010392,01:56:50.392,m,the stove's on,1,stove,,,,,0,,,,,,,
7105966,01:58:25.966,m,hold the toothbrush,1,toothbrush,,,,,0,,,,,,,
7111576,01:58:31.576,m,alright,0,,,,,,0,,,,,,,
7111780,01:58:31.780,m,go ahead,0,,,,,,0,,,,,,,
7114874,01:58:34.874,m,do you wanna show how you brush your teeth?,1,teeth,,,,,3,you,you,your,,,,
7117424,01:58:37.424,m,oh what's the,0,,,,,,0,,,,,,,
7117968,01:58:37.968,m,whooh you gotta spit it,0,,,,,,2,you,it,,,,,
7119124,01:58:39.124,m,spit it,0,,,,,,1,it,,,,,,
7119634,01:58:39.634,m,xxx came out,0,,,,,,0,,,,,,,
7120790,01:58:40.790,m,hold on,0,,,,,,0,,,,,,,
7121946,01:58:41.946,m,I got it,0,,,,,,2,i,it,,,,,
7123442,01:58:43.442,m,I know,0,,,,,,1,i,,,,,,
7124870,01:58:44.870,m,here it is,0,,,,,,1,it,,,,,,
7125584,01:58:45.584,m,yes honey,1,honey,,,,,0,,,,,,,
7127114,01:58:47.114,m,you do it?,0,,,,,,2,you,it,,,,,
7128814,01:58:48.814,m,xxx,0,,,,,,0,,,,,,,
7129222,01:58:49.222,m,um this one?,1,one,,,,,1,this,,,,,,
7130820,01:58:50.820,m,okay,0,,,,,,0,,,,,,,
7132214,01:58:52.214,m,you like the taste of this one better?,2,taste,one,,,,2,you,this,,,,,
7135478,01:58:55.478,m,alright,0,,,,,,0,,,,,,,
7135784,01:58:55.784,m,there you go,0,,,,,,1,you,,,,,,
7137994,01:58:57.994,m,let's see,0,,,,,,0,,,,,,,
7138334,01:58:58.334,m,get them off,0,,,,,,1,them,,,,,,
7140680,01:59:00.680,m,I know but,0,,,,,,1,i,,,,,,
7141428,01:59:01.428,m,you have toothpaste on your toothbrush,2,toothpaste,toothbrush,,,,2,you,your,,,,,
7143128,01:59:03.128,m,you gotta use what you have,0,,,,,,2,you,you,,,,,
7148874,01:59:08.874,m,you're done with the toothbrush?,1,toothbrush,,,,,1,you,,,,,,
7151934,01:59:11.934,m,no you're not done?,0,,,,,,1,you,,,,,,
7153056,01:59:13.56,m,we're gonna have to wash your hands,1,hands,,,,,2,we,your,,,,,
7154926,01:59:14.926,m,uh babe,1,babe,,,,,0,,,,,,,
7155776,01:59:15.776,m,your artwork is coming off,1,artwork,,,,,1,your,,,,,,
7166554,01:59:26.554,m,good,0,,,,,,0,,,,,,,
7166962,01:59:26.962,m,that's right,0,,,,,,1,that,,,,,,
7167574,01:59:27.574,m,you got it,0,,,,,,2,you,it,,,,,
7168832,01:59:28.832,m,and then we close it,0,,,,,,2,we,it,,,,,
7170226,01:59:30.226,m,very good,0,,,,,,0,,,,,,,
7171144,01:59:31.144,m,what about the back teeth?,1,teeth,,,,,0,,,,,,,
7174238,01:59:34.238,m,ah,0,,,,,,0,,,,,,,
7175530,01:59:35.530,m,I got you,0,,,,,,2,i,you,,,,,
7176788,01:59:36.788,m,back teeth?,1,teeth,,,,,0,,,,,,,
7180188,01:59:40.188,m,wait,0,,,,,,0,,,,,,,
7180426,01:59:40.426,m,we stay in the bathroom with the toothbrush,2,bathroom,toothbrush,,,,1,we,,,,,,
7182024,01:59:42.24,m,you know how dangerous it is,0,,,,,,2,you,it,,,,,
7185492,01:59:45.492,m,you make Mama nervous,1,mama,,,,,1,you,,,,,,
7187192,01:59:47.192,m,you don't have to shut the door,1,door,,,,,1,you,,,,,,
7192428,01:59:52.428,m,you wanna turn on xxx?,0,,,,,,1,you,,,,,,
7195658,01:59:55.658,m,yeah?,0,,,,,,0,,,,,,,
7196134,01:59:56.134,m,you wanna xxx?,0,,,,,,1,you,,,,,,
7198378,01:59:58.378,m,xxx,0,,,,,,0,,,,,,,
7203580,02:00:03.580,m,okay,0,,,,,,0,,,,,,,
7203852,02:00:03.852,m,okay,0,,,,,,0,,,,,,,
7205382,02:00:05.382,m,I have to check the stove,1,stove,,,,,1,i,,,,,,