Timestamp (ms),Timestamp,Speaker,Transcript,Noun (1/0),Noun label 1,Noun label 2 ,Noun label 3,Noun label 4,Pronoun (1/0),Pronoun label 1,Pronoun label 2,Pronoun label 3,Pronoun label 4,Pronoun label 5,Pronoun label 6,Pronoun label 7
16626,00:00:16.626,m,let me change your diaper,1,diaper,,,,2,me,your,,,,,
36720,00:00:36.720,m,oh,0,,,,,0,,,,,,,
37298,00:00:37.298,m,this isn't that bad,0,,,,,1,this,,,,,,
40018,00:00:40.18,m,I'm gonna change you anyway,0,,,,,2,i,you,,,,,
68204,00:01:08.204,m,uh,0,,,,,0,,,,,,,
68442,00:01:08.442,m,bless you,0,,,,,0,,,,,,,
72046,00:01:12.46,m,just one?,1,one,,,,0,,,,,,,
76568,00:01:16.568,m,one sneeze?,1,sneeze,,,,0,,,,,,,
82144,00:01:22.144,m,two?,1,two,,,,0,,,,,,,
82756,00:01:22.756,m,you want two sneezes?,1,sneezes,,,,1,you,,,,,,
84082,00:01:24.82,m,where's the other one?,1,one,,,,0,,,,,,,
85170,00:01:25.170,m,usually we get two or three,2,two,three,,,1,we,,,,,,
95744,00:01:35.744,m,you're not supposed to interact with her,0,,,,,2,you,her,,,,,
108562,00:01:48.562,m,you wanna read it?,0,,,,,2,you,it,,,,,
110466,00:01:50.466,m,can we,0,,,,,1,we,,,,,,
110670,00:01:50.670,m,can we read the full version instead?,1,version,,,,1,we,,,,,,
112336,00:01:52.336,m,because that's the half version,1,version,,,,1,that,,,,,,
113730,00:01:53.730,m,and I don't like the half version,1,version,,,,1,i,,,,,,
114580,00:01:54.580,m,that's from when you were like,0,,,,,2,that,you,,,,,
116110,00:01:56.110,m,really too xxx,0,,,,,0,,,,,,,
117096,00:01:57.96,m,you have the patience for the rest of the book,2,patience,book,,,1,you,,,,,,
120224,00:02:00.224,m,with breakfast,1,breakfast,,,,0,,,,,,,
120938,00:02:00.938,m,okay?,0,,,,,0,,,,,,,
123046,00:02:03.46,m,can we read it with breakfast please?,1,breakfast,,,,2,we,it,,,,,
129846,00:02:09.846,m,one,1,one,,,,0,,,,,,,
130288,00:02:10.288,m,two,1,two,,,,0,,,,,,,
130866,00:02:10.866,m,three,1,three,,,,0,,,,,,,
133756,00:02:13.756,m,three snaps,1,snaps,,,,0,,,,,,,
144024,00:02:24.24,m,oh,0,,,,,0,,,,,,,
146268,00:02:26.268,m,excuse us,0,,,,,0,,,,,,,
148172,00:02:28.172,m,[laugh],0,,,,,0,,,,,,,
149362,00:02:29.362,m,teeth brush,1,teethbrush,,,,0,,,,,,,
151776,00:02:31.776,m,there she's,0,,,,,1,she,,,,,,
152422,00:02:32.422,m,she's,0,,,,,1,she,,,,,,
152592,00:02:32.592,m,don't worry,0,,,,,0,,,,,,,
152830,00:02:32.830,m,she's coming,0,,,,,1,she,,,,,,
153170,00:02:33.170,m,she's gonna be following you all day,1,day,,,,2,she,you,,,,,
155142,00:02:35.142,m,well,0,,,,,0,,,,,,,
155890,00:02:35.890,m,all morning,1,morning,,,,0,,,,,,,
179350,00:02:59.350,m,ah,0,,,,,0,,,,,,,
229772,00:03:49.772,m,can you do this?,0,,,,,2,you,this,,,,,
232084,00:03:52.84,m,xxx,0,,,,,0,,,,,,,
232968,00:03:52.968,m,Caleb,1,caleb,,,,0,,,,,,,
233444,00:03:53.444,m,ah,0,,,,,0,,,,,,,
235280,00:03:55.280,m,good,0,,,,,0,,,,,,,
241740,00:04:01.740,m,all done,0,,,,,0,,,,,,,
253844,00:04:13.844,m,what did Papa make you for breakfast?,2,papa,breakfast,,,1,you,,,,,,
257244,00:04:17.244,m,uh,0,,,,,0,,,,,,,
258706,00:04:18.706,m,hmm,0,,,,,0,,,,,,,
259522,00:04:19.522,m,it's yogurt,1,yogurt,,,,1,it,,,,,,
260882,00:04:20.882,m,you want to make coffee?,1,coffee,,,,1,you,,,,,,
262684,00:04:22.684,m,coffee?,1,coffee,,,,0,,,,,,,
268498,00:04:28.498,m,what happened here?,0,,,,,0,,,,,,,
274754,00:04:34.754,m,your kitchen,1,kitchen,,,,1,your,,,,,,
275372,00:04:35.372,m,sir,1,sir,,,,0,,,,,,,
275944,00:04:35.944,m,is in disarray,0,,,,,0,,,,,,,
298690,00:04:58.690,m,oh,0,,,,,0,,,,,,,
299200,00:04:59.200,m,right,0,,,,,0,,,,,,,
299540,00:04:59.540,m,you started to tear this off last night,1,night,,,,2,you,this,,,,,
313786,00:05:13.786,m,oh,0,,,,,0,,,,,,,
314194,00:05:14.194,m,right,0,,,,,0,,,,,,,
314398,00:05:14.398,m,we have to mail the your thingy today,1,thingy,,,,2,we,your,,,,,
317322,00:05:17.322,m,we do have to go outside,0,,,,,1,we,,,,,,
318240,00:05:18.240,m,that sucks,0,,,,,0,,,,,,,
319634,00:05:19.634,m,alright,0,,,,,0,,,,,,,
320246,00:05:20.246,m,we have to mail your,0,,,,,2,we,your,,,,,
320926,00:05:20.926,m,hmm,0,,,,,0,,,,,,,
321844,00:05:21.844,m,performer's permit,1,performerspermit,,,,0,,,,,,,
322966,00:05:22.966,m,coffee,1,coffee,,,,0,,,,,,,
323306,00:05:23.306,m,that's what I was doing,0,,,,,2,that,i,,,,,
325074,00:05:25.74,m,coffee,1,coffee,,,,0,,,,,,,
330072,00:05:30.72,m,yeah,0,,,,,0,,,,,,,
330650,00:05:30.650,m,coffee coffee coffee coffee coffee,1,coffee,,,,0,,,,,,,
332010,00:05:32.10,m,you're as excited as I am,0,,,,,2,you,i,,,,,
336430,00:05:36.430,m,okay,0,,,,,0,,,,,,,
340102,00:05:40.102,m,ah,0,,,,,0,,,,,,,
340238,00:05:40.238,m,up?,0,,,,,0,,,,,,,
340476,00:05:40.476,m,not up yet,0,,,,,0,,,,,,,
341054,00:05:41.54,m,I have to clean the hopper,1,hopper,,,,1,i,,,,,,
367506,00:06:07.506,m,alright,0,,,,,0,,,,,,,
368866,00:06:08.866,m,ready?,0,,,,,0,,,,,,,
374204,00:06:14.204,m,whoops,0,,,,,0,,,,,,,
376788,00:06:16.788,m,can you hold this?,0,,,,,2,you,this,,,,,
377570,00:06:17.570,m,left,0,,,,,0,,,,,,,
378284,00:06:18.284,m,level?,1,level,,,,0,,,,,,,
381820,00:06:21.820,m,alright,0,,,,,0,,,,,,,
385662,00:06:25.662,m,one,1,one,,,,0,,,,,,,
387906,00:06:27.906,m,two,1,two,,,,0,,,,,,,
389878,00:06:29.878,m,yeah,0,,,,,0,,,,,,,
390320,00:06:30.320,m,three is next?,1,three,,,,0,,,,,,,
391408,00:06:31.408,m,three?,1,three,,,,0,,,,,,,
392768,00:06:32.768,m,let's see,0,,,,,0,,,,,,,
393108,00:06:33.108,m,is that enough?,0,,,,,1,that,,,,,,
400996,00:06:40.996,m,oh,0,,,,,0,,,,,,,
401200,00:06:41.200,m,thank you,0,,,,,0,,,,,,,
402628,00:06:42.628,m,can you get that towel?,1,towel,,,,2,you,that,,,,,
407150,00:06:47.150,m,sweet,0,,,,,0,,,,,,,
409700,00:06:49.700,m,okay,0,,,,,0,,,,,,,
410686,00:06:50.686,m,hmm,0,,,,,0,,,,,,,
412216,00:06:52.216,m,I forgot the milk,1,milk,,,,1,i,,,,,,
417554,00:06:57.554,m,hmm,0,,,,,0,,,,,,,
417928,00:06:57.928,m,I'm gonna use Batman,1,batman,,,,1,i,,,,,,
420818,00:07:00.818,m,yeah,0,,,,,0,,,,,,,
421328,00:07:01.328,m,Batman,1,batman,,,,0,,,,,,,
435914,00:07:15.914,m,up up up,0,,,,,0,,,,,,,
438838,00:07:18.838,m,okay,0,,,,,0,,,,,,,
439416,00:07:19.416,m,ready?,0,,,,,0,,,,,,,
443122,00:07:23.122,m,[sound effect of engine],0,,,,,0,,,,,,,
444686,00:07:24.686,m,get your feet,1,feet,,,,1,your,,,,,,
445536,00:07:25.536,m,get your feet,1,feet,,,,1,your,,,,,,
446318,00:07:26.318,m,where's your foot?,1,foot,,,,1,your,,,,,,
447100,00:07:27.100,m,where's your foot?,1,foot,,,,1,your,,,,,,
447610,00:07:27.610,m,okay,0,,,,,0,,,,,,,
456144,00:07:36.144,m,uhoh,0,,,,,0,,,,,,,
458150,00:07:38.150,m,try again,0,,,,,0,,,,,,,
463182,00:07:43.182,m,that's alright,0,,,,,0,,,,,,,
463658,00:07:43.658,m,we'll clean it up in a minute,1,minute,,,,2,we,it,,,,,
464780,00:07:44.780,m,can you hit the,0,,,,,1,you,,,,,,
465868,00:07:45.868,m,put the thing down?,1,thing,,,,0,,,,,,,
469506,00:07:49.506,m,okay,0,,,,,0,,,,,,,
470152,00:07:50.152,m,little button,1,button,,,,0,,,,,,,
470730,00:07:50.730,m,the little one,0,,,,,0,,,,,,,
472736,00:07:52.736,m,yeah,0,,,,,0,,,,,,,
474470,00:07:54.470,m,yeah,0,,,,,0,,,,,,,
474912,00:07:54.912,m,look at that,0,,,,,1,that,,,,,,
476000,00:07:56.0,m,yeah,0,,,,,0,,,,,,,
476272,00:07:56.272,m,you made coffee,1,coffee,,,,1,you,,,,,,
477394,00:07:57.394,m,yeah,0,,,,,0,,,,,,,
477768,00:07:57.768,m,you did,0,,,,,1,you,,,,,,
478210,00:07:58.210,m,you made coffee,0,,,,,0,,,,,,,
479842,00:07:59.842,m,gonna scooch this over,0,,,,,1,this,,,,,,
481236,00:08:01.236,m,okay,0,,,,,0,,,,,,,
483038,00:08:03.38,m,yeah,0,,,,,0,,,,,,,
483208,00:08:03.208,m,I know,0,,,,,1,i,,,,,,
483752,00:08:03.752,m,I might,0,,,,,1,i,,,,,,
484772,00:08:04.772,m,put another sugar in it,1,sugar,,,,1,it,,,,,,
487798,00:08:07.798,m,uh,0,,,,,0,,,,,,,
506634,00:08:26.634,m,no,0,,,,,0,,,,,,,
506906,00:08:26.906,m,no more,0,,,,,0,,,,,,,
508028,00:08:28.28,m,that's it,0,,,,,1,that,,,,,,
508606,00:08:28.606,m,there's only me here today,0,,,,,1,me,,,,,,
510850,00:08:30.850,m,well,0,,,,,0,,,,,,,
511122,00:08:31.122,m,Papa's home tomorrow from work so,3,papa,home,work,,0,,,,,,,
512958,00:08:32.958,m,you can do tomorrow too,1,tomorrow,,,,1,you,,,,,,
514352,00:08:34.352,m,can I have my leg back please?,1,leg,,,,2,i,my,,,,,
516188,00:08:36.188,m,can I have my leg back please?,1,leg,,,,2,i,my,,,,,
517752,00:08:37.752,m,okay,0,,,,,0,,,,,,,
518058,00:08:38.58,m,ah,0,,,,,0,,,,,,,
518398,00:08:38.398,m,thank you,0,,,,,0,,,,,,,
519724,00:08:39.724,m,all the way?,1,way,,,,0,,,,,,,
521492,00:08:41.492,m,oh,0,,,,,0,,,,,,,
521832,00:08:41.832,m,yeah,0,,,,,0,,,,,,,
522478,00:08:42.478,m,we love coffee,1,coffee,,,,1,we,,,,,,
523906,00:08:43.906,m,[scream],0,,,,,0,,,,,,,
524518,00:08:44.518,m,no screaming,0,,,,,0,,,,,,,
525028,00:08:45.28,m,sir,0,,,,,0,,,,,,,
527204,00:08:47.204,m,do you want to go to your room?,1,room,,,,2,you,your,,,,,
529074,00:08:49.74,m,no?,0,,,,,0,,,,,,,
530808,00:08:50.808,m,we only scream in our room,1,room,,,,2,we,our,,,,,
532406,00:08:52.406,m,if you wanna scream,0,,,,,1,you,,,,,,
533086,00:08:53.86,m,you can go to your room,1,room,,,,2,you,your,,,,,
535058,00:08:55.58,m,ah,0,,,,,0,,,,,,,
535602,00:08:55.602,m,xxx,0,,,,,0,,,,,,,
535806,00:08:55.806,m,what did I just say?,0,,,,,1,i,,,,,,
537608,00:08:57.608,m,alright,0,,,,,0,,,,,,,
538220,00:08:58.220,m,go to your room,1,room,,,,1,your,,,,,,
542334,00:09:02.334,m,off,0,,,,,0,,,,,,,
542674,00:09:02.674,m,off to your room,1,room,,,,1,your,,,,,,
544918,00:09:04.918,m,if you want to scream,0,,,,,1,you,,,,,,
545734,00:09:05.734,m,you have to go there,0,,,,,1,you,,,,,,
546516,00:09:06.516,m,you can stay here if you don't want to scream,0,,,,,1,you,,,,,,
548386,00:09:08.386,m,ah,0,,,,,0,,,,,,,
548760,00:09:08.760,m,you wanna scream,0,,,,,1,you,,,,,,
549202,00:09:09.202,m,go to your room,1,room,,,,1,your,,,,,,
552772,00:09:12.772,m,go to your room and sit down,1,room,,,,1,your,,,,,,
554846,00:09:14.846,m,go to your room and sit down,1,room,,,,1,your,,,,,,
557872,00:09:17.872,m,just sit down for a little bit,0,,,,,0,,,,,,,
561408,00:09:21.408,m,go sit down,0,,,,,0,,,,,,,
562360,00:09:22.360,m,go sit down,0,,,,,0,,,,,,,
563856,00:09:23.856,m,oh,0,,,,,0,,,,,,,
564026,00:09:24.26,m,you can scream cause now you're in your room,1,room,,,,2,you,your,,,,,
565624,00:09:25.624,m,go sit down,0,,,,,0,,,,,,,
568514,00:09:28.514,m,go sit down and scream,0,,,,,0,,,,,,,
570996,00:09:30.996,m,don't make me close the door,1,door,,,,1,me,,,,,,
574090,00:09:34.90,m,oh,0,,,,,0,,,,,,,
574158,00:09:34.158,m,you can close the door,1,door,,,,1,you,,,,,,
574940,00:09:34.940,m,alright,0,,,,,0,,,,,,,
575076,00:09:35.76,m,that's cool,0,,,,,0,,,,,,,
576096,00:09:36.96,m,no,0,,,,,0,,,,,,,
576504,00:09:36.504,m,oh,0,,,,,0,,,,,,,
576980,00:09:36.980,m,okay,0,,,,,0,,,,,,,
578442,00:09:38.442,m,why don't you sit down and take a deep breath?,1,breath,,,,1,you,,,,,,
581264,00:09:41.264,m,or close the door and take a deep breath,2,door,breath,,,0,,,,,,,
585208,00:09:45.208,m,how about you just take a deep breath?,1,breath,,,,1,you,,,,,,
588336,00:09:48.336,m,door closed,1,door,,,,0,,,,,,,
612680,00:10:12.680,m,yeah,0,,,,,0,,,,,,,
614278,00:10:14.278,m,yes,0,,,,,0,,,,,,,
615910,00:10:15.910,m,yes,0,,,,,0,,,,,,,
617066,00:10:17.66,m,up?,0,,,,,0,,,,,,,
619072,00:10:19.72,m,ahem,0,,,,,0,,,,,,,
622064,00:10:22.64,m,xxx,0,,,,,0,,,,,,,
623492,00:10:23.492,m,up?,0,,,,,0,,,,,,,
634134,00:10:34.134,m,alright,0,,,,,0,,,,,,,
637364,00:10:37.364,m,let's get your breakfast,1,breakfast,,,,1,your,,,,,,
642532,00:10:42.532,m,uh,0,,,,,0,,,,,,,
644402,00:10:44.402,m,milk for Ema,2,milk,ema,,,0,,,,,,,
646510,00:10:46.510,m,Ema?,1,ema,,,,0,,,,,,,
648720,00:10:48.720,m,Ema?,1,ema,,,,0,,,,,,,
650896,00:10:50.896,m,Ema?,1,ema,,,,0,,,,,,,
653990,00:10:53.990,m,Caleb,1,caleb,,,,0,,,,,,,
669256,00:11:09.256,m,that's a nice song,1,song,,,,1,that,,,,,,
669902,00:11:09.902,m,I like it,0,,,,,2,i,it,,,,,
678028,00:11:18.28,m,oh,0,,,,,0,,,,,,,
678164,00:11:18.164,m,there's a spoon in there,1,spoon,,,,0,,,,,,,
679626,00:11:19.626,m,sweet,0,,,,,0,,,,,,,
688942,00:11:28.942,m,it is dark today,0,,,,,1,it,,,,,,
704718,00:11:44.718,m,xxx,0,,,,,0,,,,,,,
707676,00:11:47.676,m,whoosh,0,,,,,0,,,,,,,
709342,00:11:49.342,m,xxx,0,,,,,0,,,,,,,
712232,00:11:52.232,m,xxx,0,,,,,0,,,,,,,
721752,00:12:01.752,m,oh,0,,,,,0,,,,,,,
721922,00:12:01.922,m,thank you,0,,,,,0,,,,,,,
723962,00:12:03.962,m,very helpful,0,,,,,0,,,,,,,
727430,00:12:07.430,m,xxx,0,,,,,0,,,,,,,
729028,00:12:09.28,m,we might comb your hair today kiddo,2,hair,kiddo,,,2,we,your,,,,,
732292,00:12:12.292,m,although we're gonna comb it tonight in the bath,1,bath,,,,2,we,it,,,,,
733890,00:12:13.890,m,so maybe not,0,,,,,0,,,,,,,
743478,00:12:23.478,m,where is your water?,1,water,,,,1,your,,,,,,
767346,00:12:47.346,m,the leaf?,1,leaf,,,,0,,,,,,,
769386,00:12:49.386,m,hold this please,0,,,,,1,this,,,,,,
772072,00:12:52.72,m,thank you,0,,,,,0,,,,,,,
775506,00:12:55.506,m,the,0,,,,,0,,,,,,,
775846,00:12:55.846,m,the piece of the leaf from xxx?,2,piece,leaf,,,0,,,,,,,
779042,00:12:59.42,m,can you pick up your water bottle please?,1,waterbottle,,,,2,you,your,,,,,
780606,00:13:00.606,m,thank you,0,,,,,0,,,,,,,
782170,00:13:02.170,m,good job,0,,,,,0,,,,,,,
783088,00:13:03.88,m,this thing here?,1,thing,,,,1,this,,,,,,
785740,00:13:05.740,m,it's really dry,0,,,,,1,it,,,,,,
788154,00:13:08.154,m,uh,0,,,,,0,,,,,,,
790976,00:13:10.976,m,can you drink some water please?,1,water,,,,1,you,,,,,,
803726,00:13:23.726,m,you're just chewing on it?,0,,,,,2,you,it,,,,,
804644,00:13:24.644,m,okay,0,,,,,0,,,,,,,
813382,00:13:33.382,m,[grunt],0,,,,,0,,,,,,,
814266,00:13:34.266,m,ahem,0,,,,,0,,,,,,,
815694,00:13:35.694,m,should have offered that lady some coffee,2,lady,coffee,,,1,that,,,,,,
817326,00:13:37.326,m,she xxx,0,,,,,1,she,,,,,,
833238,00:13:53.238,m,this part is super interesting,1,part,,,,1,this,,,,,,
841194,00:14:01.194,m,what?,0,,,,,0,,,,,,,
844798,00:14:04.798,m,what?,0,,,,,0,,,,,,,
845818,00:14:05.818,m,what are you pointing at?,0,,,,,1,you,,,,,,
849422,00:14:09.422,m,the books?,1,books,,,,0,,,,,,,
852448,00:14:12.448,m,those are,0,,,,,1,those,,,,,,
853332,00:14:13.332,m,those are grown up books with no pictures,2,books,pictures,,,1,those,,,,,,
857888,00:14:17.888,m,well,0,,,,,0,,,,,,,
858194,00:14:18.194,m,yeah,0,,,,,0,,,,,,,
858466,00:14:18.466,m,you could totally read them one day,1,day,,,,2,you,them,,,,,
859452,00:14:19.452,m,especially The Tale of Genji,1,thetaleofgenji,,,,0,,,,,,,
860778,00:14:20.778,m,that's the first,0,,,,,1,that,,,,,,
861866,00:14:21.866,m,novel ever written ever,1,novel,,,,0,,,,,,,
864722,00:14:24.722,m,yeah,0,,,,,0,,,,,,,
864960,00:14:24.960,m,it's ancient Japanese,1,japanese,,,,1,it,,,,,,
865742,00:14:25.742,m,you know it's written by a woman?,1,woman,,,,2,you,it,,,,,
867884,00:14:27.884,m,yeah,0,,,,,0,,,,,,,
868564,00:14:28.564,m,your papa studied it in college,2,papa,college,,,2,your,it,,,,,
879512,00:14:39.512,m,no?,0,,,,,0,,,,,,,
880600,00:14:40.600,m,what now?,0,,,,,0,,,,,,,
882708,00:14:42.708,m,oh,0,,,,,0,,,,,,,
883150,00:14:43.150,m,sorry,0,,,,,0,,,,,,,
884034,00:14:44.34,m,I don't understand,0,,,,,1,i,,,,,,
885190,00:14:45.190,m,oh,0,,,,,0,,,,,,,
885666,00:14:45.666,m,please,0,,,,,0,,,,,,,
886040,00:14:46.40,m,book please,1,book,,,,0,,,,,,,
888726,00:14:48.726,m,ah,0,,,,,0,,,,,,,
889440,00:14:49.440,m,let's read the Fox in Socks right?,1,thefoxinsocks,,,,0,,,,,,,
890936,00:14:50.936,m,you were holding Fox in Socks earlier,1,thefoxinsocks,,,,1,you,,,,,,
895526,00:14:55.526,m,yeah,0,,,,,0,,,,,,,
898790,00:14:58.790,m,I like entertainment while I eat too,1,entertainment,,,,1,i,,,,,,
904672,00:15:04.672,m,you have to,0,,,,,1,you,,,,,,
905250,00:15:05.250,m,help help me hold the pages please,1,pages,,,,1,me,,,,,,
907868,00:15:07.868,m,can you hold the book?,1,book,,,,1,you,,,,,,
909058,00:15:09.58,m,good,0,,,,,0,,,,,,,
910894,00:15:10.894,m,alright,0,,,,,0,,,,,,,
911268,00:15:11.268,m,ready?,0,,,,,0,,,,,,,
913274,00:15:13.274,m,alright,0,,,,,0,,,,,,,
913682,00:15:13.682,m,[laugh],0,,,,,0,,,,,,,
997832,00:16:37.832,m,you xxx dropped a blueberry,1,blueberry,,,,1,you,,,,,,
1012486,00:16:52.486,m,ahem,0,,,,,0,,,,,,,
1017416,00:16:57.416,m,what,0,,,,,0,,,,,,,
1017654,00:16:57.654,m,hope you're following,0,,,,,1,you,,,,,,
1083886,00:18:03.886,m,oh,0,,,,,0,,,,,,,
1111800,00:18:31.800,m,I forgot it was here,0,,,,,2,i,it,,,,,
1244808,00:20:44.808,m,do you choose to chew goo too sir?,1,sir,,,,1,you,,,,,,
1293768,00:21:33.768,m,this is one of my favorite parts,1,parts,,,,2,this,my,,,,,
1294822,00:21:34.822,m,ready?,0,,,,,0,,,,,,,
1341606,00:22:21.606,m,cool,0,,,,,0,,,,,,,
1342286,00:22:22.286,m,glad we got that one over with,1,one,,,,2,we,that,,,,,
1357722,00:22:37.722,m,dumb is also a phrase for not being able to speak,1,phrase,,,,0,,,,,,,
1360102,00:22:40.102,m,it doesn't just mean stupid,0,,,,,1,it,,,,,,
1362346,00:22:42.346,m,yeah,0,,,,,0,,,,,,,
1363128,00:22:43.128,m,so he's not actually calling,0,,,,,1,he,,,,,,
1365678,00:22:45.678,m,Mr. Knox stupid here,1,mrknox,,,,0,,,,,,,
1367820,00:22:47.820,m,it's good to keep in mind,0,,,,,0,,,,,,,
1368942,00:22:48.942,m,oh,0,,,,,0,,,,,,,
1369860,00:22:49.860,m,yeah,0,,,,,0,,,,,,,
1370132,00:22:50.132,m,oh,0,,,,,0,,,,,,,
1370370,00:22:50.370,m,wow,0,,,,,0,,,,,,,
1370574,00:22:50.574,m,what happened?,0,,,,,0,,,,,,,
1372954,00:22:52.954,m,who did the,0,,,,,0,,,,,,,
1373396,00:22:53.396,m,uhoh,0,,,,,0,,,,,,,
1374450,00:22:54.450,m,oh,0,,,,,0,,,,,,,
1374926,00:22:54.926,m,yeah,0,,,,,0,,,,,,,
1374960,00:22:54.960,m,you did?,0,,,,,1,you,,,,,,
1375436,00:22:55.436,m,yeah,0,,,,,0,,,,,,,
1375844,00:22:55.844,m,you ripped your book?,1,book,,,,2,you,your,,,,,
1377374,00:22:57.374,m,yeah,0,,,,,0,,,,,,,
1382406,00:23:02.406,m,ready?,0,,,,,0,,,,,,,
1384276,00:23:04.276,m,yeah?,0,,,,,0,,,,,,,
1384514,00:23:04.514,m,ready?,0,,,,,0,,,,,,,
1385398,00:23:05.398,m,okay,0,,,,,0,,,,,,,
1398726,00:23:18.726,m,yes,0,,,,,0,,,,,,,
1399678,00:23:19.678,m,high five,0,,,,,0,,,,,,,
1401242,00:23:21.242,m,yeah,0,,,,,0,,,,,,,
1402500,00:23:22.500,m,thank you,0,,,,,0,,,,,,,
1419976,00:23:39.976,m,come on,0,,,,,0,,,,,,,
1420078,00:23:40.78,m,let's do the last bite first ready?,1,bite,,,,0,,,,,,,
1422084,00:23:42.84,m,for last bite?,1,bite,,,,0,,,,,,,
1426232,00:23:46.232,m,we're in the home stretch of the book,2,homestretch,book,,,1,we,,,,,,
1427422,00:23:47.422,m,so this is good timing,1,timing,,,,1,this,,,,,,
1430754,00:23:50.754,m,last bite,0,,,,,1,bite,,,,,,
1434766,00:23:54.766,m,all done,0,,,,,0,,,,,,,
1436330,00:23:56.330,m,all done,0,,,,,0,,,,,,,
1437656,00:23:57.656,m,all done with your breakfast,1,breakfast,,,,1,your,,,,,,
1440546,00:24:00.546,m,mmhm,0,,,,,0,,,,,,,
1443946,00:24:03.946,m,all done with your food,1,food,,,,1,your,,,,,,
1446734,00:24:06.734,m,alright,0,,,,,0,,,,,,,
1539554,00:25:39.554,m,the,0,,,,,0,,,,,,,
1542784,00:25:42.784,m,yeah,0,,,,,0,,,,,,,
1542988,00:25:42.988,m,I know,0,,,,,1,i,,,,,,
1543396,00:25:43.396,m,books end,2,book,end,,,0,,,,,,,
1544042,00:25:44.42,m,it's very sad,0,,,,,1,it,,,,,,
1545034,00:25:45.34,m,aw,0,,,,,0,,,,,,,
1545436,00:25:45.436,m,it's so sad the book ended,1,book,,,,1,it,,,,,,
1548258,00:25:48.258,m,can you drink some water while I get something to wipe off your face?,3,water,something,face,,3,you,i,your,,,,
1550876,00:25:50.876,m,no?,0,,,,,0,,,,,,,
1551012,00:25:51.12,m,you can't drink water?,1,water,,,,1,you,,,,,,
1554718,00:25:54.718,m,no?,0,,,,,0,,,,,,,
1555330,00:25:55.330,m,alright,0,,,,,0,,,,,,,
1583992,00:26:23.992,m,that was a good yawn,1,yawn,,,,1,that,,,,,,
1591914,00:26:31.914,m,what's up?,0,,,,,0,,,,,,,
1593104,00:26:33.104,m,I know your nose is running,1,nose,,,,2,i,your,,,,,
1596776,00:26:36.776,m,no?,0,,,,,0,,,,,,,
1597694,00:26:37.694,m,do you want to push out at all?,0,,,,,1,you,,,,,,
1599020,00:26:39.20,m,no?,0,,,,,0,,,,,,,
1599462,00:26:39.462,m,okay,0,,,,,0,,,,,,,
1599904,00:26:39.904,m,I'll just wipe it gently,0,,,,,2,i,it,,,,,
1601604,00:26:41.604,m,gentle,0,,,,,0,,,,,,,
1607554,00:26:47.554,m,can you hold this please?,0,,,,,2,you,this,,,,,
1609152,00:26:49.152,m,thank you,0,,,,,0,,,,,,,
1617006,00:26:57.6,m,what's up nudgie baby?,1,nudgiebaby,,,,0,,,,,,,
1619488,00:26:59.488,m,what's up?,0,,,,,0,,,,,,,
1621222,00:27:01.222,m,what?,0,,,,,0,,,,,,,
1625574,00:27:05.574,m,[kiss],0,,,,,0,,,,,,,
1628192,00:27:08.192,m,what's up?,0,,,,,0,,,,,,,
1638970,00:27:18.970,m,oh,0,,,,,0,,,,,,,
1640024,00:27:20.24,m,this box of tissues is empty,1,boxoftissues,,,,1,this,,,,,,
1641384,00:27:21.384,m,what are you doing?,0,,,,,1,you,,,,,,
1650938,00:27:30.938,m,oh,0,,,,,0,,,,,,,
1668772,00:27:48.772,m,we have to mail that thing,1,thing,,,,1,we,that,,,,,
1671338,00:27:51.338,m,fuck,0,,,,,0,,,,,,,
1689358,00:28:09.358,m,book?,1,book,,,,0,,,,,,,
1692282,00:28:12.282,m,which one?,1,one,,,,0,,,,,,,
1696090,00:28:16.90,m,ok,0,,,,,0,,,,,,,
1702992,00:28:22.992,m,bless you,0,,,,,0,,,,,,,
1704420,00:28:24.420,m,uh,0,,,,,0,,,,,,,
1704726,00:28:24.726,m,that was a good one,1,one,,,,1,that,,,,,,
1707446,00:28:27.446,m,hang on right there,0,,,,,0,,,,,,,
1708534,00:28:28.534,m,oh,0,,,,,0,,,,,,,
1708942,00:28:28.942,m,that didn't help,0,,,,,1,that,,,,,,
1719210,00:28:39.210,m,good job waiting,0,,,,,0,,,,,,,
1721590,00:28:41.590,m,one more,0,,,,,0,,,,,,,
1758140,00:29:18.140,m,you still wanna read the book?,1,book,,,,1,you,,,,,,
1761574,00:29:21.574,m,book,1,book,,,,0,,,,,,,
1762628,00:29:22.628,m,what do you say when you want something?,1,something,,,,1,you,,,,,,
1764736,00:29:24.736,m,please,0,,,,,0,,,,,,,
1768238,00:29:28.238,m,I have a feeling like you're not,0,,,,,2,i,you,,,,,
1769632,00:29:29.632,m,paying attention to the book,2,attention,book,,,0,,,,,,,
1784796,00:29:44.796,m,[kiss],0,,,,,0,,,,,,,
1789794,00:29:49.794,m,can you find,0,,,,,1,you,,,,,,
1791732,00:29:51.732,m,can you find d@?,1,d,,,,1,you,,,,,,
1794078,00:29:54.78,m,can you find d@?,1,d,,,,1,you,,,,,,
1799246,00:29:59.246,m,a@ b@ c@ d@,0,,,,,0,,,,,,,
1805434,00:30:05.434,m,yeah?,0,,,,,0,,,,,,,
1807032,00:30:07.32,m,well that's the game button,1,thegamebutton,,,,1,that,,,,,,
1808630,00:30:08.630,m,you're close though,0,,,,,1,you,,,,,,
1809854,00:30:09.854,m,a@ b@ c@ d@,0,,,,,0,,,,,,,
1814750,00:30:14.750,m,good job,0,,,,,0,,,,,,,
1816790,00:30:16.790,m,how about h@ I know you love h@ can you find h@?,1,h,,,,1,you,,,,,,
1821108,00:30:21.108,m,nice job,0,,,,,0,,,,,,,
1822094,00:30:22.94,m,let's see,0,,,,,0,,,,,,,
1822332,00:30:22.332,m,how about a hard one?,1,one,,,,0,,,,,,,
1823114,00:30:23.114,m,can you find,0,,,,,1,you,,,,,,
1824440,00:30:24.440,m,f@?,1,f,,,,0,,,,,,,
1827908,00:30:27.908,m,f@,1,f,,,,0,,,,,,,
1831716,00:30:31.716,m,you want me to sing it?,0,,,,,3,you,me,it,,,,
1838822,00:30:38.822,m,no?,0,,,,,0,,,,,,,
1843548,00:30:43.548,m,that's not f@,1,f,,,,1,that,,,,,,
1844194,00:30:44.194,m,that's v@,1,v,,,,1,that,,,,,,
1845622,00:30:45.622,m,v@ was the letter of the day yesterday right?,1,letter,,,,0,,,,,,,
1847662,00:30:47.662,m,v@ for,1,v,,,,0,,,,,,,
1848274,00:30:48.274,m,va va,0,,,,,0,,,,,,,
1849260,00:30:49.260,m,what was v for?,1,v,,,,0,,,,,,,
1853578,00:30:53.578,m,xxx,0,,,,,0,,,,,,,
1860786,00:31:00.786,m,is it warm in here,0,,,,,1,it,,,,,,
1861976,00:31:01.976,m,or is it just me?,0,,,,,2,it,me,,,,,
1869388,00:31:09.388,m,open a window,1,window,,,,0,,,,,,,
1871870,00:31:11.870,m,I'll just turn on the fan,1,fan,,,,1,i,,,,,,
1873808,00:31:13.808,m,sit up,0,,,,,0,,,,,,,
1875508,00:31:15.508,m,ah,0,,,,,0,,,,,,,
1877378,00:31:17.378,m,oh,0,,,,,0,,,,,,,
1877650,00:31:17.650,m,thank you,0,,,,,0,,,,,,,
1884280,00:31:24.280,m,oh,0,,,,,0,,,,,,,
1885368,00:31:25.368,m,sweet,0,,,,,0,,,,,,,
1886864,00:31:26.864,m,yeah,0,,,,,0,,,,,,,
1887680,00:31:27.680,m,I just remembered I had it,0,,,,,2,i,it,,,,,
1893324,00:31:33.324,m,want to wear some clothes?,1,clothes,,,,0,,,,,,,
1898492,00:31:38.492,m,book?,1,book,,,,0,,,,,,,
1899546,00:31:39.546,m,one track mind?,2,track,mind,,,0,,,,,,,
1903252,00:31:43.252,m,xxx,0,,,,,0,,,,,,,
1903762,00:31:43.762,m,book,1,book,,,,0,,,,,,,
1904204,00:31:44.204,m,what's,0,,,,,0,,,,,,,
1904510,00:31:44.510,m,xxx,0,,,,,0,,,,,,,
1908590,00:31:48.590,m,what?,0,,,,,0,,,,,,,
1909168,00:31:49.168,m,your water?,1,water,,,,1,your,,,,,,
1912874,00:31:52.874,m,okay,0,,,,,0,,,,,,,
1920830,00:32:00.830,m,is water coming out of here?,1,water,,,,0,,,,,,,
1924910,00:32:04.910,m,yes,0,,,,,0,,,,,,,
1925182,00:32:05.182,m,okay,0,,,,,0,,,,,,,
1925420,00:32:05.420,m,good,0,,,,,0,,,,,,,
1926950,00:32:06.950,m,alright,0,,,,,0,,,,,,,
1928854,00:32:08.854,m,look Caleb,1,caleb,,,,0,,,,,,,
1930826,00:32:10.826,m,it says dedicated to Caleb,1,caleb,,,,1,it,,,,,,
1934022,00:32:14.22,m,by Titi,1,titi,,,,0,,,,,,,
1935246,00:32:15.246,m,yeah,0,,,,,0,,,,,,,
1935790,00:32:15.790,m,Titi drew this book,2,titi,book,,,1,this,,,,,,
1937694,00:32:17.694,m,yeah,0,,,,,0,,,,,,,
1938034,00:32:18.34,m,it's dedicated to you,0,,,,,2,it,you,,,,,
1940006,00:32:20.6,m,cause Titi loves you so much,1,titi,,,,1,you,,,,,,
1943848,00:32:23.848,m,ahem,0,,,,,0,,,,,,,
1946058,00:32:26.58,m,you ready?,0,,,,,1,you,,,,,,
1947928,00:32:27.928,m,we're gonna have some music accompaniment,2,music,accompaniment,,,1,we,,,,,,
1951396,00:32:31.396,m,[humming],0,,,,,0,,,,,,,
1984750,00:33:04.750,m,good job,0,,,,,0,,,,,,,
2032282,00:33:52.282,m,I hope Marc never sees this,1,marc,,,,2,i,this,,,,,
2034764,00:33:54.764,m,cause they're recording it,0,,,,,2,they,it,,,,,
2035716,00:33:55.716,m,and Marc wrote this book,2,marc,book,,,1,this,,,,,,
2036362,00:33:56.362,m,I know him,0,,,,,2,i,him,,,,,
2081684,00:34:41.684,m,Caleb,1,caleb,,,,0,,,,,,,
2082262,00:34:42.262,m,are you still paying attention to the book?,2,attention,book,,,1,you,,,,,,
2085118,00:34:45.118,m,okay,0,,,,,0,,,,,,,
2301664,00:38:21.664,m,you're saying Milan?,1,milan,,,,1,you,,,,,,
2303568,00:38:23.568,m,super,0,,,,,0,,,,,,,
2307104,00:38:27.104,m,you're not saying Milan,1,milan,,,,1,you,,,,,,
2309722,00:38:29.722,m,what are you saying?,0,,,,,1,you,,,,,,
2312782,00:38:32.782,m,yawn?,1,yawn,,,,0,,,,,,,
2317440,00:38:37.440,m,can you give me another clue?,1,clue,,,,2,you,me,,,,,
2321486,00:38:41.486,m,I think you're saying yawn,1,yawn,,,,2,i,you,,,,,
2346272,00:39:06.272,m,what are you pointing at?,0,,,,,1,you,,,,,,
2351270,00:39:11.270,m,oh,0,,,,,0,,,,,,,
2359668,00:39:19.668,m,can we put clothes on you?,1,clothes,,,,2,we,you,,,,,
2363918,00:39:23.918,m,oh,0,,,,,0,,,,,,,
2364292,00:39:24.292,m,we're not going outside,1,outside,,,,1,we,,,,,,
2365278,00:39:25.278,m,it's gross,0,,,,,1,it,,,,,,
2365788,00:39:25.788,m,somebody's recording this,0,,,,,1,this,,,,,,
2366808,00:39:26.808,m,and so we have to stay here and pretend we don't notice her,0,,,,,2,we,her,,,,,
2372248,00:39:32.248,m,can we put clothes on you?,1,clothes,,,,2,we,you,,,,,
2375274,00:39:35.274,m,no,0,,,,,0,,,,,,,
2375580,00:39:35.580,m,we can't go outside,1,outside,,,,1,we,,,,,,
2379456,00:39:39.456,m,why are you sorry?,0,,,,,0,,,,,,,
2382754,00:39:42.754,m,xxx,0,,,,,0,,,,,,,
2387990,00:39:47.990,m,I mean,0,,,,,1,i,,,,,,
2388432,00:39:48.432,m,we do have to go outside at some point cause that we have to mail your,2,outside,point,,,2,we,your,,,,,
2390744,00:39:50.744,m,hmm,0,,,,,0,,,,,,,
2391934,00:39:51.934,m,your perfomer's permit,1,performerspermit,,,,1,your,,,,,,
2393770,00:39:53.770,m,not yet,0,,,,,0,,,,,,,
2396286,00:39:56.286,m,not yet,0,,,,,0,,,,,,,
2398530,00:39:58.530,m,xxx,0,,,,,0,,,,,,,
2400060,00:40:00.60,m,no,0,,,,,0,,,,,,,
2466156,00:41:06.156,m,oh,0,,,,,0,,,,,,,
2466428,00:41:06.428,m,there are some coffee grounds on the floor,2,coffeegrounds,floor,,,0,,,,,,,
2497436,00:41:37.436,m,this is,0,,,,,1,this,,,,,,
2498048,00:41:38.48,m,from you last night,1,night,,,,1,you,,,,,,
2513212,00:41:53.212,m,where are you going?,0,,,,,1,you,,,,,,
2514708,00:41:54.708,m,what's the end game here?,1,endgame,,,,0,,,,,,,
2516000,00:41:56.0,m,c,0,,,,,0,,,,,,,
2517462,00:41:57.462,m,that is a box,1,box,,,,1,that,,,,,,
2519570,00:41:59.570,m,what's that the box for?,1,box,,,,1,that,,,,,,
2522290,00:42:02.290,m,what is it the box for?,1,box,,,,1,it,,,,,,
2525962,00:42:05.962,m,I know you wanna open it,0,,,,,3,i,you,it,,,,
2528784,00:42:08.784,m,but why?,0,,,,,0,,,,,,,
2531300,00:42:11.300,m,why?,0,,,,,0,,,,,,,
2539256,00:42:19.256,m,can you figure it out?,0,,,,,2,you,it,,,,,
2542078,00:42:22.78,m,huh?,0,,,,,0,,,,,,,
2542588,00:42:22.588,m,yeah,0,,,,,0,,,,,,,
2542894,00:42:22.894,m,you got the right idea,1,idea,,,,1,you,,,,,,
2544492,00:42:24.492,m,what happens next?,0,,,,,0,,,,,,,
2545580,00:42:25.580,m,how do we open it next?,0,,,,,2,we,it,,,,,
2549184,00:42:29.184,m,what would be the next thing to do?,1,thing,,,,0,,,,,,,
2561968,00:42:41.968,m,help?,0,,,,,0,,,,,,,
2563294,00:42:43.294,m,help?,0,,,,,0,,,,,,,
2564790,00:42:44.790,m,what if we look at it from this angle?,1,angle,,,,3,we,it,this,,,,
2567102,00:42:47.102,m,now what might be the next thing to do?,1,thing,,,,0,,,,,,,
2574174,00:42:54.174,m,oh,0,,,,,0,,,,,,,
2574616,00:42:54.616,m,look,0,,,,,0,,,,,,,
2574888,00:42:54.888,m,you opened it,0,,,,,2,you,it,,,,,
2576724,00:42:56.724,m,uhoh,0,,,,,0,,,,,,,
2578662,00:42:58.662,m,yeah,0,,,,,0,,,,,,,
2579240,00:42:59.240,m,everything that's in there I had to throw out because you rip it,0,,,,,3,i,you,it,,,,
2584646,00:43:04.646,m,uhoh,0,,,,,0,,,,,,,
2589202,00:43:09.202,m,I don't remember what that was,0,,,,,2,i,that,,,,,
2590460,00:43:10.460,m,but it came with it,0,,,,,2,it,it,,,,,
2591004,00:43:11.4,m,and I had to take it out to use it,0,,,,,3,i,it,it,,,,
2596512,00:43:16.512,m,it is a red tab it says,1,redtab,,,,1,it,,,,,,
2600694,00:43:20.694,m,remove red tab before operation,2,redtab,operation,,,0,,,,,,,
2602666,00:43:22.666,m,that's all I remember,0,,,,,2,that,i,,,,,
2604264,00:43:24.264,m,can we put this away and get some clothes on you?,1,clothes,,,,3,we,this,you,,,,
2607596,00:43:27.596,m,can we close it?,0,,,,,2,we,it,,,,,
2609976,00:43:29.976,m,open shut,0,,,,,0,,,,,,,
2611064,00:43:31.64,m,actually,0,,,,,0,,,,,,,
2611370,00:43:31.370,m,that one's dirty,1,one,,,,1,that,,,,,,
2613648,00:43:33.648,m,yeah dirty,0,,,,,0,,,,,,,
2617388,00:43:37.388,m,dirty,0,,,,,0,,,,,,,
2620040,00:43:40.40,m,what happens after open?,0,,,,,0,,,,,,,
2623032,00:43:43.32,m,shut,0,,,,,0,,,,,,,
2626670,00:43:46.670,m,oh,0,,,,,0,,,,,,,
2627044,00:43:47.44,m,so close,0,,,,,0,,,,,,,
2627622,00:43:47.622,m,can we shut it?,0,,,,,2,we,it,,,,,
2631192,00:43:51.192,m,nice,0,,,,,0,,,,,,,
2634082,00:43:54.82,m,I will help you,0,,,,,2,i,you,,,,,
2634864,00:43:54.864,m,I will help you shut it,0,,,,,3,i,you,it,,,,
2636972,00:43:56.972,m,oh,0,,,,,0,,,,,,,
2637542,00:43:57.542,m,well,0,,,,,0,,,,,,,
2637652,00:43:57.652,m,we need to shut it sweetie and put it away,1,sweetie,,,,2,we,it,,,,,
2639012,00:43:59.12,m,so we can put some clothes on,1,clothes,,,,1,we,,,,,,
2640814,00:44:00.814,m,uhoh,0,,,,,0,,,,,,,
2641154,00:44:01.154,m,I know it's not what you want,0,,,,,3,i,it,you,,,,
2644520,00:44:04.520,m,excuse me sir,0,,,,,0,,,,,,,
2649484,00:44:09.484,m,oh,0,,,,,0,,,,,,,
2649960,00:44:09.960,m,Caleb,1,caleb,,,,0,,,,,,,
2650470,00:44:10.470,m,it's an empty box,1,box,,,,1,it,,,,,,
2652646,00:44:12.646,m,but it's an empty box,1,box,,,,1,it,,,,,,
2654414,00:44:14.414,m,yeah,0,,,,,0,,,,,,,
2654788,00:44:14.788,m,there's really nothing very interesting about it,0,,,,,1,it,,,,,,
2656998,00:44:16.998,m,it's just an empty box,1,box,,,,1,it,,,,,,
2658494,00:44:18.494,m,that for some reason,1,reason,,,,0,,,,,,,
2659480,00:44:19.480,m,you remember what it is,0,,,,,2,you,it,,,,,
2663764,00:44:23.764,m,let's go put,0,,,,,0,,,,,,,
2664546,00:44:24.546,m,some clothes on,1,clothes,,,,0,,,,,,,
2665226,00:44:25.226,m,you wanna pick your own clothes today?,1,clothes,,,,1,you,your,,,,,
2668354,00:44:28.354,m,oh,0,,,,,0,,,,,,,
2668558,00:44:28.558,m,no,0,,,,,0,,,,,,,
2668932,00:44:28.932,m,we're not going outside,0,,,,,1,we,,,,,,
2669748,00:44:29.748,m,would you like to stay naked until it's time to go outside?,2,time,outside,,,2,you,it,,,,,
2673420,00:44:33.420,m,naked,0,,,,,0,,,,,,,
2674780,00:44:34.780,m,you don't have to put clothes on if until we go outside,2,clothes,outside,,,2,you,we,,,,,
2676718,00:44:36.718,m,is that fair?,0,1,fair,,,1,that,,,,,,
2679336,00:44:39.336,m,no,0,,,,,0,,,,,,,
2681206,00:44:41.206,m,no,0,,,,,0,,,,,,,
2681376,00:44:41.376,m,no,0,,,,,0,,,,,,,
2683484,00:44:43.484,m,hmm,0,,,,,0,,,,,,,
2683960,00:44:43.960,m,talk to the lady with the camera about outside,3,lady,camera,outside,,0,,,,,,,
2688754,00:44:48.754,m,I didn't actually mean it,0,,,,,2,i,it,,,,,
2689672,00:44:49.672,m,why did I say it?,0,,,,,2,i,it,,,,,
2691576,00:44:51.576,m,[laugh],0,,,,,0,,,,,,,
2694568,00:44:54.568,m,uh,0,,,,,0,,,,,,,
2695486,00:44:55.486,m,listen,0,,,,,0,,,,,,,
2697050,00:44:57.50,m,I understand that you want to  go outside,1,outside,,,,2,i,you,,,,,
2699906,00:44:59.906,m,that was powerful,0,,,,,1,that,,,,,,
2702932,00:45:02.932,m,if you want to scream,0,,,,,1,you,,,,,,
2703884,00:45:03.884,m,where do you go?,0,,,,,1,you,,,,,,
2706366,00:45:06.366,m,where do you go if you want to scream?,0,,,,,1,you,,,,,,
2708984,00:45:08.984,m,you go to your room if you want to scream,1,room,,,,2,you,your,,,,,
2712520,00:45:12.520,m,I understand the desire to scream,1,desire,,,,1,i,,,,,,
2713914,00:45:13.914,m,but you gotta do it in your room,1,room,,,,3,you,it,your,,,,
2722516,00:45:22.516,m,you can take your piano with you,1,piano,,,,2,you,your,,,,,
2725236,00:45:25.236,m,why don't you take your keyboard with you into your room and sit down?,2,keyboard,room,,,2,you,your,,,,,
2729792,00:45:29.792,m,no?,0,,,,,0,,,,,,,
2732886,00:45:32.886,m,then no more screaming okay?,0,,,,,0,,,,,,,
2736966,00:45:36.966,m,uhoh,0,,,,,0,,,,,,,
2738088,00:45:38.88,m,go to your room,1,room,,,,1,your,,,,,,
2740808,00:45:40.808,m,go,0,,,,,0,,,,,,,
2741216,00:45:41.216,m,go to your room,1,room,,,,1,your,,,,,,
2750328,00:45:50.328,m,this is where screaming happens,0,,,,,1,this,,,,,,
2811766,00:46:51.766,m,yeah,0,,,,,0,,,,,,,
2812004,00:46:52.4,m,that's cool,0,,,,,1,that,,,,,,
2812378,00:46:52.378,m,how'd you make it do that?,0,,,,,3,you,it,that,,,,
2819892,00:46:59.892,m,more,0,,,,,0,,,,,,,
2820402,00:47:00.402,m,I know,0,,,,,1,i,,,,,,
2820572,00:47:00.572,m,I would like it to do it again as well,0,,,,,2,i,it,,,,,
2821966,00:47:01.966,m,but I don't know what it did,0,,,,,2,i,it,,,,,
2824380,00:47:04.380,m,yeah,0,,,,,0,,,,,,,
2827508,00:47:07.508,m,what,0,,,,,0,,,,,,,
2828970,00:47:08.970,m,alright,0,,,,,0,,,,,,,
2829344,00:47:09.344,m,it says that,0,,,,,1,it,,,,,,
2830194,00:47:10.194,m,we need,0,,,,,1,we,,,,,,
2831248,00:47:11.248,m,to submit a school form if you're over six,2,schoolform,six,,,1,you,,,,,,
2833492,00:47:13.492,m,which you're not,0,,,,,1,you,,,,,,
2834376,00:47:14.376,m,a health form,1,healthform,,,,0,,,,,,,
2834988,00:47:14.988,m,which I have right here,0,,,,,1,i,,,,,,
2836858,00:47:16.858,m,and a xxx form,1,form,,,,0,,,,,,,
2846174,00:47:26.174,m,[laugh],0,,,,,0,,,,,,,
2848860,00:47:28.860,m,would you like to to fill it again?,0,,,,,2,you,it,,,,,
2851546,00:47:31.546,m,so you can dump it again?,0,,,,,2,you,it,,,,,
2853416,00:47:33.416,m,yeah?,0,,,,,0,,,,,,,
2854436,00:47:34.436,m,why don't we,0,,,,,1,we,,,,,,
2855796,00:47:35.796,m,why don't we do clean up?,0,,,,,1,we,,,,,,
2856986,00:47:36.986,m,so we can dump more balls?,1,balls,,,,1,we,,,,,,
2864602,00:47:44.602,m,we only need the xxx account information the first time we did this,2,accountinformation,time,,,2,we,this,,,,,
2867016,00:47:47.16,m,this is a renewal,1,renewal,,,,1,this,,,,,,
2868376,00:47:48.376,m,and it hasn't changed,0,,,,,1,it,,,,,,
2870756,00:47:50.756,m,so,0,,,,,0,,,,,,,
2871504,00:47:51.504,m,gotta mail it,0,,,,,1,it,,,,,,
2875176,00:47:55.176,m,have you discovered a new way to play,1,way,,,,1,you,,,,,,
2877012,00:47:57.12,m,your keyboard?,1,keyboard,,,,1,your,,,,,,
2880344,00:48:00.344,m,keyboard via bucket?,2,keyboard,bucket,,,0,,,,,,,
2882486,00:48:02.486,m,yeah?,0,,,,,0,,,,,,,
2887450,00:48:07.450,m,more books?,1,books,,,,0,,,,,,,
2888946,00:48:08.946,m,why don't you pick a book?,1,book,,,,1,you,,,,,,
2911522,00:48:31.522,m,I just,0,,,,,1,i,,,,,,
2911828,00:48:31.828,m,I just moved those envelopes to,1,envelopes,,,,2,i,those,,,,,
2913188,00:48:33.188,m,where did I move them to?,0,,,,,2,i,them,,,,,
2914854,00:48:34.854,m,xxx,0,,,,,0,,,,,,,
2925734,00:48:45.734,m,do you need different postage for a manila envelope?,2,postage,manilaenvelope,,,1,you,,,,,,
2941714,00:49:01.714,m,do you need different postage for a manila envelope?,2,postage,manilaenvelope,,,1,you,,,,,,
2959904,00:49:19.904,m,oh,0,,,,,0,,,,,,,
2960312,00:49:20.312,m,nope,0,,,,,0,,,,,,,
2960754,00:49:20.754,m,nope,0,,,,,0,,,,,,,
2961468,00:49:21.468,m,nope,0,,,,,0,,,,,,,
2962454,00:49:22.454,m,uhoh,0,,,,,0,,,,,,,
2962862,00:49:22.862,m,indeed,0,,,,,0,,,,,,,
2964052,00:49:24.52,m,let's leave that alone,0,,,,,1,that,,,,,,
2967010,00:49:27.10,m,I don't know why I put it on the low shelf,1,lowshelf,,,,2,i,it,,,,,
2974218,00:49:34.218,m,that's hand sanitizer,1,handsanitizer,,,,1,that,,,,,,
2976530,00:49:36.530,m,you wanna put some on?,0,,,,,1,you,,,,,,
2978196,00:49:38.196,m,ready?,0,,,,,0,,,,,,,
2978910,00:49:38.910,m,put out hold out your hand,1,hand,,,,1,your,,,,,,
2980440,00:49:40.440,m,look,0,,,,,0,,,,,,,
2980712,00:49:40.712,m,can you make your hand level?,1,handlevel,,,,2,you,your,,,,,
2982990,00:49:42.990,m,that's not level,1,level,,,,1,that,,,,,,
2984316,00:49:44.316,m,I mean like this,0,,,,,2,i,this,,,,,
2986118,00:49:46.118,m,okay,0,,,,,0,,,,,,,
2986594,00:49:46.594,m,ready?,0,,,,,0,,,,,,,
2988260,00:49:48.260,m,okay,0,,,,,0,,,,,,,
2988566,00:49:48.566,m,rub your hands together,1,hands,,,,1,your,,,,,,
2989994,00:49:49.994,m,what?,0,,,,,0,,,,,,,
2991116,00:49:51.116,m,you put it on your shirt,1,shirt,,,,3,you,it,your,,,,
2992748,00:49:52.748,m,that's not the oil that we put after baths where you rub it on yourself,2,oil,baths,,,4,that,we,you,it,,,
2996284,00:49:56.284,m,this is the hand sanitizer that you rub on your hands,2,handsanitizer,hands,,,3,this,you,your,,,,
2999514,00:49:59.514,m,no,0,,,,,0,,,,,,,
2999990,00:49:59.990,m,don't put it on your legs,1,legs,,,,2,it,your,,,,,
3000976,00:50:00.976,m,that's the it has the drying effect,1,dryingeffect,,,,2,that,it,,,,,
3002642,00:50:02.642,m,it's the opposite of what we want,1,opposite,,,,2,it,we,,,,,
3005158,00:50:05.158,m,no,0,,,,,0,,,,,,,
3009102,00:50:09.102,m,you wanted the oil on your legs,2,oil,your,,,2,you,your,,,,,
3011040,00:50:11.40,m,this is not the oil,1,oil,,,,1,this,,,,,,
3012060,00:50:12.60,m,this is the hand sanitizer that we rub our hands together,2,handsanitizer,hands,,,2,this,our,,,,,
3016276,00:50:16.276,m,no,0,,,,,0,,,,,,,
3016684,00:50:16.684,m,do you want the oil for your legs?,2,oil,legs,,,2,you,your,,,,,
3018622,00:50:18.622,m,that's in a different room,1,room,,,,1,that,,,,,,
3021546,00:50:21.546,m,do you wanna go find the oil for your legs?,2,oil,legs,,,2,you,your,,,,,
3023892,00:50:23.892,m,that's not this,0,,,,,2,that,this,,,,,
3025286,00:50:25.286,m,that stays here,0,,,,,1,that,,,,,,
3027020,00:50:27.20,m,this stays here,0,,,,,1,this,,,,,,
3028686,00:50:28.686,m,I know,0,,,,,1,i,,,,,,
3029094,00:50:29.94,m,but let's go find the oil for your legs,2,oil,legs,,,1,your,,,,,,
3032052,00:50:32.52,m,listen xxx baby,1,baby,,,,0,,,,,,,
3033276,00:50:33.276,m,let's go find the oil that you actually want to put on your legs,2,oil,legs,,,2,you,your,,,,,
3036540,00:50:36.540,m,is it still on the back of your hands?,2,back,hands,,,1,your,,,,,,
3038342,00:50:38.342,m,you are tall,1,tall,,,,1,you,,,,,,
3043204,00:50:43.204,m,here,0,,,,,0,,,,,,,
3043646,00:50:43.646,m,I'll trade you this bus,1,bus,,,,3,i,you,this,,,,
3142076,00:52:22.76,m,I saw a pen,1,pen,,,,1,i,,,,,,
3143266,00:52:23.266,m,there it is,0,,,,,1,it,,,,,,
3147856,00:52:27.856,m,okay,0,,,,,0,,,,,,,
3240132,00:54:00.132,m,so that's how letters work,1,letters,,,,1,that,,,,,,
3241764,00:54:01.764,m,Caleb you put the address in the middle,3,caleb,address,middle,,1,you,,,,,,
3244008,00:54:04.8,m,and then,0,,,,,0,,,,,,,
3244756,00:54:04.756,m,our address where you're sending it from goes in the corner,2,address,corner,,,3,our,you,it,,,,
3248224,00:54:08.224,m,so they know where to send it back to even though our information is inside,1,information,,,,3,they,it,our,,,,
3250944,00:54:10.944,m,it's just what we do,0,,,,,2,it,we,,,,,
3252440,00:54:12.440,m,I guess it's also for the post office in case something goes wrong,2,postoffice,something,,,2,i,it,,,,,
3258696,00:54:18.696,m,whoops,0,,,,,0,,,,,,,
3259240,00:54:19.240,m,xxx,0,,,,,0,,,,,,,
3267094,00:54:27.94,m,oh,0,,,,,0,,,,,,,
3267536,00:54:27.536,m,wait,0,,,,,0,,,,,,,
3267842,00:54:27.842,m,can I just almost finished with this?,0,,,,,2,i,this,,,,,
3269168,00:54:29.168,m,you take the cap,1,cap,,,,1,you,,,,,,
3276886,00:54:36.886,m,oh,0,,,,,0,,,,,,,
3277260,00:54:37.260,m,okay,0,,,,,0,,,,,,,
3277702,00:54:37.702,m,ready?,0,,,,,0,,,,,,,
3279878,00:54:39.878,m,push,0,,,,,0,,,,,,,
3280762,00:54:40.762,m,push push push,0,,,,,0,,,,,,,
3282530,00:54:42.530,m,oh,0,,,,,0,,,,,,,
3284332,00:54:44.332,m,click,0,,,,,0,,,,,,,
3285148,00:54:45.148,m,alright,0,,,,,0,,,,,,,
3285726,00:54:45.726,m,this needs a stamp,1,stamp,,,,1,this,,,,,,
3288514,00:54:48.514,m,and I really think I have everything,0,,,,,1,i,,,,,,
3290214,00:54:50.214,m,I need,0,,,,,1,i,,,,,,
3297932,00:54:57.932,m,maybe we should put a little thank you note in there,1,thankyounote,,,,1,we,,,,,,
3299428,00:54:59.428,m,in there,0,,,,,0,,,,,,,
3301060,00:55:01.60,m,just like a little post it note,1,postitnote,,,,0,,,,,,,
3302182,00:55:02.182,m,nope,0,,,,,0,,,,,,,
3302692,00:55:02.692,m,hey,0,,,,,0,,,,,,,
3303236,00:55:03.236,m,don't draw on that,0,,,,,1,that,,,,,,
3304256,00:55:04.256,m,we only draw on,0,,,,,1,we,,,,,,
3304664,00:55:04.664,m,well,0,,,,,0,,,,,,,
3305038,00:55:05.38,m,that is paper,1,paper,,,,1,that,,,,,,
3305990,00:55:05.990,m,you wanna draw?,0,,,,,1,you,,,,,,
3307962,00:55:07.962,m,you can draw right here,0,,,,,1,you,,,,,,
3310138,00:55:10.138,m,you wanna draw on this?,0,,,,,2,you,this,,,,,
3311770,00:55:11.770,m,you can draw with the cap,1,cap,,,,1,you,,,,,,
3312654,00:55:12.654,m,that's cool too,0,,,,,0,,,,,,,
3314320,00:55:14.320,m,xxx,0,,,,,0,,,,,,,
3316734,00:55:16.734,m,you can draw right,0,,,,,0,,,,,,,
3317142,00:55:17.142,m,oh,0,,,,,0,,,,,,,
3317380,00:55:17.380,m,you're just gonna put the cap on?,1,cap,,,,1,you,,,,,,
3329178,00:55:29.178,m,nope,0,,,,,0,,,,,,,
3330300,00:55:30.300,m,it's not folded small enough,0,,,,,1,it,,,,,,
3331456,00:55:31.456,m,I don't think I've ever done that right on the first try ever,0,,,,,2,i,that,,,,,
3365864,00:56:05.864,m,I don't know buddy,1,buddy,,,,1,i,,,,,,
3367088,00:56:07.88,m,you don't have the school today,1,school,,,,1,child,,,,,,
3368720,00:56:08.720,m,and you don't have,0,,,,,1,you,,,,,,
3370148,00:56:10.148,m,swim class,1,swimclass,,,,0,,,,,,,
3370930,00:56:10.930,m,and you you don't have art class and,1,artclass,,,,1,you,,,,,,
3373004,00:56:13.4,m,xxx,0,,,,,0,,,,,,,
3377764,00:56:17.764,m,it's wait,0,,,,,1,it,,,,,,
3378274,00:56:18.274,m,snowing?,0,,,,,0,,,,,,,
3378954,00:56:18.954,m,I'm not really sure what to,0,,,,,1,i,,,,,,
3381096,00:56:21.96,m,this is an,0,,,,,1,this,,,,,,
3382898,00:56:22.898,m,unusual,0,,,,,0,,,,,,,
3383952,00:56:23.952,m,day,1,day,,,,0,,,,,,,
3402312,00:56:42.312,m,can I use that pen please?,1,pen,,,,2,i,that,,,,,
3405032,00:56:45.32,m,what's uhoh?,0,,,,,0,,,,,,,
3405746,00:56:45.746,m,you put it on the,0,,,,,2,you,it,,,,,
3406664,00:56:46.664,m,back of the,1,back,,,,0,,,,,,,
3407854,00:56:47.854,m,pen that's fine,1,pen,,,,0,,,,,,,
3408976,00:56:48.976,m,that's totally fine,0,,,,,1,that,,,,,,
3409622,00:56:49.622,m,can I use it for one second?,1,second,,,,2,i,it,,,,,
3410506,00:56:50.506,m,and then I'll give it back?,0,,,,,2,i,it,,,,,
3412648,00:56:52.648,m,uhoh,0,,,,,0,,,,,,,
3414280,00:56:54.280,m,I'm just gonna write,0,,,,,1,i,,,,,,
3415300,00:56:55.300,m,thank you,0,,,,,0,,,,,,,
3417578,00:56:57.578,m,oh,0,,,,,0,,,,,,,
3417714,00:56:57.714,m,yeah,0,,,,,0,,,,,,,
3418326,00:56:58.326,m,thank you,0,,,,,0,,,,,,,
3419482,00:56:59.482,m,and then I'm gonna sign,0,,,,,1,i,,,,,,
3420944,00:57:00.944,m,cat,1,cat,,,,0,,,,,,,
3422746,00:57:02.746,m,okay,0,,,,,0,,,,,,,
3423766,00:57:03.766,m,okay,0,,,,,0,,,,,,,
3424038,00:57:04.38,m,here,0,,,,,0,,,,,,,
3428322,00:57:08.322,m,I'm sure they get like,0,,,,,1,i,,,,,,
3430226,00:57:10.226,m,tons of these applications,1,applications,,,,1,these,,,,,,
3433286,00:57:13.286,m,silent applications,1,applications,,,,0,,,,,,,
3435190,00:57:15.190,m,thank you,0,,,,,0,,,,,,,
3448076,00:57:28.76,m,that's paper,1,paper,,,,1,that,,,,,,
3448994,00:57:28.994,m,that's cool,0,,,,,0,,,,,,,
3449402,00:57:29.402,m,that counts,0,,,,,1,that,,,,,,
3450932,00:57:30.932,m,this needs tape,1,tape,,,,1,this,,,,,,
3452462,00:57:32.462,m,the stickiness is yucky,1,stickiness,,,,0,,,,,,,
3453618,00:57:33.618,m,it's dead,0,,,,,1,it,,,,,,
3469360,00:57:49.360,m,it's beautiful,0,,,,,0,,,,,,,
3483844,00:58:03.844,m,awesome,0,,,,,0,,,,,,,
3485102,00:58:05.102,m,of course,0,,,,,0,,,,,,,
3485918,00:58:05.918,m,that is the only one that I'd like you to,0,,,,,3,that,i,you,,,,
3487244,00:58:07.244,m,nope,0,,,,,0,,,,,,,
3487686,00:58:07.686,m,okay,0,,,,,0,,,,,,,
3488842,00:58:08.842,m,I'm gonna take this,0,,,,,2,i,this,,,,,
3490678,00:58:10.678,m,and you keep this one,1,one,,,,2,you,this,,,,,
3494044,00:58:14.44,m,and this goes back in the drawer,1,drawer,,,,1,this,,,,,,
3498022,00:58:18.22,m,I know,0,,,,,0,,,,,,,
3498158,00:58:18.158,m,it's pretty awesome,0,,,,,1,it,,,,,,
3500538,00:58:20.538,m,but listen,0,,,,,0,,,,,,,
3501116,00:58:21.116,m,when you grow up,0,,,,,1,you,,,,,,
3502374,00:58:22.374,m,you can work in an office,1,office,,,,1,you,,,,,,
3504210,00:58:24.210,m,and you can just have like,0,,,,,1,you,,,,,,
3505196,00:58:25.196,m,a ton of post it notes just like,1,postitnotes,,,,0,,,,,,,
3506352,00:58:26.352,m,all day,0,,,,,0,,,,,,,
3508562,00:58:28.562,m,all day,0,,,,,0,,,,,,,
3509072,00:58:29.72,m,all the post it notes,2,postitnotes,,,,0,,,,,,,
3511452,00:58:31.452,m,that is a nope,0,,,,,1,that,,,,,,
3512132,00:58:32.132,m,it's empty,0,,,,,1,it,,,,,,
3512676,00:58:32.676,m,it's an empty notebook sweetie,2,notebook,sweetie,,,1,it,,,,,,
3516382,00:58:36.382,m,there are far more interesting books,1,books,,,,0,,,,,,,
3525222,00:58:45.222,m,what's,0,,,,,0,,,,,,,
3525392,00:58:45.392,m,oh,0,,,,,0,,,,,,,
3527874,00:58:47.874,m,uhoh,0,,,,,0,,,,,,,
3528758,00:58:48.758,m,you,0,,,,,1,you,,,,,,
3529336,00:58:49.336,m,have drawn in that book already,1,book,,,,1,that,,,,,,
3530832,00:58:50.832,m,where did I put the envelope?,1,envelope,,,,1,i,,,,,,
3533314,00:58:53.314,m,oh,0,,,,,0,,,,,,,
3533382,00:58:53.382,m,I brought it with me,0,,,,,3,i,it,me,,,,
3535762,00:58:55.762,m,uhoh,0,,,,,0,,,,,,,
3543922,00:59:03.922,m,I got that book in Istanbul,2,book,istanbul,,,2,i,that,,,,,
3566804,00:59:26.804,m,can I put that book away?,1,book,,,,2,i,that,,,,,
3567994,00:59:27.994,m,can you bring it here please?,0,,,,,2,you,it,,,,,
3574794,00:59:34.794,m,thank you so much,0,,,,,0,,,,,,,
3576120,00:59:36.120,m,you are the best helper,1,helper,,,,1,you,,,,,,
3577990,00:59:37.990,m,in the whole world,1,world,,,,0,,,,,,,
3581594,00:59:41.594,m,alright,0,,,,,0,,,,,,,
3583770,00:59:43.770,m,oh,0,,,,,0,,,,,,,
3584042,00:59:44.42,m,that's not where that goes,0,,,,,1,that,that,,,,,
3586014,00:59:46.14,m,alright,0,,,,,0,,,,,,,
3586252,00:59:46.252,m,so we're gonna take,0,,,,,1,we,,,,,,
3588224,00:59:48.224,m,the,0,,,,,0,,,,,,,
3588530,00:59:48.530,m,yeah,0,,,,,0,,,,,,,
3588802,00:59:48.802,m,that's yours,0,,,,,1,that,,,,,,
3589584,00:59:49.584,m,go for that one,1,one,,,,1,that,,,,,,
3591998,00:59:51.998,m,we're gonna take this,0,,,,,2,we,this,,,,,
3593256,00:59:53.256,m,and we're gonna put it here,0,,,,,2,we,it,,,,,
3596962,00:59:56.962,m,and then we're gonna forget about it for a couple days because that's what happens,1,days,,,,2,we,it,,,,,
3600634,01:00:00.634,m,what did I do with my coffee?,1,coffee,,,,2,i,my,,,,,
3611208,01:00:11.208,m,xxx,0,,,,,0,,,,,,,
3613860,01:00:13.860,m,yes,0,,,,,0,,,,,,,
3627868,01:00:27.868,m,I mean,0,,,,,1,i,,,,,,
3628004,01:00:28.4,m,I appreciate that you're asking for help,1,help,,,,2,i,you,,,,,
3629228,01:00:29.228,m,but I think you can do it,0,,,,,3,i,you,it,,,,
3634532,01:00:34.532,m,is that food?,1,food,,,,1,that,,,,,,
3635042,01:00:35.42,m,yes,0,,,,,0,,,,,,,
3641026,01:00:41.26,m,yeah,0,,,,,0,,,,,,,
3641196,01:00:41.196,m,no,0,,,,,0,,,,,,,
3641502,01:00:41.502,m,that's okay,0,,,,,0,,,,,,,
3641808,01:00:41.808,m,I got it,0,,,,,2,i,it,,,,,
3642658,01:00:42.658,m,can you just keep,0,,,,,1,you,,,,,,
3643508,01:00:43.508,m,keep your climbing?,1,climbing,,,,1,your,,,,,,
3652280,01:00:52.280,m,help?,0,,,,,0,,,,,,,
3667886,01:01:07.886,m,hi,0,,,,,0,,,,,,,
3671830,01:01:11.830,m,oh,0,,,,,0,,,,,,,
3672102,01:01:12.102,m,okay,0,,,,,0,,,,,,,
3672408,01:01:12.408,m,bye,0,,,,,0,,,,,,,
3674482,01:01:14.482,m,I love you,0,,,,,2,i,you,,,,,
3679004,01:01:19.4,m,you did it,0,,,,,2,you,it,,,,,
3679548,01:01:19.548,m,you don't need help,0,,,,,1,you,,,,,,
3692740,01:01:32.740,m,what are you trying to do up there?,0,,,,,1,you,,,,,,
3695188,01:01:35.188,m,that doesn't do anything,0,,,,,1,that,,,,,,
3697534,01:01:37.534,m,xxx,0,,,,,0,,,,,,,
3701002,01:01:41.2,m,hi,0,,,,,0,,,,,,,
3702872,01:01:42.872,m,what's up?,0,,,,,0,,,,,,,
3705728,01:01:45.728,m,well,0,,,,,0,,,,,,,
3705796,01:01:45.796,m,let's go do something else because we actually are,1,something,,,,1,we,,,,,,
3707836,01:01:47.836,m,are not supposed to leave while she's here,0,,,,,1,she,,,,,,
3711644,01:01:51.644,m,no,0,,,,,0,,,,,,,
3711882,01:01:51.882,m,we're not supposed to go outside,1,outside,,,,1,we,,,,,,
3713582,01:01:53.582,m,let's go play in your room,1,room,,,,1,your,,,,,,
3724734,01:02:04.734,m,okay,0,,,,,0,,,,,,,
3726128,01:02:06.128,m,what can we do in here?,0,,,,,1,we,,,,,,
3728984,01:02:08.984,m,how about we do some counting?,0,,,,,1,we,,,,,,
3731534,01:02:11.534,m,and some colors,1,colors,,,,0,,,,,,,
3733642,01:02:13.642,m,yeah,0,,,,,0,,,,,,,
3734220,01:02:14.220,m,color,0,,,,,0,,,,,,,
3734866,01:02:14.866,m,alright,0,,,,,0,,,,,,,
3735954,01:02:15.954,m,let's see,0,,,,,0,,,,,,,
3736668,01:02:16.668,m,we'll do colors first,1,colors,,,,1,we,,,,,,
3738980,01:02:18.980,m,what color is this ball?,2,color,ball,,,1,this,,,,,,
3741700,01:02:21.700,m,green,1,green,,,,0,,,,,,,
3744250,01:02:24.250,m,what color is this ball?,2,color,ball,,,1,this,,,,,,
3746052,01:02:26.52,m,blue,1,blue,,,,0,,,,,,,
3748160,01:02:28.160,m,what color is this ball?,2,color,ball,,,1,this,,,,,,
3751934,01:02:31.934,m,no no no,0,,,,,0,,,,,,,
3752478,01:02:32.478,m,that's,0,,,,,1,that,,,,,,
3752920,01:02:32.920,m,that's orange,1,orange,,,,1,that,,,,,,
3753566,01:02:33.566,m,what color is this one?,2,color,one,,,1,this,,,,,,
3756014,01:02:36.14,m,yellow,0,,,,,1,yellow,,,,,,
3756694,01:02:36.694,m,good job,0,,,,,0,,,,,,,
3757510,01:02:37.510,m,alright,0,,,,,0,,,,,,,
3757884,01:02:37.884,m,now what color is this one?,2,this,one,,,1,this,,,,,,
3761080,01:02:41.80,m,huh?,0,,,,,0,,,,,,,
3764072,01:02:44.72,m,I feel like you're saying it backwards,0,,,,,2,i,it,,,,,
3765534,01:02:45.534,m,try again,0,,,,,0,,,,,,,
3766078,01:02:46.78,m,what color?,1,color,,,,0,,,,,,,
3767982,01:02:47.982,m,you said it already,0,,,,,2,you,it,,,,,
3773898,01:02:53.898,m,orange,1,orange,,,,0,,,,,,,
3776244,01:02:56.244,m,there we go,0,,,,,1,we,,,,,,
3778080,01:02:58.80,m,what color is this ball?,2,color,ball,,,1,this,,,,,,
3782228,01:03:02.228,m,pink,1,pink,,,,0,,,,,,,
3783214,01:03:03.214,m,this is the last one,1,one,,,,1,this,,,,,,
3784098,01:03:04.98,m,what color is this ball?,2,color,ball,,,1,this,,,,,,
3787838,01:03:07.838,m,red,1,red,,,,0,,,,,,,
3788654,01:03:08.654,m,yeah,0,,,,,0,,,,,,,
3788892,01:03:08.892,m,where are you,0,,,,,1,you,,,,,,
3789300,01:03:09.300,m,where are you trying to go?,0,,,,,1,you,,,,,,
3790830,01:03:10.830,m,what are you trying to do?,0,,,,,1,you,,,,,,
3791612,01:03:11.612,m,no,0,,,,,0,,,,,,,
3792020,01:03:12.20,m,sir,0,,,,,0,,,,,,,
3792326,01:03:12.326,m,you don't go back there,0,,,,,1,you,,,,,,
3794060,01:03:14.60,m,that's what the tent is in your way for,2,tent,way,,,2,that,your,,,,,
3796610,01:03:16.610,m,huh?,0,,,,,0,,,,,,,
3801370,01:03:21.370,m,this one?,1,one,,,,1,this,,,,,,
3803342,01:03:23.342,m,this one?,1,one,,,,1,this,,,,,,
3805144,01:03:25.144,m,e@ i@ e@ i@ o@,0,,,,,0,,,,,,,
3806436,01:03:26.436,m,we can do e@ i@ e@ i@ o@,0,,,,,1,we,,,,,,
3809292,01:03:29.292,m,alright let's find a good page,1,page,,,,0,,,,,,,
3811332,01:03:31.332,m,e@ i@ e@ i@ o@,0,,,,,0,,,,,,,
3812896,01:03:32.896,m,lets see xxx is probably the best one,1,one,,,,0,,,,,,,
3816058,01:03:36.58,m,what's uhoh?,0,,,,,0,,,,,,,
3816704,01:03:36.704,m,alright,0,,,,,0,,,,,,,
3819424,01:03:39.424,m,sure,0,,,,,0,,,,,,,
3828944,01:03:48.944,m,they had an Ema?,1,ema,,,,1,they,,,,,,
3868486,01:04:28.486,m,want some privacy?,1,privacy,,,,0,,,,,,,
3870356,01:04:30.356,m,cool,0,,,,,0,,,,,,,
3897216,01:04:57.216,m,can you make that noise?,1,noise,,,,2,you,that,,,,,
3898882,01:04:58.882,m,yeah,0,,,,,0,,,,,,,
3899698,01:04:59.698,m,here an,0,,,,,0,,,,,,,
4021282,01:07:01.282,m,I'm,0,,,,,1,i,,,,,,
4021520,01:07:01.520,m,I'm up with it ready?,0,,,,,2,i,it,,,,,
4039506,01:07:19.506,m,yeah,0,,,,,0,,,,,,,
4039744,01:07:19.744,m,you're reading?,0,,,,,1,you,,,,,,
4041716,01:07:21.716,m,what does it say?,0,,,,,1,it,,,,,,
4045116,01:07:25.116,m,xxx,0,,,,,0,,,,,,,
4069018,01:07:49.18,m,good job,0,,,,,0,,,,,,,
4069528,01:07:49.528,m,xxx,0,,,,,0,,,,,,,
4074152,01:07:54.152,m,you remember what it's called?,0,,,,,2,you,it,,,,,
4096626,01:08:16.626,m,what's,0,,,,,0,,,,,,,
4098190,01:08:18.190,m,what's,0,,,,,0,,,,,,,
4099856,01:08:19.856,m,can you be more specific?,0,,,,,1,you,,,,,,
4103460,01:08:23.460,m,you mean the milk stains on the floor?,2,stains,floor,,,1,you,,,,,,
4105976,01:08:25.976,m,do you wanna clean it?,0,,,,,2,you,it,,,,,
4109104,01:08:29.104,m,that Papa said you poured on the floor yesterday?,2,papa,floor,,,1,you,,,,,,
4112776,01:08:32.776,m,I was not here for that,0,,,,,2,i,that,,,,,
4117434,01:08:37.434,m,here,0,,,,,0,,,,,,,
4128042,01:08:48.42,m,good job,0,,,,,0,,,,,,,
4130320,01:08:50.320,m,you are the best helper,1,helper,,,,1,you,,,,,,
4143376,01:09:03.376,m,what's,0,,,,,0,,,,,,,
4144600,01:09:04.600,m,you're doing great,0,,,,,1,you,,,,,,
4146096,01:09:06.96,m,yeah,0,,,,,0,,,,,,,
4146334,01:09:06.334,m,there's still some more,0,,,,,0,,,,,,,
4146946,01:09:06.946,m,there's some right there you wanna get that one right there?,1,one,,,,2,you,that,,,,,
4149462,01:09:09.462,m,nice job,0,,,,,0,,,,,,,
4154494,01:09:14.494,m,I think we're okay,0,,,,,2,i,we,,,,,
4158064,01:09:18.64,m,there's some right here,0,,,,,0,,,,,,,
4159390,01:09:19.390,m,underneath your knee,1,knee,,,,1,your,,,,,,
4162314,01:09:22.314,m,oh look you know what your knee is,1,knee,,,,2,you,your,,,,,
4168162,01:09:28.162,m,okay,0,,,,,0,,,,,,,
4170168,01:09:30.168,m,do you wanna throw these out?,0,,,,,2,you,these,,,,,
4193152,01:09:53.152,m,there's one in your other hand,2,one,hand,,,1,your,,,,,,
4196178,01:09:56.178,m,yup,0,,,,,0,,,,,,,
4198898,01:09:58.898,m,good job,0,,,,,0,,,,,,,
4200054,01:10:00.54,m,good job,0,,,,,0,,,,,,,
4201652,01:10:01.652,m,alright,0,,,,,0,,,,,,,
4202502,01:10:02.502,m,high five,0,,,,,0,,,,,,,
4204848,01:10:04.848,m,didn't even look,0,,,,,0,,,,,,,
4210050,01:10:10.50,m,you want her to go in your room?,1,room,,,,3,you,her,your,,,,
4265878,01:11:05.878,m,hi,0,,,,,0,,,,,,,
4269210,01:11:09.210,m,can we come in?,0,,,,,0,,,,,,,
4271182,01:11:11.182,m,I brought you some balls,1,balls,,,,2,i,you,,,,,
4273188,01:11:13.188,m,do you wanna do some bumba?,1,bumba,,,,1,you,,,,,,
4275636,01:11:15.636,m,yeah?,0,,,,,0,,,,,,,
4275942,01:11:15.942,m,you wanna bumba?,1,bumba,,,,1,you,,,,,,
4278968,01:11:18.968,m,we have to get the balls to bumba,2,balls,bumba,,,1,we,,,,,,
4284136,01:11:24.136,m,yep,0,,,,,0,,,,,,,
4285938,01:11:25.938,m,uh oh,0,,,,,0,,,,,,,
4289066,01:11:29.66,m,if you pour them out,0,,,,,2,you,them,,,,,
4290052,01:11:30.52,m,we can't bumba,1,bumba,,,,1,we,,,,,,
4297464,01:11:37.464,m,do you wanna,0,,,,,1,you,,,,,,
4297906,01:11:37.906,m,here,0,,,,,0,,,,,,,
4298076,01:11:38.76,m,if you do some clean up,0,,,,,1,you,,,,,,
4299572,01:11:39.572,m,then we can bumba,1,bumba,,,,1,we,,,,,,
4302564,01:11:42.564,m,yeah,0,,,,,0,,,,,,,
4305862,01:11:45.862,m,you know,0,,,,,1,you,,,,,,
4306236,01:11:46.236,m,you have to get the balls,1,balls,,,,1,you,,,,,,
4308616,01:11:48.616,m,and put them in the bucket,1,bucket,,,,1,them,,,,,,
4309670,01:11:49.670,m,so we can bumba,1,bumba,,,,1,we,,,,,,
4313546,01:11:53.546,m,do you wanna bumba?,1,bumba,,,,1,you,,,,,,
4317014,01:11:57.14,m,throw the balls,1,balls,,,,0,,,,,,,
4320142,01:12:00.142,m,yeah,0,,,,,0,,,,,,,
4324052,01:12:04.52,m,here,0,,,,,0,,,,,,,
4326194,01:12:06.194,m,more what?,0,,,,,0,,,,,,,
4331566,01:12:11.566,m,more up down up down?,0,,,,,0,,,,,,,
4340406,01:12:20.406,m,up down up down,0,,,,,0,,,,,,,
4350334,01:12:30.334,m,okay,0,,,,,0,,,,,,,
4350640,01:12:30.640,m,the first words are definitely up,1,words,,,,0,,,,,,,
4353020,01:12:33.20,m,what's the second word you're saying?,1,word,,,,0,,,,,,,
4357372,01:12:37.372,m,yeah,0,,,,,0,,,,,,,
4357644,01:12:37.644,m,up down up down,0,,,,,0,,,,,,,
4358494,01:12:38.494,m,you want,0,,,,,1,you,,,,,,
4358936,01:12:38.936,m,you want me to do up down?,0,,,,,2,you,me,,,,,
4368014,01:12:48.14,m,you wanna do some up down?,0,,,,,1,you,,,,,,
4371584,01:12:51.584,m,okay,0,,,,,0,,,,,,,
4371856,01:12:51.856,m,let's see,0,,,,,0,,,,,,,
4373624,01:12:53.624,m,alright,0,,,,,0,,,,,,,
4373930,01:12:53.930,m,you call it,0,,,,,2,you,it,,,,,
4374882,01:12:54.882,m,you tell me up or down okay?,0,,,,,2,you,me,,,,,
4378520,01:12:58.520,m,well it has to be one at a time,0,,,,,1,it,,,,,,
4379676,01:12:59.676,m,we can't do up and down at the same time,1,time,,,,1,we,,,,,,
4381818,01:13:01.818,m,so right now we're up,0,,,,,1,we,,,,,,
4384096,01:13:04.96,m,what's after down?,0,,,,,0,,,,,,,
4385524,01:13:05.524,m,okay,0,,,,,0,,,,,,,
4386578,01:13:06.578,m,up,0,,,,,0,,,,,,,
4388482,01:13:08.482,m,down,0,,,,,0,,,,,,,
4395384,01:13:15.384,m,down,0,,,,,0,,,,,,,
4398954,01:13:18.954,m,I don't know what that one was,1,one,,,,2,i,that,,,,,
4401776,01:13:21.776,m,up,0,,,,,0,,,,,,,
4402286,01:13:22.286,m,good,0,,,,,0,,,,,,,
4403884,01:13:23.884,m,down,0,,,,,0,,,,,,,
4405822,01:13:25.822,m,up,0,,,,,0,,,,,,,
4408134,01:13:28.134,m,down,0,,,,,0,,,,,,,
4410276,01:13:30.276,m,up,0,,,,,0,,,,,,,
4412112,01:13:32.112,m,no?,0,,,,,0,,,,,,,
4414016,01:13:34.16,m,outside?,1,outside,,,,0,,,,,,,
4415784,01:13:35.784,m,yes,0,,,,,0,,,,,,,
4416056,01:13:36.56,m,that's right,0,,,,,1,that,,,,,,
4417450,01:13:37.450,m,what do you call that?,0,,,,,2,you,that,,,,,
4421700,01:13:41.700,m,no it's not rain,0,,,,,1,it,,,,,,
4423944,01:13:43.944,m,snow,1,snow,,,,0,,,,,,,
4425712,01:13:45.712,m,that's right,0,,,,,1,that,,,,,,
4426426,01:13:46.426,m,do you know the sign?,1,sign,,,,1,you,,,,,,
4426902,01:13:46.902,m,that was the sign for rain,1,rain,,,,1,that,,,,,,
4427752,01:13:47.752,m,do you know the sign for snow?,1,snow,,,,1,you,,,,,,
4430846,01:13:50.846,m,the sign for snow is the same as the sign for rain except you wiggle your fingers,4,sign,snow,rain,fingers,2,you,your,,,,,
4435640,01:13:55.640,m,that's right,0,,,,,0,,,,,,,
4437136,01:13:57.136,m,so this is rain,0,,,,,1,this,,,,,,
4439142,01:13:59.142,m,and then this is snow,1,snow,,,,1,this,,,,,,
4443460,01:14:03.460,m,yeah,0,,,,,0,,,,,,,
4446078,01:14:06.78,m,you wanna look at it?,0,,,,,2,you,it,,,,,
4447948,01:14:07.948,m,do you want me to get the step stool,1,stepstool,,,,2,you,me,,,,,
4449002,01:14:09.2,m,so you can look at it?,0,,,,,2,you,it,,,,,
4450498,01:14:10.498,m,step stool,1,stepstool,,,,0,,,,,,,
4451892,01:14:11.892,m,okay,0,,,,,0,,,,,,,
4455394,01:14:15.394,m,big one or little one?,2,bigone,littleone,,,0,,,,,,,
4456346,01:14:16.346,m,let's get the little one,1,littleone,,,,0,,,,,,,
4466852,01:14:26.852,m,this is,0,,,,,1,this,,,,,,
4467566,01:14:27.566,m,this is the standing one,1,standingone,,,,1,this,,,,,,
4470082,01:14:30.82,m,yeah,0,,,,,0,,,,,,,
4470864,01:14:30.864,m,do you want the sitting one,1,sittingone,,,,1,you,,,,,,
4471646,01:14:31.646,m,or is the standing one okay?,1,standingone,,,,0,,,,,,,
4480486,01:14:40.486,m,yeah,0,,,,,0,,,,,,,
4480588,01:14:40.588,m,it's cold,0,,,,,1,it,,,,,,
4484464,01:14:44.464,m,man,0,,,,,0,,,,,,,
4484872,01:14:44.872,m,we need to trim your fingernails,1,fingernails,,,,2,we,your,,,,,
4488136,01:14:48.136,m,man,0,,,,,0,,,,,,,
4488544,01:14:48.544,m,maybe you'll be on good behavior because there's an observer,2,behavior,observer,,,1,you,,,,,,
4492862,01:14:52.862,m,which I'm not supposed to remind you about,0,,,,,2,i,you,,,,,
4497622,01:14:57.622,m,yeah cold,0,,,,,0,,,,,,,
4500444,01:15:00.444,m,hot,0,,,,,0,,,,,,,
4501396,01:15:01.396,m,so,0,,,,,0,,,,,,,
4502246,01:15:02.246,m,so if,0,,,,,0,,,,,,,
4504966,01:15:04.966,m,if it wasn't,0,,,,,1,it,,,,,,
4506394,01:15:06.394,m,yucky outside and I,1,outside,,,,1,i,,,,,,
4508298,01:15:08.298,m,didn't,0,,,,,0,,,,,,,
4508638,01:15:08.638,m,have a researcher here,1,researcher,,,,0,,,,,,,
4509862,01:15:09.862,m,we would be running errands right now,1,errands,,,,1,we,,,,,,
4512344,01:15:12.344,m,we'd go to the,0,,,,,1,we,,,,,,
4525196,01:15:25.196,m,keep sticking your fingers in my armpits,2,fingers,armpits,,,2,your,my,,,,,
4527032,01:15:27.32,m,and I'm worried about,0,,,,,1,i,,,,,,
4528596,01:15:28.596,m,what I'm wearing,0,,,,,1,i,,,,,,
4530296,01:15:30.296,m,there,0,,,,,0,,,,,,,
4531860,01:15:31.860,m,and then we would go to,0,,,,,1,we,,,,,,
4550832,01:15:50.832,m,said the,0,,,,,0,,,,,,,
4551410,01:15:51.410,m,magic word,1,word,,,,0,,,,,,,
4555592,01:15:55.592,m,so yeah that,0,,,,,1,that,,,,,,
4556442,01:15:56.442,m,we probably would've done that today,0,,,,,2,we,that,,,,,
4619036,01:16:59.36,m,up,0,,,,,0,,,,,,,
4619580,01:16:59.580,m,yeah,0,,,,,0,,,,,,,
4620158,01:17:00.158,m,that's right,0,,,,,0,,,,,,,
4622674,01:17:02.674,m,down,0,,,,,0,,,,,,,
4624034,01:17:04.34,m,up,0,,,,,0,,,,,,,
4625496,01:17:05.496,m,what's the opposite of up?,1,opposite,,,,0,,,,,,,
4627910,01:17:07.910,m,down,0,,,,,0,,,,,,,
4629406,01:17:09.406,m,down,0,,,,,0,,,,,,,
4631412,01:17:11.412,m,hot,0,,,,,0,,,,,,,
4631956,01:17:11.956,m,that's true,0,,,,,1,that,,,,,,
4632738,01:17:12.738,m,that we are in front of the radiator,1,radiator,,,,1,we,,,,,,
4635798,01:17:15.798,m,yeah,0,,,,,0,,,,,,,
4637668,01:17:17.668,m,how's your nose doing?,1,nose,,,,1,your,,,,,,
4638790,01:17:18.790,m,do you wanna push out?,0,,,,,1,you,,,,,,
4641068,01:17:21.68,m,no?,0,,,,,0,,,,,,,
4642054,01:17:22.54,m,okay,0,,,,,0,,,,,,,
4643992,01:17:23.992,m,outside,1,outside,,,,0,,,,,,,
4644910,01:17:24.910,m,I know you wanna go outside so badly,1,outside,,,,2,i,you,,,,,
4646372,01:17:26.372,m,you love being outside,1,outside,,,,1,you,,,,,,
4652560,01:17:32.560,m,what?,0,,,,,0,,,,,,,
4653818,01:17:33.818,m,no,0,,,,,0,,,,,,,
4654022,01:17:34.22,m,no jumping,0,,,,,0,,,,,,,
4654498,01:17:34.498,m,no jumping on this,0,,,,,1,this,,,,,,
4655212,01:17:35.212,m,you wanna jump?,0,,,,,1,you,,,,,,
4656334,01:17:36.334,m,you can totally jump on the floor,1,floor,,,,1,you,,,,,,
4658272,01:17:38.272,m,show me how good you jump,0,,,,,2,me,you,,,,,
4659598,01:17:39.598,m,now we're going all the way,1,way,,,,1,we,,,,,,
4662658,01:17:42.658,m,okay,0,,,,,0,,,,,,,
4664086,01:17:44.86,m,were you looking at the clouds?,1,clouds,,,,1,you,,,,,,
4665378,01:17:45.378,m,do you wanna look at the clouds on your ceiling?,2,clouds,ceiling,,,2,you,your,,,,,
4668812,01:17:48.812,m,yeah,0,,,,,0,,,,,,,
4669424,01:17:49.424,m,I see all these beautiful clouds,1,clouds,,,,2,i,these,,,,,
4670920,01:17:50.920,m,that's right,0,,,,,1,that,,,,,,
4671464,01:17:51.464,m,Titi painted the clouds for you,2,titi,clouds,,,1,you,,,,,,
4674762,01:17:54.762,m,Ema painted the trees,2,ema,trees,,,0,,,,,,,
4677652,01:17:57.652,m,yeah,0,,,,,0,,,,,,,
4677924,01:17:57.924,m,but Ema used the stencil,2,ema,stencil,,,0,,,,,,,
4679080,01:17:59.80,m,Titi painted the clouds freehand cause she's a great artist,2,titi,clouds,artist,,1,she,,,,,,
4683908,01:18:03.908,m,yes?,0,,,,,0,,,,,,,
4684758,01:18:04.758,m,yes?,0,,,,,0,,,,,,,
4686186,01:18:06.186,m,yes?,0,,,,,0,,,,,,,
4687954,01:18:07.954,m,yes?,0,,,,,0,,,,,,,
4690436,01:18:10.436,m,yes?,0,,,,,0,,,,,,,
4691830,01:18:11.830,m,no,0,,,,,0,,,,,,,
4692102,01:18:12.102,m,Titi's responsible for your beautiful ceiling,2,titi,ceiling,,,1,your,,,,,,
4695876,01:18:15.876,m,yeah,0,,,,,0,,,,,,,
4697984,01:18:17.984,m,I'm,0,,,,,1,i,,,,,,
4698392,01:18:18.392,m,I'm here,0,,,,,1,i,,,,,,
4699276,01:18:19.276,m,I'm Ema,1,ema,,,,1,i,,,,,,
4699990,01:18:19.990,m,I'm here,0,,,,,1,i,,,,,,
4702540,01:18:22.540,m,Titi yeah,1,titi,,,,0,,,,,,,
4703356,01:18:23.356,m,Titi painted the ceiling,2,titi,ceiling,,,0,,,,,,,
4705192,01:18:25.192,m,E Ema painted the trees,2,ema,trees,,,0,,,,,,,
4707912,01:18:27.912,m,and that painting right there,1,painting,,,,1,that,,,,,,
4709816,01:18:29.816,m,she painted that painting,1,painting,,,,2,she,that,,,,,
4711108,01:18:31.108,m,but that was with a,0,,,,,1,that,,,,,,
4712094,01:18:32.94,m,that was a class where they teach you how to paint a painting so I wouldn't,1,class,,,,4,that,they,you,i,,,
4716888,01:18:36.888,m,be concerned about my skills when it comes to that,1,skills,,,,3,my,it,that,,,,
4729468,01:18:49.468,m,you heard,0,,,,,1,you,,,,,,
4729978,01:18:49.978,m,you heard the hall,1,hall,,,,1,you,,,,,,
4731134,01:18:51.134,m,you heard somebody open a door in the hallway,3,somebody,door,hallway,,1,you,,,,,,
4733650,01:18:53.650,m,yeah,0,,,,,0,,,,,,,
4734330,01:18:54.330,m,you heard a lock turn,1,lock,,,,1,you,,,,,,
4736948,01:18:56.948,m,yeah,0,,,,,0,,,,,,,
4741810,01:19:01.810,m,let's see,0,,,,,0,,,,,,,
4742354,01:19:02.354,m,this doesn't have any structure,1,structure,,,,1,this,,,,,,
4743476,01:19:03.476,m,what even,0,,,,,0,,,,,,,
4743816,01:19:03.816,m,what time is it?,1,time,,,,1,it,,,,,,
4744496,01:19:04.496,m,it's nine thirty,0,,,,,1,it,,,,,,
4746230,01:19:06.230,m,it's early,0,,,,,1,it,,,,,,
4751092,01:19:11.92,m,what should we do?,0,,,,,1,we,,,,,,
4754968,01:19:14.968,m,I don't have any,0,,,,,1,i,,,,,,
4756498,01:19:16.498,m,right your nails,1,nails,,,,1,your,,,,,,
4778666,01:19:38.666,m,can I trim your nails please?,1,nails,,,,2,i,your,,,,,
4795802,01:19:55.802,m,let's see if that works,0,,,,,1,that,,,,,,
4805152,01:20:05.152,m,it it's okay,0,,,,,1,it,,,,,,
4805934,01:20:05.934,m,I'm still here,0,,,,,1,i,,,,,,
4806716,01:20:06.716,m,what happened?,0,,,,,0,,,,,,,
4808484,01:20:08.484,m,what happened?,0,,,,,0,,,,,,,
4816100,01:20:16.100,m,you had a boom?,1,boom,,,,1,you,,,,,,
4819738,01:20:19.738,m,yeah,0,,,,,0,,,,,,,
4820214,01:20:20.214,m,that happens sometimes,0,,,,,1,that,,,,,,
4822050,01:20:22.50,m,okay,0,,,,,0,,,,,,,
4824226,01:20:24.226,m,do you wanna read the book that Titi and Aunt Bean made for you?,2,book,titi,auntbean,,1,you,,,,,,
4828136,01:20:28.136,m,Titi Aunt Bean,2,titi,auntbean,,,0,,,,,,,
4832522,01:20:32.522,m,did you,0,,,,,1,you,,,,,,
4833066,01:20:33.66,m,fall into that?,0,,,,,1,that,,,,,,
4834800,01:20:34.800,m,let me kiss,0,,,,,1,me,,,,,,
4837254,01:20:37.254,m,armpit,1,armpit,,,,0,,,,,,,
4838880,01:20:38.880,m,armpit,1,armpit,,,,0,,,,,,,
4842722,01:20:42.722,m,alright,0,,,,,0,,,,,,,
4842892,01:20:42.892,m,here,0,,,,,0,,,,,,,
4843334,01:20:43.334,m,you,0,,,,,1,you,,,,,,
4844014,01:20:44.14,m,why don't you,0,,,,,1,you,,,,,,
4846088,01:20:46.88,m,you're sitting,0,,,,,1,you,,,,,,
4846666,01:20:46.666,m,that's cool,0,,,,,0,,,,,,,
4849522,01:20:49.522,m,you can play with this one,1,one,,,,2,you,this,,,,,
4852140,01:20:52.140,m,and I'm gonna play with this one,1,one,,,,1,i,this,,,,,
4855098,01:20:55.98,m,and we'll read the book,1,book,,,,1,we,,,,,,
4858702,01:20:58.702,m,alright,0,,,,,0,,,,,,,
4860334,01:21:00.334,m,probably should've chosen a book,1,book,,,,0,,,,,,,
4861694,01:21:01.694,m,that doesn't,0,,,,,1,that,,,,,,
4862442,01:21:02.442,m,need,0,,,,,0,,,,,,,
4862782,01:21:02.782,m,the page to be turned so often,1,page,,,,0,,,,,,,
4864482,01:21:04.482,m,alright,0,,,,,0,,,,,,,
4892872,01:21:32.872,m,what?,0,,,,,0,,,,,,,
4893484,01:21:33.484,m,why won't this?,1,,,,,1,this,,,,,,
4894402,01:21:34.402,m,there we go,1,motherandchild,,,,1,we,,,,,,
4981136,01:23:01.136,m,what happened?,0,,,,,0,,,,,,,
4982258,01:23:02.258,m,did somebody trim your nail there?,2,somebody,nail,,,1,your,,,,,,
4983244,01:23:03.244,m,is that?,0,,,,,1,that,,,,,,
4983754,01:23:03.754,m,that's weird,0,,,,,1,that,,,,,,
4984264,01:23:04.264,m,how'd that happen?,0,,,,,1,that,,,,,,
5104488,01:25:04.488,m,you'd be great at that,0,,,,,2,you,that,,,,,
5106120,01:25:06.120,m,you're very determined,0,,,,,1,you,,,,,,
5108296,01:25:08.296,m,yeah,0,,,,,0,,,,,,,
5108704,01:25:08.704,m,that's right,0,,,,,0,,,,,,,
5115028,01:25:15.28,m,you're Hulk baby right?,1,hulkbaby,,,,1,you,,,,,,
5117510,01:25:17.510,m,Hulk baby,1,hulkbaby,,,,0,,,,,,,
5118938,01:25:18.938,m,cause you are very strong,0,,,,,1,you,,,,,,
5122338,01:25:22.338,m,yeah you're so powerful,0,,,,,0,,,,,,,
5124480,01:25:24.480,m,okay,0,,,,,0,,,,,,,
5170924,01:26:10.924,m,did I get a little close?,0,,,,,1,i,,,,,,
5171740,01:26:11.740,m,let me just look I'm,0,,,,,2,me,i,,,,,
5172420,01:26:12.420,m,I'm gonna just look at it,0,,,,,2,i,it,,,,,
5173304,01:26:13.304,m,put the thing down,1,thing,,,,0,,,,,,,
5175344,01:26:15.344,m,I got a little close,0,,,,,1,i,,,,,,
5176330,01:26:16.330,m,alright,0,,,,,0,,,,,,,
5176704,01:26:16.704,m,sorry,0,,,,,0,,,,,,,
5183640,01:26:23.640,m,yeah,0,,,,,0,,,,,,,
5184864,01:26:24.864,m,here,0,,,,,0,,,,,,,
5185034,01:26:25.34,m,I'm gonna move you over,0,,,,,1,i,you,,,,,
5187380,01:26:27.380,m,and I'm gonna sit over here and get your other hand,1,hand,,,,2,i,your,,,,,
5191154,01:26:31.154,m,okay,0,,,,,0,,,,,,,
5272142,01:27:52.142,m,are you clipping me?,0,,,,,2,you,me,,,,,
5273400,01:27:53.400,m,no,0,,,,,0,,,,,,,
5273604,01:27:53.604,m,you're pointing at me,0,,,,,2,you,me,,,,,
5276052,01:27:56.52,m,yeah,0,,,,,0,,,,,,,
5277650,01:27:57.650,m,now you're flipping me,0,,,,,2,you,me,,,,,
5279384,01:27:59.384,m,that was inception,1,inception,,,,1,that,,,,,,
5283600,01:28:03.600,m,okay,0,,,,,0,,,,,,,
5294174,01:28:14.174,m,you're snotty,0,,,,,1,you,,,,,,
5294888,01:28:14.888,m,do you wanna push out?,0,,,,,1,you,,,,,,
5298492,01:28:18.492,m,good job,0,,,,,0,,,,,,,
5299818,01:28:19.818,m,thank you,0,,,,,0,,,,,,,
5300430,01:28:20.430,m,thank you for grooming me,0,,,,,1,me,,,,,,
5302266,01:28:22.266,m,push out?,0,,,,,0,,,,,,,
5303218,01:28:23.218,m,no?,0,,,,,0,,,,,,,
5304102,01:28:24.102,m,yeah,0,,,,,0,,,,,,,
5304340,01:28:24.340,m,I said grooming,0,,,,,1,i,,,,,,
5304986,01:28:24.986,m,that's right,0,,,,,0,,,,,,,
5305496,01:28:25.496,m,that does have to do with hair huh?,1,hair,,,,1,that,,,,,,
5332084,01:28:52.84,m,are you all done with the book?,1,book,,,,1,you,,,,,,
5335178,01:28:55.178,m,what?,0,,,,,0,,,,,,,
5336402,01:28:56.402,m,why are we turning the book back?,1,book,,,,1,we,,,,,,
5338408,01:28:58.408,m,did we miss something?,1,something,,,,1,we,,,,,,
5339258,01:28:59.258,m,did I forget someone?,1,someone,,,,1,i,,,,,,
5346636,01:29:06.636,m,no,0,,,,,0,,,,,,,
5347078,01:29:07.78,m,that's,0,,,,,0,,,,,,,
5348336,01:29:08.336,m,that's it,0,,,,,0,,,,,,,
5348846,01:29:08.846,m,there's no page in between those two,2,page,two,,,1,those,,,,,,
5357992,01:29:17.992,m,yeah?,0,,,,,0,,,,,,,
5359352,01:29:19.352,m,nope that's it,0,,,,,0,,,,,,,
5360032,01:29:20.32,m,it goes h@,0,,,,,1,it,,,,,,
5361324,01:29:21.324,m,i@,0,,,,,0,,,,,,,
5361834,01:29:21.834,m,and then j@,0,,,,,0,,,,,,,
5364180,01:29:24.180,m,on the next page,1,nextpage,,,,0,,,,,,,
5365166,01:29:25.166,m,no that's it,0,,,,,0,,,,,,,
5366254,01:29:26.254,m,but we're not done,0,,,,,1,we,,,,,,
5366934,01:29:26.934,m,there's more book on the other way,2,book,way,,,0,,,,,,,
5368362,01:29:28.362,m,did you,0,,,,,1,you,,,,,,
5369212,01:29:29.212,m,I mean,0,,,,,1,i,,,,,,
5369518,01:29:29.518,m,you're turning it the correct way for the,1,way,,,,2,you,it,,,,,
5371252,01:29:31.252,m,position that you're in,1,position,,,,0,,,,,,,
5372238,01:29:32.238,m,but if you sit here,0,,,,,1,you,,,,,,
5373122,01:29:33.122,m,the book goes that way,2,book,way,,,1,that,,,,,,
5381622,01:29:41.622,m,yeah,0,,,,,0,,,,,,,
5388660,01:29:48.660,m,did I finish my coffee?,1,coffee,,,,2,i,my,,,,,
5390972,01:29:50.972,m,no,0,,,,,0,,,,,,,
5391652,01:29:51.652,m,yes,0,,,,,0,,,,,,,
5393080,01:29:53.80,m,I still have coffee,1,coffee,,,,1,i,,,,,,
5403348,01:30:03.348,m,what are you doing?,0,,,,,1,you,,,,,,
5404810,01:30:04.810,m,no,0,,,,,0,,,,,,,
5405150,01:30:05.150,m,this is Ema's coffee,2,ema,coffee,,,1,this,,,,,,
5406374,01:30:06.374,m,it's ouch,0,,,,,1,it,,,,,,
5407190,01:30:07.190,m,coffee's ouch for babies,2,coffee,babies,,,0,,,,,,,
5408890,01:30:08.890,m,I know,0,,,,,1,i,,,,,,
5409842,01:30:09.842,m,you need water,1,water,,,,1,you,,,,,,
5410386,01:30:10.386,m,where's your water?,1,water,,,,1,your,,,,,,
5412732,01:30:12.732,m,is your water still in the living room?,2,water,livingroom,,,1,your,,,,,,
5428508,01:30:28.508,m,yeah those are,0,,,,,1,those,,,,,,
5430106,01:30:30.106,m,the nail clippers,1,nailclippers,,,,0,,,,,,,
5431398,01:30:31.398,m,that I'm distracting you with,0,,,,,2,i,you,,,,,
5437110,01:30:37.110,m,good job,0,,,,,0,,,,,,,
5438164,01:30:38.164,m,we still have to finish clipping your,0,,,,,2,we,your,,,,,
5439864,01:30:39.864,m,your fingernails,1,fingernails,,,,1,your,,,,,,
5441598,01:30:41.598,m,bye?,0,,,,,0,,,,,,,
5442040,01:30:42.40,m,we're all done with that book?,1,book,,,,1,we,that,,,,,
5444148,01:30:44.148,m,well,0,,,,,0,,,,,,,
5444318,01:30:44.318,m,we didn't finish reading it,0,,,,,2,we,it,,,,,
5446698,01:30:46.698,m,alright,0,,,,,0,,,,,,,
5446970,01:30:46.970,m,all done,0,,,,,0,,,,,,,
5447616,01:30:47.616,m,I hear you,0,,,,,2,i,you,,,,,
5448160,01:30:48.160,m,why don't you put it away?,0,,,,,2,you,it,,,,,
5455402,01:30:55.402,m,nicely done,0,,,,,0,,,,,,,
5456660,01:30:56.660,m,do you wanna pick another book?,1,book,,,,1,you,,,,,,
5457884,01:30:57.884,m,a new book?,1,book,,,,0,,,,,,,
5463290,01:31:03.290,m,book,1,book,,,,0,,,,,,,
5464956,01:31:04.956,m,that's a good one,1,one,,,,1,that,,,,,,
5467370,01:31:07.370,m,but we also have to finish trimming your nails,1,nails,,,,2,we,your,,,,,
5469104,01:31:09.104,m,so why don't you sit here?,0,,,,,1,you,,,,,,
5473014,01:31:13.14,m,so the problem with this book,1,book,,,,1,this,,,,,,
5474476,01:31:14.476,m,and trimming your nails is that this book won't sit open by,2,nails,book,,,2,your,this,,,,,
5477128,01:31:17.128,m,yes it will,0,,,,,1,it,,,,,,
5479202,01:31:19.202,m,okay,0,,,,,0,,,,,,,
5596230,01:33:16.230,m,are you sorry cause you ate the doggies?,1,doggies,,,,1,you,,,,,,
5598746,01:33:18.746,m,that would be a good reason to be sorry,1,reason,,,,1,that,,,,,,
5601942,01:33:21.942,m,not sure why you're sorry,0,,,,,1,you,,,,,,
5604798,01:33:24.798,m,hands are to hold,1,hands,,,,0,,,,,,,
5609286,01:33:29.286,m,yeah,0,,,,,0,,,,,,,
5609524,01:33:29.524,m,a hand is to hold up when you want your turn,2,hand,turn,,,2,you,your,,,,,
5613196,01:33:33.196,m,yeah,0,,,,,0,,,,,,,
5613672,01:33:33.672,m,you want your turn?,1,turn,,,,2,you,your,,,,,
5615032,01:33:35.32,m,your turn for what?,1,turn,,,,1,your,,,,,,
5617038,01:33:37.38,m,good job holding your hand up,1,hand,,,,1,your,,,,,,
5618500,01:33:38.500,m,you hold your hand up,1,hand,,,,2,you,your,,,,,
5619452,01:33:39.452,m,and that means you get your turn,1,turn,,,,3,that,you,your,,,,
5621050,01:33:41.50,m,or you want it signals to the person in charge that you want your turn,2,person,turn,,,3,you,it,your,,,,
5624858,01:33:44.858,m,it doesn't necessarily mean you get your turn,1,turn,,,,3,it,you,your,,,,
5628258,01:33:48.258,m,yeah,0,,,,,0,,,,,,,
5629210,01:33:49.210,m,that's really good hand holding,1,handholding,,,,1,that,,,,,,
5630468,01:33:50.468,m,you're like,0,,,,,1,you,,,,,,
5631284,01:33:51.284,m,Hermione,1,hermione,,,,0,,,,,,,
5631964,01:33:51.964,m,she'd be so proud of you,0,,,,,2,she,you,,,,,
5634378,01:33:54.378,m,yeah,0,,,,,0,,,,,,,
5634718,01:33:54.718,m,get used to that when you're in school,1,school,,,,1,you,,,,,,
5636316,01:33:56.316,m,and you want the teacher's attention,2,teacher,attention,,,1,you,,,,,,
5637608,01:33:57.608,m,that's how you get the teacher's attention,2,teacher,attention,,,2,that,you,,,,,
5639070,01:33:59.70,m,you hold your hand up,1,hand,,,,2,you,your,,,,,
5640940,01:34:00.940,m,you can try that on Miss Kim,1,misskim,,,,2,you,that,,,,,
5642742,01:34:02.742,m,the next time you go to school if you want Miss Kim's attention,4,time,school,misskim,attention,1,you,,,,,,
5644680,01:34:04.680,m,you can just hold your hand up,1,hand,,,,2,you,your,,,,,
5647366,01:34:07.366,m,alright,0,,,,,0,,,,,,,
5698230,01:34:58.230,m,you could,0,,,,,1,you,,,,,,
5699522,01:34:59.522,m,alright,0,,,,,0,,,,,,,
5721520,01:35:21.520,m,yeah that toenail started to,1,toenail,,,,1,that,,,,,,
5723560,01:35:23.560,m,grow in a bad way,1,way,,,,0,,,,,,,
5744776,01:35:44.776,m,you're gonna be two,1,two,,,,1,you,,,,,,
5746000,01:35:46.0,m,what?,0,,,,,0,,,,,,,
5748686,01:35:48.686,m,yeah,0,,,,,0,,,,,,,
5762694,01:36:02.694,m,nice,0,,,,,0,,,,,,,
5763408,01:36:03.408,m,did you wanna hug since arms are to hug with?,1,arms,,,,1,you,,,,,,
5765414,01:36:05.414,m,do you wanna hug?,0,,,,,1,you,,,,,,
5767624,01:36:07.624,m,thank you,0,,,,,0,,,,,,,
5768202,01:36:08.202,m,that was a good hug,1,hug,,,,1,that,,,,,,
5769698,01:36:09.698,m,ears are to wiggle,1,ears,,,,0,,,,,,,
5773540,01:36:13.540,m,see Ema wiggling her ears?,2,ema,ears,,,1,her,,,,,,
5781292,01:36:21.292,m,[laugh],0,,,,,0,,,,,,,
5781700,01:36:21.700,m,I know,0,,,,,1,i,,,,,,
5781938,01:36:21.938,m,it's a genetic trait,1,trait,,,,1,it,,,,,,
5782924,01:36:22.924,m,Bobby can do it too,1,bobby,,,,1,it,,,,,,
5784046,01:36:24.46,m,maybe you'll be able to do it,0,,,,,2,you,it,,,,,
5785032,01:36:25.32,m,I can try to teach you,0,,,,,2,i,you,,,,,
5805534,01:36:45.534,m,it's fun,0,,,,,1,it,,,,,,
5810226,01:36:50.226,m,alright,0,,,,,0,,,,,,,
5812572,01:36:52.572,m,you did it,0,,,,,2,you,it,,,,,
5813660,01:36:53.660,m,you did it,0,,,,,2,you,it,,,,,
5814646,01:36:54.646,m,yay you,0,,,,,1,you,,,,,,
5816040,01:36:56.40,m,yeah,0,,,,,0,,,,,,,
5816652,01:36:56.652,m,they're having so much fun,0,,,,,1,they,,,,,,
5818454,01:36:58.454,m,yeah,0,,,,,0,,,,,,,
5824268,01:37:04.268,m,alright,0,,,,,0,,,,,,,
5840996,01:37:20.996,m,yeah,0,,,,,0,,,,,,,
5842084,01:37:22.84,m,yeah,0,,,,,0,,,,,,,
5858302,01:37:38.302,m,you are very smart,0,,,,,1,you,,,,,,
5861634,01:37:41.634,m,how I wonder what you are,0,,,,,2,i,you,,,,,
5863538,01:37:43.538,m,you can keep singing,0,,,,,1,you,,,,,,
5874112,01:37:54.112,m,what?,0,,,,,0,,,,,,,
5875880,01:37:55.880,m,there's some,0,,,,,0,,,,,,,
5877580,01:37:57.580,m,some nail shavings,1,nailshavings,,,,0,,,,,,,
5879552,01:37:59.552,m,in your seat,1,seat,,,,1,your,,,,,,
5880232,01:38:00.232,m,that's cool,0,,,,,1,that,,,,,,
5880878,01:38:00.878,m,we're gonna,0,,,,,1,we,,,,,,
5881252,01:38:01.252,m,vacuum,0,,,,,0,,,,,,,
5882646,01:38:02.646,m,your carpet after we do this,1,carpet,,,,3,your,we,this,,,,
5885196,01:38:05.196,m,there's no other way,1,way,,,,0,,,,,,,
5886420,01:38:06.420,m,getting you to sit on top of a carpet does not work,1,carpet,,,,1,you,,,,,,
5891078,01:38:11.78,m,we know from experience,1,experience,,,,1,we,,,,,,
6108270,01:41:48.270,m,I don't know if I like the grammar of that sentence,2,grammar,sentence,,,2,i,that,,,,,
6114186,01:41:54.186,m,xxx,0,,,,,0,,,,,,,
6116872,01:41:56.872,m,I don't know where I just put it,0,,,,,2,i,it,,,,,
6153218,01:42:33.218,m,even if we just rinse them and put them in the dishwasher,1,dishwasher,,,,2,we,them,,,,,
6155292,01:42:35.292,m,did I run the dishwasher last night?,2,dishwasher,night,,,1,i,,,,,,
6157162,01:42:37.162,m,I did run the dishwasher last night,2,dishwasher,night,,,1,i,,,,,,
6158488,01:42:38.488,m,I'm a genius,1,genius,,,,1,i,,,,,,
6167294,01:42:47.294,m,yeah,0,,,,,0,,,,,,,
6167532,01:42:47.532,m,that's how much,0,,,,,0,,,,,,,
6168450,01:42:48.450,m,people don't like cats right?,2,people,cats,,,0,,,,,,,
6170898,01:42:50.898,m,yeah,0,,,,,0,,,,,,,
6171986,01:42:51.986,m,that's a stroller for kittens,2,stroller,kittens,,,1,that,,,,,,
6175828,01:42:55.828,m,cats are so you can have kittems,2,cats,kittens,,,1,you,,,,,,
6178378,01:42:58.378,m,yeah,0,,,,,0,,,,,,,
6178582,01:42:58.582,m,you like kittens,1,kittens,,,,1,you,,,,,,
6180044,01:43:00.44,m,you like kitties,1,kittens,,,,1,you,,,,,,
6180996,01:43:00.996,m,do you remember?,0,,,,,1,you,,,,,,
6182424,01:43:02.424,m,we're hugging,0,,,,,1,we,,,,,,
6193134,01:43:13.134,m,yeah,0,,,,,0,,,,,,,
6193474,01:43:13.474,m,wait,0,,,,,0,,,,,,,
6193576,01:43:13.576,m,can you sit down?,0,,,,,1,you,,,,,,
6194460,01:43:14.460,m,we're almost done with the book,1,book,,,,1,we,,,,,,
6195174,01:43:15.174,m,and we're almost done with your toes,1,toes,,,,2,we,your,,,,,
6198370,01:43:18.370,m,I know,0,,,,,1,i,,,,,,
6200274,01:43:20.274,m,alright,0,,,,,0,,,,,,,
6201158,01:43:21.158,m,this next one coming up is one of my favorites,2,one,favorites,,,2,this,my,,,,,
6203436,01:43:23.436,m,are you ready Caleb?,1,caleb,,,,1,you,,,,,,
6205102,01:43:25.102,m,is Ema ready for this?,1,ema,,,,1,this,,,,,,
6207584,01:43:27.584,m,let's see,0,,,,,0,,,,,,,
6208604,01:43:28.604,m,almost,0,,,,,0,,,,,,,
6216186,01:43:36.186,m,no?,0,,,,,0,,,,,,,
6216288,01:43:36.288,m,you don't wanna rub noses?,1,noses,,,,1,you,,,,,,
6217818,01:43:37.818,m,that's fair,0,,,,,0,,,,,,,
6219042,01:43:39.42,m,a nose is to bluh,1,nose,,,,0,,,,,,,
6223224,01:43:43.224,m,why?,0,,,,,0,,,,,,,
6224040,01:43:44.40,m,this is wonderful,0,,,,,1,this,,,,,,
6225468,01:43:45.468,m,what happened?,0,,,,,0,,,,,,,
6228086,01:43:48.86,m,what,0,,,,,0,,,,,,,
6228324,01:43:48.324,m,what,0,,,,,0,,,,,,,
6228630,01:43:48.630,m,what made you,0,,,,,1,you,,,,,,
6229446,01:43:49.446,m,do that?,0,,,,,1,that,,,,,,
6229990,01:43:49.990,m,I don't know what made you do that,0,,,,,3,i,you,that,,,,
6237096,01:43:57.96,m,boo,0,,,,,0,,,,,,,
6238626,01:43:58.626,m,no,0,,,,,0,,,,,,,
6239578,01:43:59.578,m,boo,0,,,,,0,,,,,,,
6240598,01:44:00.598,m,no,0,,,,,0,,,,,,,
6241822,01:44:01.822,m,no,0,,,,,0,,,,,,,
6242241,01:44:02.241,m,it's scary,0,,,,,1,it,,,,,,
6243556,01:44:03.556,m,fraidy cat hug,3,fraidy,cat,hug,,0,,,,,,,
6247296,01:44:07.296,m,we we are in your room,1,room,,,,2,we,your,,,,,
6252940,01:44:12.940,m,okay,0,,,,,0,,,,,,,
6253076,01:44:13.76,m,if you're gonna scream though I'm gonna leave,0,,,,,2,you,i,,,,,
6254946,01:44:14.946,m,and you can scream in your room,1,room,,,,2,you,your,,,,,
6256884,01:44:16.884,m,okay,0,,,,,0,,,,,,,
6257190,01:44:17.190,m,so could you maybe,0,,,,,1,you,,,,,,
6258822,01:44:18.822,m,be done screaming?,0,,,,,0,,,,,,,
6262460,01:44:22.460,m,almost done with your toes,1,toes,,,,1,your,,,,,,
6263480,01:44:23.480,m,I just got one more toe to do,1,toe,,,,1,i,,,,,,
6264534,01:44:24.534,m,and then you're all done,0,,,,,1,you,,,,,,
6266370,01:44:26.370,m,okay,0,,,,,0,,,,,,,
6267118,01:44:27.118,m,okay,0,,,,,0,,,,,,,
6270892,01:44:30.892,m,can you blow your nose?,1,nose,,,,2,you,your,,,,,
6272388,01:44:32.388,m,no,0,,,,,0,,,,,,,
6272592,01:44:32.592,m,we have problems blowing our noses,1,noses,,,,2,we,our,,,,,
6274122,01:44:34.122,m,I know,0,,,,,1,i,,,,,,
6275040,01:44:35.40,m,it's hard to blow your nose,1,nose,,,,2,it,your,,,,,
6276094,01:44:36.94,m,it's kind of scary,0,,,,,1,it,,,,,,
6277454,01:44:37.454,m,good job,0,,,,,0,,,,,,,
6277998,01:44:37.998,m,push out,0,,,,,0,,,,,,,
6282282,01:44:42.282,m,if you blow your nose,1,nose,,,,2,you,your,,,,,
6283370,01:44:43.370,m,and you get all that snot out,1,snot,,,,2,you,that,,,,,
6284288,01:44:44.288,m,I'll have to stop trimming your toenails,1,toenails,,,,2,i,your,,,,,
6286566,01:44:46.566,m,cause I'll have to,0,,,,,1,i,,,,,,
6287382,01:44:47.382,m,wipe your nose,1,nose,,,,1,your,,,,,,
6289660,01:44:49.660,m,you're going back up?,0,,,,,1,you,,,,,,
6293536,01:44:53.536,m,I think we did pretty well,0,,,,,2,i,we,,,,,
6294318,01:44:54.318,m,we did almost every single toe except that last one,2,toe,one,,,2,we,that,,,,,
6312440,01:45:12.440,m,book?,1,book,,,,0,,,,,,,
6315772,01:45:15.772,m,I put it over here,0,,,,,2,i,it,,,,,
6317948,01:45:17.948,m,book,1,book,,,,0,,,,,,,
6318526,01:45:18.526,m,yeah,0,,,,,0,,,,,,,
6318764,01:45:18.764,m,you know what?,0,,,,,1,you,,,,,,
6319036,01:45:19.36,m,I'm gonna grab the vacuum cleaner,1,vacuumcleaner,,,,1,i,,,,,,
6322164,01:45:22.164,m,yeah,0,,,,,0,,,,,,,
6377176,01:46:17.176,m,hey,0,,,,,0,,,,,,,
6377550,01:46:17.550,m,I'm about to run the vaccuum okay?,1,vacuum,,,,1,i,,,,,,
6379862,01:46:19.862,m,yeah,0,,,,,0,,,,,,,
6380236,01:46:20.236,m,it's gonna be loud,0,,,,,1,it,,,,,,
6381052,01:46:21.52,m,ready?,0,,,,,0,,,,,,,
6382684,01:46:22.684,m,ready?,0,,,,,0,,,,,,,
6383772,01:46:23.772,m,no?,0,,,,,0,,,,,,,
6384690,01:46:24.690,m,do you wanna come down before I do it?,0,,,,,3,you,i,it,,,,
6389382,01:46:29.382,m,yeah,0,,,,,0,,,,,,,
6389654,01:46:29.654,m,good job not forgetting your water,1,water,,,,1,your,,,,,,
6390878,01:46:30.878,m,you're awesome,0,,,,,1,you,,,,,,
6398290,01:46:38.290,m,good job saying excuse me,0,,,,,0,,,,,,,
6399344,01:46:39.344,m,I appreciate that,0,,,,,2,i,that,,,,,
6399888,01:46:39.888,m,okay,0,,,,,0,,,,,,,
6400194,01:46:40.194,m,here we go,0,,,,,1,we,,,,,,
6410598,01:46:50.598,m,right,0,,,,,0,,,,,,,
6411006,01:46:51.6,m,I said I would vacuum this,0,,,,,2,i,this,,,,,
6412026,01:46:52.26,m,you're right,0,,,,,1,you,,,,,,
6414134,01:46:54.134,m,good job Caleb,1,caleb,,,,0,,,,,,,
6420424,01:47:00.424,m,excuse me,0,,,,,0,,,,,,,
6422906,01:47:02.906,m,thank you,0,,,,,0,,,,,,,
6460340,01:47:40.340,m,yeah,0,,,,,0,,,,,,,
6460748,01:47:40.748,m,that's the under furniture part,3,under,furniture,part,,1,that,,,,,,
6462788,01:47:42.788,m,of the vaccuum that Papa loves,2,vacuum,papa,,,0,,,,,,,
6465984,01:47:45.984,m,yeah,0,,,,,0,,,,,,,
6466120,01:47:46.120,m,he bought it for himself on his birthday,1,birthday,,,,3,he,it,his,,,,
6477816,01:47:57.816,m,nothing goes in there,0,,,,,0,,,,,,,
6481182,01:48:01.182,m,[laugh],0,,,,,0,,,,,,,
6482032,01:48:02.32,m,to be honest,0,,,,,0,,,,,,,
6482474,01:48:02.474,m,I actually don't know how that one works,1,one,,,,2,i,that,,,,,
6483902,01:48:03.902,m,I don't know what it attaches to,0,,,,,2,i,it,,,,,
6488798,01:48:08.798,m,we are all done with the vacuum,1,vacuum,,,,1,we,,,,,,
6491654,01:48:11.654,m,all done,0,,,,,0,,,,,,,
6497400,01:48:17.400,m,can you,0,,,,,1,you,,,,,,
6499270,01:48:19.270,m,put that piece back?,1,piece,,,,1,that,,,,,,
6500596,01:48:20.596,m,in your hand?,1,hand,,,,1,your,,,,,,
6501344,01:48:21.344,m,can you put it back in the,0,,,,,2,you,it,,,,,
6502500,01:48:22.500,m,goes right here,0,,,,,0,,,,,,,
6504812,01:48:24.812,m,no?,0,,,,,0,,,,,,,
6518990,01:48:38.990,m,yes?,0,,,,,0,,,,,,,
6524668,01:48:44.668,m,it's got a little brush,1,littlebrush,,,,1,it,,,,,,
6526776,01:48:46.776,m,that's cute,0,,,,,1,that,,,,,,
6527660,01:48:47.660,m,and yucky,0,,,,,0,,,,,,,
6529870,01:48:49.870,m,don't touch the brush it's dirty,1,brush,,,,1,it,,,,,,
6535106,01:48:55.106,m,that is so kinda of what it xxx,0,,,,,2,that,it,,,,,
6536670,01:48:56.670,m,I guess cause it goes underneath the furniture,2,furniture,,,,2,i,it,,,,,
6539628,01:48:59.628,m,and then,0,,,,,0,,,,,,,
6540240,01:49:00.240,m,kind of scrapes the bottom,1,bottom,,,,0,,,,,,,
6549386,01:49:09.386,m,maybe it goes in?,0,,,,,1,it,,,,,,
6554180,01:49:14.180,m,I don't know,0,,,,,1,i,,,,,,
6555098,01:49:15.98,m,can we put it back in the closet please?,1,closet,,,,2,we,it,,,,,
6560946,01:49:20.946,m,no?,0,,,,,0,,,,,,,
6561116,01:49:21.116,m,you wanna play with it for a little bit?,0,,,,,2,you,it,,,,,
6564142,01:49:24.142,m,[laugh],0,,,,,0,,,,,,,
6568562,01:49:28.562,m,I mean air techinically does go through it,1,air,,,,2,i,it,,,,,
6569922,01:49:29.922,m,so that was right,0,,,,,1,that,,,,,,
6571588,01:49:31.588,m,yeah,0,,,,,0,,,,,,,
6574138,01:49:34.138,m,but don't put your mouth on it because it's dirty okay?,1,mouth,,,,2,your,it,,,,,
6580326,01:49:40.326,m,can I put it back?,0,,,,,2,i,it,,,,,
6582332,01:49:42.332,m,no?,0,,,,,0,,,,,,,
6624696,01:50:24.696,m,watch your fingers,1,fingers,,,,1,your,,,,,,
6625444,01:50:25.444,m,you wanna move it somewhere?,0,,,,,2,you,it,,,,,
6627484,01:50:27.484,m,where do you wanna move it?,0,,,,,2,you,it,,,,,
6629422,01:50:29.422,m,over here?,0,,,,,0,,,,,,,
6629966,01:50:29.966,m,okay,0,,,,,0,,,,,,,
6630374,01:50:30.374,m,excuse me,0,,,,,0,,,,,,,
6632788,01:50:32.788,m,thank you,0,,,,,0,,,,,,,
6633774,01:50:33.774,m,wait,0,,,,,0,,,,,,,
6634012,01:50:34.12,m,I'm gonna put it where you are,0,,,,,3,i,it,you,,,,
6635406,01:50:35.406,m,can we switch places?,1,places,,,,1,we,,,,,,
6637072,01:50:37.72,m,okay,0,,,,,0,,,,,,,
6639316,01:50:39.316,m,put it this way?,1,way,,,,2,it,this,,,,,
6643566,01:50:43.566,m,you're moving it again,0,,,,,2,you,it,,,,,
6645402,01:50:45.402,m,you wanna tap,0,,,,,1,you,,,,,,
6645980,01:50:45.980,m,you wanna turn it?,0,,,,,2,you,it,,,,,
6649312,01:50:49.312,m,like this?,0,,,,,1,this,,,,,,
6652066,01:50:52.66,m,how's that?,0,,,,,1,that,,,,,,
6653494,01:50:53.494,m,you're still moving it,0,,,,,2,you,it,,,,,
6654514,01:50:54.514,m,there you go,0,,,,,1,you,,,,,,
6655194,01:50:55.194,m,how's that?,0,,,,,1,that,,,,,,
6674676,01:51:14.676,m,yes,0,,,,,0,,,,,,,
6674880,01:51:14.880,m,sweetheart?,1,sweetheart,,,,0,,,,,,,
6679606,01:51:19.606,m,this is a book,1,book,,,,1,this,,,,,,
6680796,01:51:20.796,m,you want it?,0,,,,,2,you,it,,,,,
6695246,01:51:35.246,m,God,1,god,,,,0,,,,,,,
6695450,01:51:35.450,m,these balls are everywhere,1,balls,,,,1,these,,,,,,
6696606,01:51:36.606,m,I think we're gonna clean up the balls,1,balls,,,,2,i,we,,,,,
6708506,01:51:48.506,m,bumba,1,bumba,,,,0,,,,,,,
6708778,01:51:48.778,m,yeah,0,,,,,0,,,,,,,
6708982,01:51:48.982,m,now you want bumba?,1,bumba,,,,1,you,,,,,,
6710512,01:51:50.512,m,you have to help me if you want to do bumba,1,bumba,,,,2,you,me,,,,,
6714218,01:51:54.218,m,Papa normally does bumba yes,2,papa,bumba,,,0,,,,,,,
6715306,01:51:55.306,m,yes,0,,,,,0,,,,,,,
6715748,01:51:55.748,m,but I can do it if you want,0,,,,,3,i,it,you,,,,
6718740,01:51:58.740,m,Papa's at work,2,papa,work,,,0,,,,,,,
6720814,01:52:00.814,m,Papa's at work,2,papa,work,,,0,,,,,,,
6724826,01:52:04.826,m,you wanna call him?,0,,,,,2,you,him,,,,,
6727988,01:52:07.988,m,let's see,0,,,,,0,,,,,,,
6732000,01:52:12.0,m,let's see how busy he is,0,,,,,1,he,,,,,,
6733292,01:52:13.292,m,he's very busy at work,1,work,,,,1,he,,,,,,
6747368,01:52:27.368,m,hey,0,,,,,0,,,,,,,
6749238,01:52:29.238,m,do you have a quick second?,1,second,,,,1,you,,,,,,
6751380,01:52:31.380,m,just to say hi to him?,0,,,,,1,him,,,,,,
6754678,01:52:34.678,m,okay,0,,,,,0,,,,,,,
6755630,01:52:35.630,m,xxx,0,,,,,0,,,,,,,
6757534,01:52:37.534,m,hey Caleb,1,caleb,,,,0,,,,,,,
6758282,01:52:38.282,m,can you say hi to Papa?,1,papa,,,,1,you,,,,,,
6785788,01:53:05.788,m,well,0,,,,,0,,,,,,,
6785924,01:53:05.924,m,he called,0,,,,,1,he,,,,,,
6786876,01:53:06.876,m,we called because he was like bumba,1,bumba,,,,2,we,he,,,,,
6788406,01:53:08.406,m,and I was like sure,0,,,,,1,i,,,,,,
6789154,01:53:09.154,m,and he was like Papa,1,papa,,,,1,he,,,,,,
6793472,01:53:13.472,m,yeah,0,,,,,0,,,,,,,
6800476,01:53:20.476,m,okay,0,,,,,0,,,,,,,
6800918,01:53:20.918,m,so Papa's working,1,papa,,,,0,,,,,,,
6801734,01:53:21.734,m,so we have to say bye,0,,,,,1,we,,,,,,
6802992,01:53:22.992,m,okay?,0,,,,,0,,,,,,,
6806970,01:53:26.970,m,you wanna say I love you?,0,,,,,1,you,,,,,,
6811594,01:53:31.594,m,bye honey,1,honey,,,,0,,,,,,,
6812104,01:53:32.104,m,I love you,0,,,,,0,,,,,,,
6815538,01:53:35.538,m,I have a text,1,text,,,,1,i,,,,,,
6820060,01:53:40.60,m,from Aunt Bean,1,auntbean,,,,0,,,,,,,
6822406,01:53:42.406,m,yeah,0,,,,,0,,,,,,,
6822678,01:53:42.678,m,Aunt Bean,1,auntbean,,,,0,,,,,,,
6835122,01:53:55.122,m,no,0,,,,,0,,,,,,,
6835394,01:53:55.394,m,Waze,1,waze,,,,0,,,,,,,
6835632,01:53:55.632,m,I didn't open you,0,,,,,2,i,you,,,,,
6844676,01:54:04.676,m,okay,0,,,,,0,,,,,,,
6845084,01:54:05.84,m,we trimmed your nails,1,nails,,,,2,we,your,,,,,
6848450,01:54:08.450,m,xxx,0,,,,,0,,,,,,,
6856848,01:54:16.848,m,let's do counting,0,,,,,0,,,,,,,
6861812,01:54:21.812,m,alright,0,,,,,0,,,,,,,
6862492,01:54:22.492,m,check it out,0,,,,,1,it,,,,,,
6863580,01:54:23.580,m,I'm gonna put balls in this bucket,2,balls,bucket,,,2,i,this,,,,,
6865960,01:54:25.960,m,my neck,1,neck,,,,1,my,,,,,,
6866368,01:54:26.368,m,and I want you to count them,0,,,,,3,i,you,them,,,,
6867524,01:54:27.524,m,can you start at one?,1,one,,,,1,you,,,,,,
6870006,01:54:30.6,m,wait,0,,,,,0,,,,,,,
6871434,01:54:31.434,m,I just put one in,1,one,,,,1,i,,,,,,
6874222,01:54:34.222,m,two,1,two,,,,0,,,,,,,
6876330,01:54:36.330,m,three,1,three,,,,0,,,,,,,
6878710,01:54:38.710,m,four,1,four,,,,0,,,,,,,
6880988,01:54:40.988,m,five,1,five,,,,0,,,,,,,
6883334,01:54:43.334,m,six,1,six,,,,0,,,,,,,
6885544,01:54:45.544,m,seven,1,seven,,,,0,,,,,,,
6887652,01:54:47.652,m,eight,1,eight,,,,0,,,,,,,
6892174,01:54:52.174,m,ten,1,ten,,,,0,,,,,,,
6893772,01:54:53.772,m,that's awesome,0,,,,,1,that,,,,,,
6894724,01:54:54.724,m,do you know what's after ten?,1,ten,,,,1,you,,,,,,
6898226,01:54:58.226,m,eleven,1,eleven,,,,0,,,,,,,
6901014,01:55:01.14,m,no,0,,,,,0,,,,,,,
6901218,01:55:01.218,m,it's three syllables,1,syllables,,,,0,,,,,,,
6902544,01:55:02.544,m,eleven,1,eleven,,,,0,,,,,,,
6906318,01:55:06.318,m,that was four syllables,1,syllables,,,,1,that,,,,,,
6911622,01:55:11.622,m,that was pretty good,0,,,,,1,that,,,,,,
6913560,01:55:13.560,m,we have to start over,0,,,,,1,we,,,,,,
6915566,01:55:15.566,m,bumba,1,bumba,,,,0,,,,,,,
6917810,01:55:17.810,m,it's okay,0,,,,,0,,,,,,,
6919170,01:55:19.170,m,it's okay that we have to start over,0,,,,,0,,,,,,,
6921108,01:55:21.108,m,what do we start with?,0,,,,,1,we,,,,,,
6923250,01:55:23.250,m,one,1,one,,,,0,,,,,,,
6925766,01:55:25.766,m,no,0,,,,,0,,,,,,,
6928656,01:55:28.656,m,one,1,one,,,,0,,,,,,,
6931036,01:55:31.36,m,two,1,two,,,,0,,,,,,,
6933246,01:55:33.246,m,three,1,three,,,,0,,,,,,,
6935354,01:55:35.354,m,four,1,four,,,,0,,,,,,,
6937530,01:55:37.530,m,five,1,five,,,,0,,,,,,,
6939910,01:55:39.910,m,no?,0,,,,,0,,,,,,,
6946098,01:55:46.98,m,the bag?,1,bag,,,,0,,,,,,,
6947458,01:55:47.458,m,sure,0,,,,,0,,,,,,,
6950314,01:55:50.314,m,you want me to put them in the bag instead?,1,bag,,,,3,you,me,them,,,,
6952966,01:55:52.966,m,okay,0,,,,,0,,,,,,,
6969728,01:56:09.728,m,you want to color?,0,,,,,1,you,,,,,,
6971700,01:56:11.700,m,you want to draw?,0,,,,,1,you,,,,,,
6973706,01:56:13.706,m,don't go,0,,,,,0,,,,,,,
6974046,01:56:14.46,m,can you answer me?,0,,,,,2,you,me,,,,,
6976596,01:56:16.596,m,want,0,,,,,0,,,,,,,
6977140,01:56:17.140,m,draw?,0,,,,,0,,,,,,,
6977650,01:56:17.650,m,okay,0,,,,,0,,,,,,,
6978364,01:56:18.364,m,we can draw,0,,,,,1,we,,,,,,
6989006,01:56:29.6,m,we should draw,0,,,,,1,we,,,,,,
6990060,01:56:30.60,m,on top of something,1,something,,,,0,,,,,,,
6993256,01:56:33.256,m,draw,0,,,,,0,,,,,,,
6993630,01:56:33.630,m,yeah,0,,,,,0,,,,,,,
6993902,01:56:33.902,m,crayon,1,crayon,,,,0,,,,,,,
6995602,01:56:35.602,m,draw on a paper,1,paper,,,,0,,,,,,,
7000872,01:56:40.872,m,okay,0,,,,,0,,,,,,,
7011412,01:56:51.412,m,hey,0,,,,,0,,,,,,,
7012602,01:56:52.602,m,you just need one crayon to draw with maximum two,3,crayon,maximum,two,,1,you,,,,,,
7017464,01:56:57.464,m,you don't need giant fistfuls,0,,,,,1,you,,,,,,
7020694,01:57:00.694,m,there we go,0,,,,,1,we,,,,,,
7021408,01:57:01.408,m,here,0,,,,,0,,,,,,,
7021680,01:57:01.680,m,let's start with this one,1,one,,,,1,this,,,,,,
7034906,01:57:14.906,m,we're done with that color?,1,color,,,,2,we,that,,,,,
7036470,01:57:16.470,m,what about this color?,1,color,,,,1,this,,,,,,
7046262,01:57:26.262,m,I have a feeling you don't really wanna draw,1,feeling,,,,2,i,you,,,,,
7058910,01:57:38.910,m,what can we do about that?,0,,,,,2,we,that,,,,,
7063024,01:57:43.24,m,you wanna put them back?,0,,,,,2,you,them,,,,,
7076386,01:57:56.386,m,well,0,,,,,0,,,,,,,
7076658,01:57:56.658,m,do you mind if I color?,0,,,,,2,you,i,,,,,
7078426,01:57:58.426,m,I'm gonna color,0,,,,,1,i,,,,,,
7079174,01:57:59.174,m,okay?,0,,,,,0,,,,,,,
7095256,01:58:15.256,m,do you wanna draw a circle?,1,circle,,,,1,you,,,,,,
7098316,01:58:18.316,m,can you try to draw a circle?,1,circle,,,,1,you,,,,,,
7099846,01:58:19.846,m,circle,1,circle,,,,0,,,,,,,
7103586,01:58:23.586,m,you wanna use my,0,,,,,2,you,my,,,,,
7104062,01:58:24.62,m,my crayon?,1,crayon,,,,1,my,,,,,,
7107258,01:58:27.258,m,that's pretty good,0,,,,,1,that,,,,,,
7111372,01:58:31.372,m,good job,0,,,,,0,,,,,,,
7115486,01:58:35.486,m,yeah,0,,,,,0,,,,,,,
7121504,01:58:41.504,m,yeah,0,,,,,0,,,,,,,
7121708,01:58:41.708,m,I used a different color,1,color,,,,1,i,,,,,,
7122898,01:58:42.898,m,no,0,,,,,0,,,,,,,
7123102,01:58:43.102,m,we only draw on paper kiddo,2,paper,kiddo,,,1,we,,,,,,
7127012,01:58:47.12,m,just on paper,1,paper,,,,0,,,,,,,
7134934,01:58:54.934,m,it's drumming,0,,,,,1,it,,,,,,
7135614,01:58:55.614,m,and it's art,1,art,,,,1,it,,,,,,
7182942,01:59:42.942,m,what's the plan?,1,plan,,,,0,,,,,,,
7195556,01:59:55.556,m,performance art,1,performanceart,,,,0,,,,,,,