Timestamp (ms),Timestamp,Speaker,Transcript,Noun (1/0),Noun label 1,Noun label 2 ,Noun label 3,Noun label 4,Noun label 5,Pronoun (1/0),Pronoun label 1,Pronoun label 2,Pronoun label 3,Pronoun label 4,Pronoun label 5,Pronoun label 6,Pronoun label 7,Nouns_Spacy,Pronoun_Spacy,,
8058,00:00:08.58,m,okay,0,,,,,,0,,,,,,,,0,0,0.803691275167785,0.818791946308724
8398,00:00:08.398,m,you are free,0,,,,,,1,you,,,,,,,0,1,,
53686,00:00:53.686,m,what are you doing?,0,,,,,,1,you,,,,,,,0,2,,
54944,00:00:54.944,m,scoot,0,,,,,,0,,,,,,,,0,0,,
57086,00:00:57.86,m,scoot,0,,,,,,0,,,,,,,,0,0,,
234881,00:03:54.881,m,oh,0,,,,,,0,,,,,,,,0,0,,
236362,00:03:56.362,m,good baby book,1,book,,,,,0,,,,,,,,2,0,,
239758,00:03:59.758,m,go sit down,0,,,,,,0,,,,,,,,0,0,,
256250,00:04:16.250,m,[signs],0,,,,,,0,,,,,,,,1,0,,
308984,00:05:08.984,m,put that one away before you get another one,1,one,,,,,2,that,you,,,,,,2,1,,
337546,00:05:37.546,m,there it is,0,,,,,,0,,,,,,,,0,1,,
362547,00:06:02.547,m,mac put that away,1,mac,,,,,1,that,,,,,,,0,1,,
364732,00:06:04.732,m,please,0,,,,,,0,,,,,,,,0,0,,
366678,00:06:06.678,m,huh,0,,,,,,0,,,,,,,,0,0,,
465541,00:07:45.541,m,do you want to bring him out?,0,,,,,,2,you,him,,,,,,0,2,,
467942,00:07:47.942,m,bring him out,0,,,,,,1,him,,,,,,,0,1,,
537849,00:08:57.849,m,come here,0,,,,,,0,,,,,,,,0,0,,
538400,00:08:58.400,m,can you bring this one here so i can see you,1,one,,,,,3,you,this,i,,,,,1,3,,
540010,00:09:00.10,m,come on,0,,,,,,0,,,,,,,,0,0,,
660722,00:11:00.722,m,no,0,,,,,,0,,,,,,,,0,0,,
668746,00:11:08.746,m,where is your baby?,1,baby,,,,,1,your,,,,,,,1,1,,
675716,00:11:15.716,m,over there,0,,,,,,0,,,,,,,,0,0,,
676226,00:11:16.226,m,go get your baby,1,baby,,,,,1,your,,,,,,,1,1,,
831368,00:13:51.368,m,no,0,,,,,,0,,,,,,,,0,0,,
838772,00:13:58.772,m,you can take it,0,,,,,,2,you,it,,,,,,0,2,,
839188,00:13:59.188,m,you just can't hold it,0,,,,,,2,you,it,,,,,,0,2,,
890766,00:14:50.766,m,you stink,0,,,,,,1,you,,,,,,,0,1,,
894108,00:14:54.108,m,no,0,,,,,,0,,,,,,,,0,0,,
898901,00:14:58.901,m,[signs],0,,,,,,0,,,,,,,,1,0,,
908065,00:15:08.65,m,oh it is not the end of the world,2,end,world,,,,1,it,,,,,,,2,1,,
931711,00:15:31.711,m,okay,0,,,,,,0,,,,,,,,0,0,,
934456,00:15:34.456,m,no?,0,,,,,,0,,,,,,,,0,0,,
936700,00:15:36.700,m,i am scrubbing,0,,,,,,1,i,,,,,,,0,1,,
940114,00:15:40.114,m,little grumpy?,0,,,,,,0,,,,,,,,1,0,,
945058,00:15:45.58,m,say all clean,0,,,,,,0,,,,,,,,0,1,,
965843,00:16:05.843,m,you are not stuck,0,,,,,,1,you,,,,,,,0,1,,
966858,00:16:06.858,m,you get changed,0,,,,,,1,you,,,,,,,0,1,,
971856,00:16:11.856,m,okay okay,0,,,,,,0,,,,,,,,0,0,,
982856,00:16:22.856,m,roarrrr,0,,,,,,0,,,,,,,,1,0,,
983552,00:16:23.552,m,go,0,,,,,,0,,,,,,,,0,0,,
983949,00:16:23.949,m,let me get you,0,,,,,,2,me,you,,,,,,0,2,,
985324,00:16:25.324,m,go,0,,,,,,0,,,,,,,,0,0,,
986272,00:16:26.272,m,let me get you,0,,,,,,2,me,you,,,,,,0,2,,
1056160,00:17:36.160,m,don't do that,0,,,,,,1,that,,,,,,,0,1,,
1082220,00:18:02.220,m,wow,0,,,,,,0,,,,,,,,0,0,,
1086742,00:18:06.742,m,laundry on your head,2,laundry,head,,,,1,your,,,,,,,2,1,,
1096595,00:18:16.595,m,thank you,0,,,,,,0,,,,,,,,0,1,,
1099628,00:18:19.628,m,watch your head,1,head,,,,,1,your,,,,,,,1,1,,
1101022,00:18:21.22,m,thank you,0,,,,,,0,,,,,,,,0,1,,
1102076,00:18:22.76,m,[signs] Peter,1,peter,,,,,0,,,,,,,,0,0,,
1102790,00:18:22.790,m,he has to dry though,0,,,,,,1,he,,,,,,,0,1,,
1105646,00:18:25.646,m,he is just getting clean,0,,,,,,1,he,,,,,,,0,1,,
1106768,00:18:26.768,m,he is not,0,,,,,,1,he,,,,,,,0,1,,
1107652,00:18:27.652,m,i am not murdering him,0,,,,,,2,i,him,,,,,,0,2,,
1111664,00:18:31.664,m,go ahead,0,,,,,,0,,,,,,,,0,0,,
1112616,00:18:32.616,m,go,0,,,,,,0,,,,,,,,0,0,,
1113392,00:18:33.392,m,go,0,,,,,,0,,,,,,,,0,0,,
1114808,00:18:34.808,m,go,0,,,,,,0,,,,,,,,0,0,,
1124845,00:18:44.845,m,[signs],0,,,,,,0,,,,,,,,1,0,,
1133764,00:18:53.764,m,he will be up dude,1,dude,,,,,1,he,,,,,,,0,1,,
1135124,00:18:55.124,m,chill,0,,,,,,0,,,,,,,,1,0,,
1146310,00:19:06.310,m,he is getting change,0,,,,,,1,he,,,,,,,1,1,,
1204178,00:20:04.178,m,straberray?,1,straberray,,,,,0,,,,,,,,0,0,,
1217516,00:20:17.516,m,yeah,0,,,,,,0,,,,,,,,0,0,,
1219216,00:20:19.216,m,going to work,0,,,,,,0,,,,,,,,0,0,,
1238790,00:20:38.790,m,it is so wired,0,,,,,,1,it,,,,,,,0,1,,
1239980,00:20:39.980,m,i don't think they give a xxx,0,,,,,,2,it,they,,,,,,0,3,,
1262352,00:21:02.352,m,like she is just not there,0,,,,,,1,she,,,,,,,0,1,,
1313930,00:21:53.930,m,say thank you,0,,,,,,0,,,,,,,,0,1,,
1318010,00:21:58.10,m,love you too,0,,,,,,1,you,,,,,,,0,1,,
1323042,00:22:03.42,m,we are leaving on time today right?,0,,,,,,1,we,,,,,,,2,1,,
1326306,00:22:06.306,m,what time is xxx coming?,1,time,,,,,0,,,,,,,,1,0,,
1328210,00:22:08.210,m,6?,0,,,,,,0,,,,,,,,0,0,,
1330896,00:22:10.896,m,alright,0,,,,,,0,,,,,,,,0,0,,
1331406,00:22:11.406,m,thank you,0,,,,,,0,,,,,,,,0,1,,
1370812,00:22:50.812,m,you have to clip it,0,,,,,,2,you,it,,,,,,0,2,,
1372302,00:22:52.302,m,oop no,0,,,,,,0,,,,,,,,0,1,,
1374722,00:22:54.722,m,thank you,0,,,,,,0,,,,,,,,0,1,,
1445510,00:24:05.510,m,you are welcome,0,,,,,,1,you,,,,,,,0,1,,
1449862,00:24:09.862,m,there you go buddy,1,buddy,,,,,1,you,,,,,,,1,1,,
1550366,00:25:50.366,m,can you take a bite please?,1,bite,,,,,1,you,,,,,,,1,1,,
1552678,00:25:52.678,m,thank you,0,,,,,,0,,,,,,,,0,1,,
1558764,00:25:58.764,m,pen?,1,pen,,,,,0,,,,,,,,1,0,,
1559376,00:25:59.376,m,you want me to clip it?,0,,,,,,3,you,me,it,,,,,0,3,,
1562059,00:26:02.59,m,here you go,0,,,,,,1,you,,,,,,,0,1,,
1567196,00:26:07.196,m,[clear throat],0,,,,,,0,,,,,,,,1,0,,
1600846,00:26:40.846,m,it's okay,0,,,,,,0,,,,,,,,0,1,,
1607758,00:26:47.758,m,what?,0,,,,,,0,,,,,,,,0,1,,
1610614,00:26:50.614,m,here,0,,,,,,0,,,,,,,,0,0,,
1611381,00:26:51.381,m,put this aside,0,,,,,,1,this,,,,,,,0,1,,
1612110,00:26:52.110,m,get another one,1,one,,,,,0,,,,,,,,1,0,,
1613708,00:26:53.708,m,[signs],0,,,,,,0,,,,,,,,1,0,,
1614184,00:26:54.184,m,what's that,0,,,,,,1,that,,,,,,,0,2,,
1616462,00:26:56.462,m,go ahead,0,,,,,,0,,,,,,,,0,0,,
1617142,00:26:57.142,m,color that one,1,one,,,,,1,that,,,,,,,1,0,,
1622684,00:27:02.684,m,yellow,1,yellow,,,,,0,,,,,,,,0,0,,
1625154,00:27:05.154,m,yellow,1,yellow,,,,,0,,,,,,,,0,0,,
1628192,00:27:08.192,m,orange,1,orange,,,,,0,,,,,,,,0,0,,
1633224,00:27:13.224,m,yellow,1,yellow,,,,,0,,,,,,,,0,0,,
1654270,00:27:34.270,m,it's papa?,1,papa,,,,,1,it,,,,,,,0,1,,
1654916,00:27:34.916,m,that's not papa,1,papa,,,,,1,that,,,,,,,0,1,,
1657500,00:27:37.500,m,that's not dada,1,dada,,,,,1,that,,,,,,,1,1,,
1663858,00:27:43.858,m,reindeer,1,reindeer,,,,,0,,,,,,,,1,0,,
1666204,00:27:46.204,m,a reindeer,1,reindeer,,,,,0,,,,,,,,1,0,,
1681334,00:28:01.334,m,yeah,0,,,,,,0,,,,,,,,0,0,,
1752802,00:29:12.802,m,pur,0,,,,,,0,,,,,,,,0,0,,
1753788,00:29:13.788,m,purple,1,purple,,,,,0,,,,,,,,1,0,,
1754672,00:29:14.672,m,good job,0,,,,,,0,,,,,,,,1,0,,
1761438,00:29:21.438,m,xxx kind looks good buddy,1,buddy,,,,,0,,,,,,,,2,0,,
1767184,00:29:27.184,m,yeah,0,,,,,,0,,,,,,,,0,0,,
1767728,00:29:27.728,m,looks a good prominent color,1,color,,,,,0,,,,,,,,1,0,,
1782178,00:29:42.178,m,that's blue you are right,1,blue,,,,,2,that,you,,,,,,0,2,,
1785408,00:29:45.408,m,and red,1,red,,,,,0,,,,,,,,0,0,,
1799110,00:29:59.110,m,you want me to sit,0,,,,,,2,you,me,,,,,,0,2,,
1805774,00:30:05.774,m,thank you,0,,,,,,0,,,,,,,,0,1,,
1820564,00:30:20.564,m,circle,1,circle,,,,,0,,,,,,,,0,0,,
1822536,00:30:22.536,m,circle,1,circle,,,,,0,,,,,,,,0,0,,
1825766,00:30:25.766,m,circle,1,circle,,,,,0,,,,,,,,0,0,,
1828350,00:30:28.350,m,good job,0,,,,,,0,,,,,,,,1,0,,
1829812,00:30:29.812,m,circle,1,circle,,,,,0,,,,,,,,0,0,,
1831750,00:30:31.750,m,yellow,1,yellow,,,,,0,,,,,,,,0,0,,
1833586,00:30:33.586,m,yellow,1,yellow,,,,,0,,,,,,,,0,0,,
1835252,00:30:35.252,m,circle,1,circle,,,,,0,,,,,,,,0,0,,
1837054,00:30:37.54,m,circle,1,circle,,,,,0,,,,,,,,0,0,,
1842664,00:30:42.664,m,red,1,red,,,,,0,,,,,,,,0,0,,
1848342,00:30:48.342,m,pink,1,pink,,,,,0,,,,,,,,0,0,,
1850416,00:30:50.416,m,yellow,1,yellow,,,,,0,,,,,,,,0,0,,
1859256,00:30:59.256,m,thank you,0,,,,,,0,,,,,,,,0,1,,
1869422,00:31:09.422,m,dance dance dance,1,dance,,,,,0,,,,,,,,3,0,,
1872550,00:31:12.550,m,purple,1,purple,,,,,0,,,,,,,,1,0,,
1882240,00:31:22.240,m,yeah,0,,,,,,0,,,,,,,,0,0,,
1882648,00:31:22.648,m,ball,1,ball,,,,,0,,,,,,,,1,0,,
1882886,00:31:22.886,m,soccer,1,soccer,,,,,0,,,,,,,,1,0,,
1896384,00:31:36.384,m,what are you doing?,0,,,,,,1,you,,,,,,,0,2,,
1905224,00:31:45.224,m,green,1,green,,,,,0,,,,,,,,0,0,,
1935960,00:32:15.960,m,what?,0,,,,,,0,,,,,,,,0,1,,
1937864,00:32:17.864,m,what?,0,,,,,,0,,,,,,,,0,1,,
1947588,00:32:27.588,m,thank you,0,,,,,,0,,,,,,,,0,1,,
1949628,00:32:29.628,m,stop,0,,,,,,0,,,,,,,,0,0,,
1958400,00:32:38.400,m,gray,1,gray,,,,,0,,,,,,,,0,0,,
1960304,00:32:40.304,m,orange,1,orange,,,,,0,,,,,,,,0,0,,
2010488,00:33:30.488,m,what?,0,,,,,,0,,,,,,,,0,1,,
2017322,00:33:37.322,m,dah,0,,,,,,0,,,,,,,,0,0,,
2024156,00:33:44.156,m,[inhaling sounds],0,,,,,,0,,,,,,,,0,0,,
2027487,00:33:47.487,m,dah,0,,,,,,0,,,,,,,,0,0,,
2032350,00:33:52.350,m,don't color me,0,,,,,,1,me,,,,,,,0,1,,
2033676,00:33:53.676,m,only book,1,book,,,,,0,,,,,,,,1,0,,
2034764,00:33:54.764,m,[inhaling sounds],0,,,,,,0,,,,,,,,0,0,,
2035546,00:33:55.546,m,uhuh dude,1,dude,,,,,0,,,,,,,,0,0,,
2038436,00:33:58.436,m,okay,0,,,,,,0,,,,,,,,0,0,,
2038572,00:33:58.572,m,I have to clean this one,1,one,,,,,2,i,this,,,,,,1,1,,
2042686,00:34:02.686,m,huh,0,,,,,,0,,,,,,,,0,0,,
2044046,00:34:04.46,m,no it's yucky,0,,,,,,1,it,,,,,,,0,1,,
2045984,00:34:05.984,m,it's yucky,0,,,,,,1,it,,,,,,,0,1,,
2046800,00:34:06.800,m,it went into coffee,1,coffee,,,,,1,it,,,,,,,1,1,,
2059992,00:34:19.992,m,say thank you,0,,,,,,0,,,,,,,,0,1,,
2061930,00:34:21.930,m,say thank you,0,,,,,,0,,,,,,,,0,1,,
2064514,00:34:24.514,m,you are welcome,0,,,,,,1,you,,,,,,,0,1,,
2069478,00:34:29.478,m,don't color your bear either,1,bear,,,,,1,your,,,,,,,1,1,,
2073218,00:34:33.218,m,do you want oat meal?,1,oatmeal,,,,,1,you,,,,,,,2,1,,
2075904,00:34:35.904,m,can you take a bite please?,1,bite,,,,,1,you,,,,,,,1,1,,
2080698,00:34:40.698,m,come here,0,,,,,,0,,,,,,,,0,0,,
2087022,00:34:47.22,m,ohuh,0,,,,,,0,,,,,,,,0,0,,
2089334,00:34:49.334,m,yeah,0,,,,,,0,,,,,,,,0,0,,
2090592,00:34:50.592,m,thank you,0,,,,,,0,,,,,,,,0,1,,
2106436,00:35:06.436,m,where is my belly button,1,bellybutton,,,,,1,my,,,,,,,2,1,,
2109496,00:35:09.496,m,where are my eyes,1,eyes,,,,,1,my,,,,,,,1,1,,
2111128,00:35:11.128,m,[inhaling sounds],0,,,,,,0,,,,,,,,0,0,,
2111978,00:35:11.978,m,under my hat,1,hat,,,,,1,my,,,,,,,1,1,,
2115990,00:35:15.990,m,where is my mouth,1,mouth,,,,,1,my,,,,,,,1,1,,
2117350,00:35:17.350,m,[inhaling sounds],0,,,,,,0,,,,,,,,0,0,,
2117724,00:35:17.724,m,behind my cup,1,cup,,,,,1,my,,,,,,,1,1,,
2122346,00:35:22.346,m,where is my belly button,1,bellybutton,,,,,1,my,,,,,,,2,1,,
2125510,00:35:25.510,m,go ahead,0,,,,,,0,,,,,,,,0,0,,
2128366,00:35:28.366,m,under my shirt,1,shirt,,,,,1,my,,,,,,,1,1,,
2132208,00:35:32.208,m,where are my feet,1,feet,,,,,1,my,,,,,,,1,1,,
2133364,00:35:33.364,m,right here,0,,,,,,0,,,,,,,,0,0,,
2135982,00:35:35.982,m,yeah,0,,,,,,0,,,,,,,,0,0,,
2136866,00:35:36.866,m,behind the cat,1,cat,,,,,0,,,,,,,,1,0,,
2140912,00:35:40.912,m,where are my hands?,1,hands,,,,,1,my,,,,,,,1,1,,
2145468,00:35:45.468,m,under the,0,,,,,,0,,,,,,,,0,1,,
2147882,00:35:47.882,m,bubbles,1,bubbles,,,,,0,,,,,,,,0,0,,
2148868,00:35:48.868,m,where is your hand?,1,hand,,,,,1,your,,,,,,,1,1,,
2150772,00:35:50.772,m,good job,0,,,,,,0,,,,,,,,1,0,,
2153526,00:35:53.526,m,where is baby?,1,baby,,,,,0,,,,,,,,1,0,,
2155328,00:35:55.328,m,the bottom,1,bottom,,,,,0,,,,,,,,1,0,,
2157742,00:35:57.742,m,the bottom,1,bottom,,,,,0,,,,,,,,1,0,,
2159102,00:35:59.102,m,there he is,0,,,,,,1,he,,,,,,,0,1,,
2160836,00:36:00.836,m,tickle tickle tickle,0,,,,,,0,,,,,,,,1,0,,
2163556,00:36:03.556,m,tickle tickle tickle,0,,,,,,0,,,,,,,,1,0,,
2165766,00:36:05.766,m,the end,1,end,,,,,0,,,,,,,,1,0,,
2167228,00:36:07.228,m,good book,1,book,,,,,0,,,,,,,,1,0,,
2169234,00:36:09.234,m,could you get another bite?,1,bite,,,,,1,you,,,,,,,1,1,,
2174402,00:36:14.402,m,thank you,0,,,,,,0,,,,,,,,0,1,,
2229652,00:37:09.652,m,Mac look,1,mac,,,,,0,,,,,,,,2,0,,
2230094,00:37:10.94,m,Mxx,0,,,,,,0,,,,,,,,0,0,,
2232338,00:37:12.338,m,yeah the Mxx,0,,,,,,0,,,,,,,,0,0,,
2233494,00:37:13.494,m,come here,0,,,,,,0,,,,,,,,0,0,,
2233664,00:37:13.664,m,I will read you here,0,,,,,,2,i,you,,,,,,0,2,,
2237812,00:37:17.812,m,be careful,0,,,,,,0,,,,,,,,0,0,,
2240090,00:37:20.90,m,come sit,0,,,,,,0,,,,,,,,0,0,,
2247468,00:37:27.468,m,ready,0,,,,,,0,,,,,,,,0,0,,
2464932,00:41:04.932,m,do you want to get another book?,1,book,,,,,1,you,,,,,,,1,1,,
2466870,00:41:06.870,m,another book?,1,book,,,,,0,,,,,,,,1,0,,
2467142,00:41:07.142,m,can you put this one away?,1,one,,,,,2,you,this,,,,,,1,1,,
2469522,00:41:09.522,m,no?,0,,,,,,0,,,,,,,,0,0,,
2471630,00:41:11.630,m,oat meal?,1,oatmeal,,,,,0,,,,,,,,2,0,,
2472514,00:41:12.514,m,say please,0,,,,,,0,,,,,,,,0,0,,
2476288,00:41:16.288,m,here,0,,,,,,0,,,,,,,,0,0,,
2477070,00:41:17.70,m,big bite,1,bite,,,,,0,,,,,,,,1,0,,
2479382,00:41:19.382,m,xxx,0,,,,,,0,,,,,,,,0,0,,
2543914,00:42:23.914,m,we read this one,1,one,,,,,2,we,this,,,,,,1,1,,
2546464,00:42:26.464,m,come sit,0,,,,,,0,,,,,,,,0,0,,
2646322,00:44:06.322,m,you want a bite?,1,bite,,,,,1,you,,,,,,,1,1,,
2648294,00:44:08.294,m,here,0,,,,,,0,,,,,,,,0,0,,
2653870,00:44:13.870,m,um,0,,,,,,0,,,,,,,,0,0,,
2655842,00:44:15.842,m,hmm,0,,,,,,0,,,,,,,,0,0,,
2728568,00:45:28.568,m,a bite?,1,bite,,,,,0,,,,,,,,1,0,,
2866812,00:47:46.812,m,a bite?,1,bite,,,,,0,,,,,,,,1,0,,
2877692,00:47:57.692,m,here Mac,1,mac,,,,,0,,,,,,,,0,0,,
2878338,00:47:58.338,m,why don't we put crayons in the bag,2,crayons,bag,,,,1,we,,,,,,,2,1,,
2880616,00:48:00.616,m,can I have the bag please?,1,bag,,,,,1,i,,,,,,,1,1,,
2882554,00:48:02.554,m,the bag,1,bag,,,,,0,,,,,,,,1,0,,
2884458,00:48:04.458,m,bag,1,bag,,,,,0,,,,,,,,1,0,,
2886668,00:48:06.668,m,not belly,1,belly,,,,,0,,,,,,,,0,0,,
2887484,00:48:07.484,m,bag,1,bag,,,,,0,,,,,,,,1,0,,
2888368,00:48:08.368,m,hey,0,,,,,,0,,,,,,,,0,0,,
2890782,00:48:10.782,m,clean up,0,,,,,,0,,,,,,,,0,0,,
2891496,00:48:11.496,m,clean up,0,,,,,,0,,,,,,,,0,0,,
2894080,00:48:14.80,m,no?,0,,,,,,0,,,,,,,,0,0,,
2897990,00:48:17.990,m,that was nice,0,,,,,,1,that,,,,,,,0,1,,
2899044,00:48:19.44,m,thanks,0,,,,,,0,,,,,,,,1,0,,
2901832,00:48:21.832,m,actually you are not,0,,,,,,1,you,,,,,,,0,1,,
2903090,00:48:23.90,m,give me those,0,,,,,,2,me,those,,,,,,0,2,,
2907272,00:48:27.272,m,not with the crayons,1,crayons,,,,,0,,,,,,,,1,0,,
2908938,00:48:28.938,m,if you could be trusted,0,,,,,,1,you,,,,,,,0,1,,
2912100,00:48:32.100,m,don't play with that out there,0,,,,,,1,that,,,,,,,0,1,,
2913460,00:48:33.460,m,thank you,0,,,,,,0,,,,,,,,0,1,,
2915636,00:48:35.636,m,I have other xx,0,,,,,,1,i,,,,,,,0,1,,
2921416,00:48:41.416,m,Mac you can play with them,1,mac,,,,,2,you,them,,,,,,1,2,,
2922980,00:48:42.980,m,only at here,0,,,,,,0,,,,,,,,0,0,,
2925700,00:48:45.700,m,play here with them,0,,,,,,1,them,,,,,,,0,1,,
2927434,00:48:47.434,m,okay?,0,,,,,,0,,,,,,,,0,0,,
2932194,00:48:52.194,m,thank you,0,,,,,,0,,,,,,,,0,1,,
2937532,00:48:57.532,m,your boggie on your hand bud,3,boogie,hand,bud,,,2,your,your,,,,,,3,2,,
2938620,00:48:58.620,m,come here,0,,,,,,0,,,,,,,,0,0,,
2940218,00:49:00.218,m,thank you,0,,,,,,0,,,,,,,,0,1,,
2943312,00:49:03.312,m,here,0,,,,,,0,,,,,,,,0,0,,
2943890,00:49:03.890,m,play with here,0,,,,,,0,,,,,,,,0,0,,
2945794,00:49:05.794,m,you don't have a coloring book in your room,2,book,room,,,,2,you,your,,,,,,2,2,,
2960482,00:49:20.482,m,what?,0,,,,,,0,,,,,,,,0,1,,
2962182,00:49:22.182,m,reindeer,1,reindeer,,,,,0,,,,,,,,1,0,,
2964324,00:49:24.324,m,reindeer,1,reindeer,,,,,0,,,,,,,,1,0,,
2966194,00:49:26.194,m,that's silver,0,,,,,,1,that,,,,,,,1,1,,
2974422,00:49:34.422,m,yes,0,,,,,,0,,,,,,,,0,0,,
2975748,00:49:35.748,m,thank you,0,,,,,,0,,,,,,,,0,1,,
2978230,00:49:38.230,m,silver,0,,,,,,0,,,,,,,,1,0,,
2982004,00:49:42.4,m,uh,0,,,,,,0,,,,,,,,0,0,,
2989246,00:49:49.246,m,do a circle,1,circle,,,,,0,,,,,,,,1,0,,
2991592,00:49:51.592,m,circle,1,circle,,,,,0,,,,,,,,0,0,,
2994448,00:49:54.448,m,you can do it,0,,,,,,2,you,it,,,,,,0,2,,
2998052,00:49:58.52,m,wow,0,,,,,,0,,,,,,,,0,0,,
2998664,00:49:58.664,m,good job,0,,,,,,0,,,,,,,,1,0,,
3002336,00:50:02.336,m,circle,1,circle,,,,,0,,,,,,,,0,0,,
3015256,00:50:15.256,m,circle,1,circle,,,,,0,,,,,,,,0,0,,
3017908,00:50:17.908,m,ready?,0,,,,,,0,,,,,,,,0,0,,
3019302,00:50:19.302,m,go ahead,0,,,,,,0,,,,,,,,0,0,,
3020798,00:50:20.798,m,ci-circle,1,circle,,,,,0,,,,,,,,1,0,,
3024996,00:50:24.996,m,good job,0,,,,,,0,,,,,,,,1,0,,
3026986,00:50:26.986,m,circle,1,circle,,,,,0,,,,,,,,0,0,,
3035044,00:50:35.44,m,twenties,1,twenties,,,,,0,,,,,,,,1,0,,
3040702,00:50:40.702,m,I don't know what that is honestly,0,,,,,,2,i,that,,,,,,0,3,,
3045040,00:50:45.40,m,color it,0,,,,,,1,it,,,,,,,0,1,,
3046332,00:50:46.332,m,do yellow,1,yellow,,,,,0,,,,,,,,0,0,,
3048032,00:50:48.32,m,ring yellow,2,ring,yellow,,,,0,,,,,,,,0,0,,
3067344,00:51:07.344,m,papa?,1,papa,,,,,0,,,,,,,,0,0,,
3069214,00:51:09.214,m,that's a papa?,1,papa,,,,,1,that,,,,,,,1,1,,
3071458,00:51:11.458,m,that's not papa,1,papa,,,,,1,that,,,,,,,0,1,,
3076558,00:51:16.558,m,what?,0,,,,,,0,,,,,,,,0,1,,
3078496,00:51:18.496,m,I don't know what you are saying,0,,,,,,2,i,you,,,,,,0,3,,
3080638,00:51:20.638,m,take a bite,1,bite,,,,,0,,,,,,,,1,0,,
3082746,00:51:22.746,m,bite,1,bite,,,,,0,,,,,,,,1,0,,
3085670,00:51:25.670,m,he normally goes to the play group this morning but this all has to be inside right?,4,group,morning,all,inside,,3,he,this,this,,,,,3,3,,
3089716,00:51:29.716,m,he has to,0,,,,,,1,he,,,,,,,0,1,,
3091246,00:51:31.246,m,just want to make sure,0,,,,,,0,,,,,,,,0,0,,
3094374,00:51:34.374,m,yeah,0,,,,,,0,,,,,,,,0,0,,
3094986,00:51:34.986,m,i know,0,,,,,,1,i,,,,,,,0,1,,
3095156,00:51:35.156,m,totally unterstand,0,,,,,,0,,,,,,,,0,0,,
3104982,00:51:44.982,m,yellow,1,yellow,,,,,0,,,,,,,,0,0,,
3122424,00:52:02.424,m,oh no,0,,,,,,0,,,,,,,,0,0,,
3123648,00:52:03.648,m,you did it,0,,,,,,2,you,it,,,,,,0,2,,
3126538,00:52:06.538,m,put it with your other paper,1,paper,,,,,2,it,your,,,,,,1,2,,
3129258,00:52:09.258,m,pick a new page,1,page,,,,,0,,,,,,,,1,0,,
3130924,00:52:10.924,m,there you go,0,,,,,,1,you,,,,,,,0,1,,
3132930,00:52:12.930,m,Santa,1,santa,,,,,0,,,,,,,,0,0,,
3138880,00:52:18.880,m,Ta Da,0,,,,,,0,,,,,,,,0,0,,
3142552,00:52:22.552,m,all better,0,,,,,,0,,,,,,,,0,0,,
3147754,00:52:27.754,m,thank you,0,,,,,,0,,,,,,,,0,1,,
3150678,00:52:30.678,m,oh,0,,,,,,0,,,,,,,,0,0,,
3151271,00:52:31.271,m,Ta Da,0,,,,,,0,,,,,,,,0,0,,
3154316,00:52:34.316,m,take a bite,1,bite,,,,,0,,,,,,,,1,0,,
3158158,00:52:38.158,m,thank you,0,,,,,,0,,,,,,,,0,1,,
3161675,00:52:41.675,m,Kelly Rxx,1,kelly,,,,,0,,,,,,,,0,0,,
3170126,00:52:50.126,m,wow,0,,,,,,0,,,,,,,,0,0,,
3338290,00:55:38.290,m,take a bite,1,bite,,,,,0,,,,,,,,1,0,,
3397280,00:56:37.280,m,take a bite,1,bite,,,,,0,,,,,,,,1,0,,
3403060,00:56:43.60,m,can I have you bite this?,1,bite,,,,,3,i,you,this,,,,,0,3,,
3406099,00:56:46.99,m,thank you,0,,,,,,0,,,,,,,,0,1,,
3523386,00:58:43.386,m,Mac,1,mac,,,,,0,,,,,,,,1,0,,
3539332,00:58:59.332,m,look,0,,,,,,0,,,,,,,,0,0,,
3544942,00:59:04.942,m,pull it off,0,,,,,,1,it,,,,,,,0,1,,
3575202,00:59:35.202,m,take a bite,1,bite,,,,,0,,,,,,,,1,0,,
3577072,00:59:37.72,m,bite,1,bite,,,,,0,,,,,,,,1,0,,
3581084,00:59:41.84,m,thank you,0,,,,,,0,,,,,,,,0,1,,
3610800,01:00:10.800,m,take another bite,1,bite,,,,,0,,,,,,,,1,0,,
3617634,01:00:17.634,m,thank you,0,,,,,,0,,,,,,,,0,1,,
3637524,01:00:37.524,m,put the crayons back,1,crayons,,,,,0,,,,,,,,1,0,,
3641366,01:00:41.366,m,you can't have these in your room,1,room,,,,,3,you,these,your,,,,,1,3,,
3708958,01:01:48.958,m,mac,1,mac,,,,,0,,,,,,,,0,0,,
3726570,01:02:06.570,m,Mac,1,mac,,,,,0,,,,,,,,1,0,,
3726842,01:02:06.842,m,don't do that,0,,,,,,1,that,,,,,,,0,1,,
3816942,01:03:36.942,m,where did you pull it out from?,0,,,,,,2,you,it,,,,,,0,2,,
3824558,01:03:44.558,m,oh no,0,,,,,,0,,,,,,,,0,0,,
3826598,01:03:46.598,m,you only color in that,0,,,,,,2,you,that,,,,,,0,2,,
3828672,01:03:48.672,m,you should color you pic,0,,,,,,1,you,,,,,,,1,2,,
3966134,01:06:06.134,m,hold on,0,,,,,,0,,,,,,,,0,0,,
3971778,01:06:11.778,m,Mac,1,mac,,,,,0,,,,,,,,1,0,,
3972390,01:06:12.390,m,Oh,0,,,,,,0,,,,,,,,0,0,,
3973376,01:06:13.376,m,you are not,0,,,,,,1,you,,,,,,,0,1,,
3975144,01:06:15.144,m,NO,0,,,,,,0,,,,,,,,0,0,,
3976606,01:06:16.606,m,now you are getting his coloring the step,2,coloring,step,,,,2,you,his,,,,,,1,2,,
3979734,01:06:19.734,m,NO,0,,,,,,0,,,,,,,,0,0,,
3980992,01:06:20.992,m,are you kidding me?,0,,,,,,2,you,me,,,,,,0,2,,
3993572,01:06:33.572,m,ugh,0,,,,,,0,,,,,,,,1,0,,
4003636,01:06:43.636,m,yeah,0,,,,,,0,,,,,,,,0,0,,
4003704,01:06:43.704,m,it's like garbage there,1,garbage,,,,,1,it,,,,,,,1,1,,
4008668,01:06:48.668,m,close please,0,,,,,,0,,,,,,,,0,0,,
4010470,01:06:50.470,m,thank you,0,,,,,,0,,,,,,,,0,1,,
4013700,01:06:53.700,m,it will clean it,0,,,,,,1,it,,,,,,,0,2,,
4027844,01:07:07.844,m,can you clean it up?,0,,,,,,2,you,it,,,,,,0,2,,
4030054,01:07:10.54,m,thank you,0,,,,,,0,,,,,,,,0,1,,
4039472,01:07:19.472,m,good job,0,,,,,,0,,,,,,,,1,0,,
4043382,01:07:23.382,m,and here,0,,,,,,0,,,,,,,,0,0,,
4047734,01:07:27.734,m,what?,0,,,,,,0,,,,,,,,0,1,,
4055248,01:07:35.248,m,oh,0,,,,,,0,,,,,,,,0,0,,
4064428,01:07:44.428,m,all done?,0,,,,,,0,,,,,,,,0,1,,
4064632,01:07:44.632,m,thank you,0,,,,,,0,,,,,,,,0,1,,
4197875,01:09:57.875,m,okay let me rinse it,0,,,,,,2,me,it,,,,,,0,2,,
4198796,01:09:58.796,m,thank you,0,,,,,,0,,,,,,,,0,1,,
4200190,01:10:00.190,m,thank you,0,,,,,,0,,,,,,,,0,1,,
4224738,01:10:24.738,m,stop,0,,,,,,0,,,,,,,,0,0,,
4228818,01:10:28.818,m,okay I have xx's room,1,room,,,,,1,i,,,,,,,1,1,,
4231606,01:10:31.606,m,stop,0,,,,,,0,,,,,,,,0,0,,
4337652,01:12:17.652,m,hey can I help you please?,0,,,,,,2,i,you,,,,,,0,2,,
4353326,01:12:33.326,m,carefull please,0,,,,,,0,,,,,,,,0,0,,
4356930,01:12:36.930,m,want to take a bite?,1,bite,,,,,0,,,,,,,,1,0,,
4412282,01:13:32.282,m,come here,0,,,,,,0,,,,,,,,0,0,,
4418334,01:13:38.334,m,take a bite,1,bite,,,,,0,,,,,,,,1,0,,
4423332,01:13:43.332,m,hey,0,,,,,,0,,,,,,,,0,0,,
4436694,01:13:56.694,m,what,0,,,,,,0,,,,,,,,0,1,,
4437238,01:13:57.238,m,you can't see,0,,,,,,1,you,,,,,,,0,1,,
4909090,01:21:49.90,m,want a bite?,1,bite,,,,,0,,,,,,,,1,0,,
4914802,01:21:54.802,m,um,0,,,,,,0,,,,,,,,0,0,,
4918746,01:21:58.746,m,get you,0,,,,,,1,you,,,,,,,0,1,,
4922248,01:22:02.248,m,get you,0,,,,,,1,you,,,,,,,0,1,,
4925002,01:22:05.2,m,get you,0,,,,,,1,you,,,,,,,0,1,,
4927586,01:22:07.586,m,careful,0,,,,,,0,,,,,,,,0,0,,
4927994,01:22:07.994,m,can you sit please,0,,,,,,1,you,,,,,,,0,1,,
4956724,01:22:36.724,m,take a bite,1,bite,,,,,0,,,,,,,,1,0,,
4960804,01:22:40.804,m,oop on your face,1,face,,,,,1,your,,,,,,,2,1,,
4962130,01:22:42.130,m,thank you,0,,,,,,0,,,,,,,,0,1,,
4966142,01:22:46.142,m,sit,0,,,,,,0,,,,,,,,0,0,,
4968386,01:22:48.386,m,thank you,0,,,,,,0,,,,,,,,0,1,,
4977022,01:22:57.22,m,last bite,1,bite,,,,,0,,,,,,,,1,0,,
4978994,01:22:58.994,m,last bite,1,bite,,,,,0,,,,,,,,1,0,,
4980354,01:23:00.354,m,do you want it?,0,,,,,,2,you,it,,,,,,0,2,,
4982496,01:23:02.496,m,do you want it?,0,,,,,,2,you,it,,,,,,0,2,,
4983958,01:23:03.958,m,no?,0,,,,,,0,,,,,,,,0,0,,
4985250,01:23:05.250,m,no thank you?,0,,,,,,0,,,,,,,,0,1,,
4987426,01:23:07.426,m,you are welcome,0,,,,,,0,,,,,,,,0,1,,
5040364,01:24:00.364,m,last bite,1,bite,,,,,0,,,,,,,,1,0,,
5042642,01:24:02.642,m,yeah,0,,,,,,0,,,,,,,,0,0,,
5044682,01:24:04.682,m,all done,0,,,,,,0,,,,,,,,0,1,,
5047130,01:24:07.130,m,thank you,0,,,,,,0,,,,,,,,0,1,,
5103468,01:25:03.468,m,what?,0,,,,,,0,,,,,,,,0,1,,
5106222,01:25:06.222,m,can you play it here please,0,,,,,,2,you,it,,,,,,0,2,,
5112478,01:25:12.478,m,oh no,0,,,,,,0,,,,,,,,0,0,,
5120434,01:25:20.434,m,I am cleaning up,0,,,,,,1,i,,,,,,,0,1,,
5121896,01:25:21.896,m,thank you,0,,,,,,0,,,,,,,,0,1,,
5124208,01:25:24.208,m,clean up,0,,,,,,0,,,,,,,,0,0,,
5124888,01:25:24.888,m,clean up,0,,,,,,0,,,,,,,,0,0,,
5125942,01:25:25.942,m,everybody do your work,1,work,,,,,1,your,,,,,,,1,2,,
5132368,01:25:32.368,m,here i will do it,0,,,,,,2,i,it,,,,,,0,2,,
5133796,01:25:33.796,m,okay clean up,0,,,,,,0,,,,,,,,0,0,,
5135054,01:25:35.54,m,thank you,0,,,,,,0,,,,,,,,0,1,,
5135700,01:25:35.700,m,go ahead,0,,,,,,0,,,,,,,,0,0,,
5138318,01:25:38.318,m,clean up,0,,,,,,0,,,,,,,,0,0,,
5139372,01:25:39.372,m,clean up,0,,,,,,0,,,,,,,,0,0,,
5140290,01:25:40.290,m,everybody everywhere,0,,,,,,0,,,,,,,,0,1,,
5142194,01:25:42.194,m,clean up,0,,,,,,0,,,,,,,,0,0,,
5143316,01:25:43.316,m,clean up,0,,,,,,0,,,,,,,,0,0,,
5144472,01:25:44.472,m,everybody do your share,1,share,,,,,1,your,,,,,,,1,2,,
5147226,01:25:47.226,m,what a good boy,1,boy,,,,,0,,,,,,,,1,1,,
5148416,01:25:48.416,m,thank you,0,,,,,,0,,,,,,,,0,1,,
5150660,01:25:50.660,m,good boy,1,boy,,,,,0,,,,,,,,1,0,,
5152564,01:25:52.564,m,one more,1,one,,,,,0,,,,,,,,0,0,,
5153380,01:25:53.380,m,one more,1,one,,,,,0,,,,,,,,0,0,,
5153924,01:25:53.924,m,the green one,1,one,,,,,0,,,,,,,,1,0,,
5154638,01:25:54.638,m,go get it please,0,,,,,,1,it,,,,,,,0,1,,
5155318,01:25:55.318,m,right there,0,,,,,,0,,,,,,,,0,0,,
5157120,01:25:57.120,m,uh,0,,,,,,0,,,,,,,,0,0,,
5158140,01:25:58.140,m,uh,0,,,,,,0,,,,,,,,0,0,,
5158650,01:25:58.650,m,right there,0,,,,,,0,,,,,,,,0,0,,
5159296,01:25:59.296,m,see it?,0,,,,,,1,it,,,,,,,0,1,,
5159840,01:25:59.840,m,over there,0,,,,,,0,,,,,,,,0,0,,
5160962,01:26:00.962,m,turn around,0,,,,,,0,,,,,,,,0,0,,
5162696,01:26:02.696,m,mac,1,mac,,,,,0,,,,,,,,0,0,,
5163070,01:26:03.70,m,right there,0,,,,,,0,,,,,,,,0,0,,
5165314,01:26:05.314,m,mac,1,mac,,,,,0,,,,,,,,0,0,,
5166538,01:26:06.538,m,right there,0,,,,,,0,,,,,,,,0,0,,
5168782,01:26:08.782,m,see it?,0,,,,,,1,it,,,,,,,0,1,,
5170108,01:26:10.108,m,there it is,0,,,,,,1,it,,,,,,,0,1,,
5170720,01:26:10.720,m,good job,0,,,,,,0,,,,,,,,1,0,,
5173576,01:26:13.576,m,thank you,0,,,,,,0,,,,,,,,0,1,,
5175684,01:26:15.684,m,good job,0,,,,,,0,,,,,,,,1,0,,
5176874,01:26:16.874,m,all cleaned,0,,,,,,0,,,,,,,,0,1,,
5179152,01:26:19.152,m,no more,0,,,,,,0,,,,,,,,0,0,,
5180002,01:26:20.2,m,do you see anymore?,0,,,,,,1,you,,,,,,,0,1,,
5182110,01:26:22.110,m,no more,0,,,,,,0,,,,,,,,0,0,,
5182926,01:26:22.926,m,good job,0,,,,,,0,,,,,,,,1,0,,
5185170,01:26:25.170,m,what?,0,,,,,,0,,,,,,,,0,1,,
5188400,01:26:28.400,m,i don't know what you are saying,0,,,,,,2,i,you,,,,,,0,3,,
5193772,01:26:33.772,m,oh underneath there?,0,,,,,,0,,,,,,,,0,0,,
5197308,01:26:37.308,m,is there some,0,,,,,,0,,,,,,,,0,2,,
5197580,01:26:37.580,m,some under that?,0,,,,,,1,that,,,,,,,0,2,,
5201354,01:26:41.354,m,oh,0,,,,,,0,,,,,,,,0,0,,
5201626,01:26:41.626,m,you are not lying,0,,,,,,1,you,,,,,,,0,1,,
5202646,01:26:42.646,m,good job,0,,,,,,0,,,,,,,,1,0,,
5205808,01:26:45.808,m,oh no,0,,,,,,0,,,,,,,,0,0,,
5206624,01:26:46.624,m,here is my chapsticks,1,chapsticks,,,,,1,my,,,,,,,1,1,,
5208800,01:26:48.800,m,I've been looking up for days,1,days,,,,,1,i,,,,,,,1,1,,
5211452,01:26:51.452,m,no crayon under there bud,2,crayon,bud,,,,0,,,,,,,,2,0,,
5213322,01:26:53.322,m,all clear,0,,,,,,0,,,,,,,,0,1,,
5227500,01:27:07.500,m,no,0,,,,,,0,,,,,,,,0,0,,
5228860,01:27:08.860,m,you are welcome,0,,,,,,0,,,,,,,,0,1,,
5234198,01:27:14.198,m,snowman,1,snowman,,,,,0,,,,,,,,1,0,,
5236272,01:27:16.272,m,where is his hat?,1,hat,,,,,1,his,,,,,,,1,1,,
5240352,01:27:20.352,m,hat,1,hat,,,,,0,,,,,,,,1,0,,
5471926,01:31:11.926,m,bud,1,bud,,,,,0,,,,,,,,1,0,,
5473014,01:31:13.14,m,you are gonna get hurt,0,,,,,,1,you,,,,,,,0,1,,
5474408,01:31:14.408,m,come on bud,1,bud,,,,,0,,,,,,,,1,0,,
5475326,01:31:15.326,m,he is sitting on his stroller wheel,1,strollerwheel,,,,,2,he,his,,,,,,2,2,,
5477434,01:31:17.434,m,come here,0,,,,,,0,,,,,,,,0,0,,
5479032,01:31:19.32,m,thank you,0,,,,,,0,,,,,,,,0,1,,
5481752,01:31:21.752,m,thank you,0,,,,,,0,,,,,,,,0,1,,
5483826,01:31:23.826,m,we can't go for a walk in a little bit,1,walk,,,,,1,we,,,,,,,2,1,,
5552642,01:32:32.642,m,were you on the xx,0,,,,,,1,you,,,,,,,0,1,,
5553968,01:32:33.968,m,were you on the xx,0,,,,,,1,you,,,,,,,0,1,,
5557096,01:32:37.96,m,don't do that,0,,,,,,1,that,,,,,,,0,1,,
5559000,01:32:39.0,m,thank you,0,,,,,,0,,,,,,,,0,1,,
5829470,01:37:09.470,m,who's on your head,1,head,,,,,1,your,,,,,,,1,2,,
5832564,01:37:12.564,m,haha that's not Santa,1,santa,,,,,1,that,,,,,,,0,1,,
5836270,01:37:16.270,m,who's on your head,1,head,,,,,1,your,,,,,,,1,2,,
5838038,01:37:18.38,m,no it's not.,0,,,,,,1,it,,,,,,,0,1,,
5839024,01:37:19.24,m,it's peter,1,peter,,,,,0,it,,,,,,,0,1,,
5840860,01:37:20.860,m,ohhhuh wuu,0,,,,,,0,,,,,,,,0,0,,
5864184,01:37:44.184,m,you will going to get dizzy,0,,,,,,1,you,,,,,,,0,1,,
5866190,01:37:46.190,m,ohh,0,,,,,,0,,,,,,,,0,0,,
5867040,01:37:47.40,m,[laughing],0,,,,,,0,,,,,,,,0,0,,
5874452,01:37:54.452,m,we missed one,1,one,,,,,1,we,,,,,,,0,1,,
5875506,01:37:55.506,m,uh oh no,0,,,,,,0,,,,,,,,0,0,,
5877614,01:37:57.614,m,where is the bag,1,bag,,,,,0,,,,,,,,1,0,,
5880334,01:38:00.334,m,take the bag please,1,bag,,,,,0,,,,,,,,1,0,,
5882340,01:38:02.340,m,where is the bag,1,bag,,,,,0,,,,,,,,1,0,,
5885196,01:38:05.196,m,look,0,,,,,,0,,,,,,,,0,0,,
5886114,01:38:06.114,m,no the bag of crayons,2,bag,crayons,,,,0,,,,,,,,2,0,,
5888358,01:38:08.358,m,clean up,0,,,,,,0,,,,,,,,0,0,,
5889310,01:38:09.310,m,where is the bag,1,bag,,,,,0,,,,,,,,1,0,,
5890602,01:38:10.602,m,can you bring it to mommy,1,mommy,,,,,2,you,it,,,,,,1,2,,
5893730,01:38:13.730,m,uh thanks,0,,,,,,0,,,,,,,,1,0,,
5923616,01:38:43.616,m,oh another one,1,one,,,,,0,,,,,,,,1,0,,
5925384,01:38:45.384,m,thank you,0,,,,,,0,,,,,,,,0,1,,
5926948,01:38:46.948,m,can I have the bag please?,1,bag,,,,,1,i,,,,,,,1,1,,
5930042,01:38:50.42,m,is there more?,0,,,,,,0,,,,,,,,0,1,,
5932354,01:38:52.354,m,are there any more?,0,,,,,,0,,,,,,,,0,2,,
5935584,01:38:55.584,m,are there any more in your room?,1,room,,,,,1,your,,,,,,,1,3,,
5938576,01:38:58.576,m,more?,0,,,,,,0,,,,,,,,0,0,,
5940038,01:39:00.38,m,no more?,0,,,,,,0,,,,,,,,0,0,,
5940888,01:39:00.888,m,are you lying?,0,,,,,,1,you,,,,,,,0,1,,
5944798,01:39:04.798,m,what?,0,,,,,,0,,,,,,,,0,1,,
5947824,01:39:07.824,m,ugh,0,,,,,,0,,,,,,,,1,0,,
5949762,01:39:09.762,m,are there anymore in your room?,1,room,,,,,1,your,,,,,,,1,1,,
5953434,01:39:13.434,m,no not my room,1,room,,,,,1,my,,,,,,,1,1,,
5954454,01:39:14.454,m,never,0,,,,,,0,,,,,,,,0,0,,
5958806,01:39:18.806,m,uh what did I find,0,,,,,,1,i,,,,,,,0,2,,
5961628,01:39:21.628,m,take that,0,,,,,,1,that,,,,,,,0,1,,
5963498,01:39:23.498,m,thank you,0,,,,,,0,,,,,,,,0,1,,
5964450,01:39:24.450,m,you are welcome,0,,,,,,0,,,,,,,,0,1,,
5965402,01:39:25.402,m,go ahead,0,,,,,,0,,,,,,,,0,0,,
5973052,01:39:33.52,m,you want a different one how do we use before a different cup,2,one,cup,,,,2,you,we,,,,,,2,2,,
5976486,01:39:36.486,m,ugh,0,,,,,,0,,,,,,,,1,0,,
5978934,01:39:38.934,m,you want water?,1,water,,,,,1,you,,,,,,,1,1,,
5980872,01:39:40.872,m,let me fill it,0,,,,,,2,me,it,,,,,,0,2,,
5998484,01:39:58.484,m,here,0,,,,,,0,,,,,,,,0,0,,
6003516,01:40:03.516,m,say thank you,0,,,,,,0,,,,,,,,0,1,,
6015314,01:40:15.314,m,ugh,0,,,,,,0,,,,,,,,1,0,,
6017218,01:40:17.218,m,no,0,,,,,,0,,,,,,,,0,0,,
6022182,01:40:22.182,m,I am going to eat you,0,,,,,,2,i,you,,,,,,0,2,,
6024086,01:40:24.86,m,I am going to eat you,0,,,,,,2,i,you,,,,,,0,2,,
6025242,01:40:25.242,m,going to eat you,0,,,,,,1,you,,,,,,,0,1,,
6030444,01:40:30.444,m,I am going to eat you,0,,,,,,2,i,you,,,,,,0,2,,
6035238,01:40:35.238,m,are you crying?,0,,,,,,1,you,,,,,,,0,1,,
6055162,01:40:55.162,m,with cookie monster,1,cookiemonster,,,,,0,,,,,,,,2,0,,
6057304,01:40:57.304,m,[eating sounds],0,,,,,,0,,,,,,,,1,0,,
6080050,01:41:20.50,m,peek a boo,0,,,,,,0,,,,,,,,1,0,,
6089060,01:41:29.60,m,oh,0,,,,,,0,,,,,,,,0,0,,
6129758,01:42:09.758,m,what?,0,,,,,,0,,,,,,,,0,1,,
6131084,01:42:11.84,m,don't hit it,0,,,,,,1,it,,,,,,,0,1,,
6131934,01:42:11.934,m,that's not nice,0,,,,,,1,that,,,,,,,0,1,,
6139516,01:42:19.516,m,that's not nice,0,,,,,,1,that,,,,,,,0,1,,
6145262,01:42:25.262,m,Mac,1,mac,,,,,0,,,,,,,,1,0,,
6151280,01:42:31.280,m,be gentle,0,,,,,,0,,,,,,,,0,0,,
6152436,01:42:32.436,m,remember?,0,,,,,,0,,,,,,,,0,0,,
6153184,01:42:33.184,m,when we are going gentle,0,,,,,,1,we,,,,,,,0,1,,
6171102,01:42:51.102,m,no what,0,,,,,,0,,,,,,,,0,1,,
6172088,01:42:52.88,m,what do you mad about?,0,,,,,,1,you,,,,,,,0,2,,
6178480,01:42:58.480,m,you are sitting on them?,0,,,,,,2,you,them,,,,,,0,2,,
6182458,01:43:02.458,m,are you sleeping?,0,,,,,,1,you,,,,,,,0,1,,
6184328,01:43:04.328,m,oh,0,,,,,,0,,,,,,,,0,0,,
6184906,01:43:04.906,m,wake up,0,,,,,,0,,,,,,,,0,0,,
6187660,01:43:07.660,m,wake up,0,,,,,,0,,,,,,,,0,0,,
6195650,01:43:15.650,m,we need more batteries,1,batteries,,,,,1,we,,,,,,,1,1,,
6200512,01:43:20.512,m,batteries,1,batteries,,,,,0,,,,,,,,1,0,,
6202008,01:43:22.8,m,battery,1,battery,,,,,0,,,,,,,,1,0,,
6205408,01:43:25.408,m,it's sleeping,0,,,,,,1,it,,,,,,,0,1,,
6206666,01:43:26.666,m,night night,0,,,,,,0,,,,,,,,2,0,,
6209114,01:43:29.114,m,say night night,0,,,,,,0,,,,,,,,2,0,,
6211086,01:43:31.86,m,night night,0,,,,,,0,,,,,,,,2,0,,
6213126,01:43:33.126,m,night night cookie,1,cookie,,,,,0,,,,,,,,2,0,,
6215914,01:43:35.914,m,night night bear,1,bear,,,,,0,,,,,,,,2,0,,
6218226,01:43:38.226,m,night night Peter,1,peter,,,,,0,,,,,,,,2,0,,
6223394,01:43:43.394,m,night night,0,,,,,,0,,,,,,,,2,0,,
6298636,01:44:58.636,m,wake up,0,,,,,,0,,,,,,,,0,0,,
6299517,01:44:59.517,m,do gentlely,0,,,,,,0,,,,,,,,0,0,,
6358204,01:45:58.204,m,go for a walk?,1,walk,,,,,0,,,,,,,,1,0,,
6358782,01:45:58.782,m,take it for a walk,1,walk,,,,,1,it,,,,,,,1,1,,
6389076,01:46:29.76,m,oh they are all going for a walk?,1,walk,,,,,1,they,,,,,,,1,2,,
6391864,01:46:31.864,m,I don't think your baby can breath,1,baby,,,,,2,i,your,,,,,,1,2,,
6501786,01:48:21.786,m,watch your head buddy,2,head,buddy,,,,1,your,,,,,,,2,1,,
6507396,01:48:27.396,m,uhoh,0,,,,,,0,,,,,,,,0,0,,
6547482,01:49:07.482,m,do you want a teether?,1,teether,,,,,1,you,,,,,,,1,1,,
6549658,01:49:09.658,m,ugh,0,,,,,,0,,,,,,,,1,0,,
6567814,01:49:27.814,m,here you go,0,,,,,,1,you,,,,,,,0,1,,
6571894,01:49:31.894,m,it's a blue worm,1,worm,,,,,1,it,,,,,,,1,1,,
6574036,01:49:34.36,m,yeah blue,0,,,,,,0,,,,,,,,0,0,,
6723704,01:52:03.704,m,bless you,0,,,,,,0,,,,,,,,0,1,,
6725268,01:52:05.268,m,bless you,0,,,,,,0,,,,,,,,0,1,,
6834680,01:53:54.680,m,a b c d e e e,0,,,,,,0,,,,,,,,3,0,,
6840426,01:54:00.426,m,h i j k l m n o p,0,,,,,,0,,,,,,,,2,0,,
6845628,01:54:05.628,m,q r s,0,,,,,,0,,,,,,,,2,0,,
6846682,01:54:06.682,m,u v,0,,,,,,0,,,,,,,,1,0,,
6847702,01:54:07.702,m,w x,0,,,,,,0,,,,,,,,0,0,,
6848348,01:54:08.348,m,y z,0,,,,,,0,,,,,,,,0,0,,
6849606,01:54:09.606,m,now I know my abcs,1,abcs,,,,,2,i,my,,,,,,1,2,,
6851374,01:54:11.374,m,next time won't you sing with me.,0,,,,,,2,you,me,,,,,,1,2,,
6852258,01:54:12.258,m,what is that,0,,,,,,1,that,,,,,,,0,2,,
6853346,01:54:13.346,m,what's in your hand,1,hand,,,,,1,your,,,,,,,1,2,,
6855488,01:54:15.488,m,what's in your hand,1,hand,,,,,1,your,,,,,,,1,2,,
6857698,01:54:17.698,m,can I see,0,,,,,,1,i,,,,,,,0,1,,
6861778,01:54:21.778,m,that's not what was in your hand,1,hand,,,,,2,that,your,,,,,,1,3,,
6863886,01:54:23.886,m,nice try,0,,,,,,0,,,,,,,,1,0,,
6866640,01:54:26.640,m,your teether?,1,teether,,,,,1,your,,,,,,,1,1,,
6868510,01:54:28.510,m,that's for your mouth,1,mouth,,,,,1,that,your,,,,,,1,2,,
6870584,01:54:30.584,m,makes you feel better,0,,,,,,1,you,,,,,,,0,1,,
6902782,01:55:02.782,m,what buddy?,1,buddy,,,,,0,,,,,,,,1,1,,
6905394,01:55:05.394,m,ba ba,0,,,,,,0,,,,,,,,0,0,,
6906284,01:55:06.284,m,under here?,0,,,,,,0,,,,,,,,0,0,,
6923794,01:55:23.794,m,it's sleeping as often,0,,,,,,1,it,,,,,,,0,1,,
6927024,01:55:27.24,m,yeah,0,,,,,,0,,,,,,,,0,0,,
6935490,01:55:35.490,m,I don't know why it is off bud,1,bud,,,,,2,i,it,,,,,,1,2,,
6938958,01:55:38.958,m,ssssh [driving sound],0,,,,,,0,,,,,,,,2,0,,
6941984,01:55:41.984,m,ah,0,,,,,,0,,,,,,,,0,0,,
6953034,01:55:53.34,m,what,0,,,,,,0,,,,,,,,0,1,,
6955856,01:55:55.856,m,beep beep,0,,,,,,0,,,,,,,,0,0,,
6956672,01:55:56.672,m,when it was backward that what it does,0,,,,,,1,it,,,,,,,0,3,,
6958100,01:55:58.100,m,beep beep,0,,,,,,0,,,,,,,,0,0,,
6960344,01:56:00.344,m,[driving sound],0,,,,,,0,,,,,,,,1,0,,
6962384,01:56:02.384,m,beep beep beep,0,,,,,,0,,,,,,,,1,0,,
6964220,01:56:04.220,m,[driving sounds],0,,,,,,0,,,,,,,,0,0,,
6965002,01:56:05.2,m,you do it,0,,,,,,1,it,,,,,,,0,2,,
6968334,01:56:08.334,m,good job,0,,,,,,0,,,,,,,,1,0,,
7002402,01:56:42.402,m,you are welcome,0,,,,,,0,,,,,,,,0,1,,
7025114,01:57:05.114,m,what?,0,,,,,,0,,,,,,,,0,1,,
7176686,01:59:36.686,m,go go go,0,,,,,,0,,,,,,,,0,0,,
7191680,01:59:51.680,m,you want pop show,0,,,,,,1,you,,,,,,,2,1,,
7198242,01:59:58.242,m,ready,0,,,,,,0,,,,,,,,0,0,,
