Timestamp (ms),Timestamp,Speaker,Transcript,Noun (1/0),Noun label 1,Noun label 2 ,Noun label 3,Noun label 4,Noun label 5,Pronoun (1/0),Pronoun label 1,Pronoun label 2,Pronoun label 3,Pronoun label 4,Pronoun label 5,Pronoun label 6,Pronoun label 7
6800,00:00:06.800,m,cherry,1,cherry,,,,,0,,,,,,,
10540,00:00:10.540,m,did you make this cupcake?,1,cupcake,,,,,2,you,this,,,,,
14246,00:00:14.246,m,is it good?,0,,,,,,1,it,,,,,,
17204,00:00:17.204,m,you wanna try some?,0,,,,,,1,you,,,,,,
20298,00:00:20.298,m,just pretend,0,,,,,,0,,,,,,,
23086,00:00:23.86,m,yum,0,,,,,,0,,,,,,,
26520,00:00:26.520,m,what did you say?,0,,,,,,1,you,,,,,,
26894,00:00:26.894,m,oh,0,,,,,,0,,,,,,,
27064,00:00:27.64,m,the cup?,1,cup,,,,,0,,,,,,,
32334,00:00:32.334,m,are you alright?,0,,,,,,1,you,,,,,,
33932,00:00:33.932,m,what's going on over there?,0,,,,,,0,,,,,,,
38114,00:00:38.114,m,[laugh],0,,,,,,0,,,,,,,
42466,00:00:42.466,m,what's that?,0,,,,,,1,that,,,,,,
47124,00:00:47.124,m,you have a tea party?,1,teaparty,,,,,1,you,,,,,,
49096,00:00:49.96,m,do you want anymore waffle?,1,waffle,,,,,1,you,,,,,,
52122,00:00:52.122,m,Soph?,1,soph,,,,,0,,,,,,,
55828,00:00:55.828,m,want another waffle?,1,waffle,,,,,0,,,,,,,
59194,00:00:59.194,m,xxx,0,,,,,,0,,,,,,,
60384,00:01:00.384,m,have you finished?,0,,,,,,1,you,,,,,,
62764,00:01:02.764,m,all done?,0,,,,,,0,,,,,,,
64022,00:01:04.22,m,want some,0,,,,,,0,,,,,,,
64940,00:01:04.940,m,milk?,1,milk,,,,,0,,,,,,,
66912,00:01:06.912,m,no thank you?,0,,,,,,1,you,,,,,,
70754,00:01:10.754,m,just leave it here for later?,0,,,,,,1,it,,,,,,
73576,00:01:13.576,m,you want any,0,,,,,,1,you,,,,,,
74154,00:01:14.154,m,are you ready to go down?,0,,,,,,1,you,,,,,,
77010,00:01:17.10,m,want some milk,1,milk,,,,,0,,,,,,,
77724,00:01:17.724,m,what do you say?,0,,,,,,1,you,,,,,,
80410,00:01:20.410,m,[laugh],0,,,,,,0,,,,,,,
80954,00:01:20.954,m,what do you say?,0,,,,,,1,you,,,,,,
81634,00:01:21.634,m,how do you ask for things?,1,things,,,,,1,you,,,,,,
85170,00:01:25.170,m,Soph,1,soph,,,,,0,,,,,,,
90746,00:01:30.746,m,here we go,0,,,,,,1,we,,,,,,
94214,00:01:34.214,m,ready?,0,,,,,,0,,,,,,,
96662,00:01:36.662,m,Sophie's running?,1,sophie,,,,,0,,,,,,,
99280,00:01:39.280,m,xxx,0,,,,,,0,,,,,,,
100300,00:01:40.300,m,wash that,0,,,,,,1,that,,,,,,
104244,00:01:44.244,m,mm,0,,,,,,0,,,,,,,
105128,00:01:45.128,m,let me go do this,0,,,,,,2,me,this,,,,,
114852,00:01:54.852,m,let me wipe your hands,1,hands,,,,,2,me,your,,,,,
118014,00:01:58.14,m,one second,1,second,,,,,0,,,,,,,
118694,00:01:58.694,m,one second,1,second,,,,,0,,,,,,,
119238,00:01:59.238,m,let's wipe your hands xxx,1,hands,,,,,1,your,,,,,,
121856,00:02:01.856,m,whooh,0,,,,,,0,,,,,,,
122298,00:02:02.298,m,god bless you,1,god,,,,,1,you,,,,,,
125528,00:02:05.528,m,what do you say?,0,,,,,,1,you,,,,,,
133994,00:02:13.994,m,xxx,0,,,,,,0,,,,,,,
136748,00:02:16.748,m,thank you,0,,,,,,1,you,,,,,,
138040,00:02:18.40,m,how's that tea?,1,tea,,,,,1,that,,,,,,
141202,00:02:21.202,m,good?,0,,,,,,0,,,,,,,
141984,00:02:21.984,m,is it yummy?,0,,,,,,1,it,,,,,,
144092,00:02:24.92,m,yeah,0,,,,,,0,,,,,,,
144500,00:02:24.500,m,just xxx up a little bit,0,,,,,,0,,,,,,,
149090,00:02:29.90,m,xxx,0,,,,,,0,,,,,,,
151334,00:02:31.334,m,and then,0,,,,,,0,,,,,,,
152626,00:02:32.626,m,should we say good morning to Daddy quickly?,1,daddy,,,,,1,we,,,,,,
159018,00:02:39.18,m,let's say hi Daddy,1,daddy,,,,,0,,,,,,,
161398,00:02:41.398,m,okay ready Soph?,1,soph,,,,,0,,,,,,,
162112,00:02:42.112,m,say hi Daddy,1,daddy,,,,,0,,,,,,,
167688,00:02:47.688,m,cheese,0,,,,,,0,,,,,,,
168946,00:02:48.946,m,say good morning Daddy,1,daddy,,,,,0,,,,,,,
171666,00:02:51.666,m,[laugh],0,,,,,,0,,,,,,,
172856,00:02:52.856,m,no good mornings today?,1,today,,,,,0,,,,,,,
175984,00:02:55.984,m,okay,0,,,,,,0,,,,,,,
180472,00:03:00.472,m,happy halloween,1,halloween,,,,,0,,,,,,,
182172,00:03:02.172,m,you have to say happy thanksgiving,1,thanksgiving,,,,,1,you,,,,,,
185096,00:03:05.96,m,happy thanksgiving,1,thanksgiving,,,,,0,,,,,,,
186626,00:03:06.626,m,gabo gabo,0,,,,,,0,,,,,,,
187918,00:03:07.918,m,happy thanksgiving,1,thanksgiving,,,,,0,,,,,,,
189006,00:03:09.6,m,gabo gabo,0,,,,,,0,,,,,,,
195704,00:03:15.704,m,yeah,0,,,,,,0,,,,,,,
198662,00:03:18.662,m,baby,1,baby,,,,,0,,,,,,,
200804,00:03:20.804,m,you'll take her to the living room?,1,livingroom,,,,,2,you,her,,,,,
207060,00:03:27.60,m,aw you're giving her a hug?,0,,,,,,2,you,her,,,,,
237116,00:03:57.116,m,aw,0,,,,,,0,,,,,,,
239224,00:03:59.224,m,oh in there?,0,,,,,,0,,,,,,,
240108,00:04:00.108,m,okay,0,,,,,,0,,,,,,,
240822,00:04:00.822,m,let's bring your music,1,music,,,,,1,your,,,,,,
241842,00:04:01.842,m,okay?,0,,,,,,0,,,,,,,
243236,00:04:03.236,m,so we have some music,1,music,,,,,1,we,,,,,,
249764,00:04:09.764,m,mm you xxx,0,,,,,,1,you,,,,,,
253946,00:04:13.946,m,baby talk?,1,babytalk,,,,,0,,,,,,,
269144,00:04:29.144,m,cupcake?,1,cupcake,,,,,0,,,,,,,
270912,00:04:30.912,m,what flavor is it?,1,flavor,,,,,1,it,,,,,,
271898,00:04:31.898,m,strawberry?,1,strawberry,,,,,0,,,,,,,
274720,00:04:34.720,m,mmm,0,,,,,,0,,,,,,,
274958,00:04:34.958,m,that's delicious Sophie,1,sophie,,,,,1,that,,,,,,
283662,00:04:43.662,m,you want me pour those out for you?,0,,,,,,4,you,me,those,you,,,
288456,00:04:48.456,m,let them to the side,0,,,,,,1,them,,,,,,
299268,00:04:59.268,m,you're putting them on the table?,1,table,,,,,2,you,them,,,,,
301954,00:05:01.954,m,you wanna have a tea party?,1,teaparty,,,,,1,you,,,,,,
315792,00:05:15.792,m,strawberry cupcakes,1,strawberrycupcakes,,,,,0,,,,,,,
317050,00:05:17.50,m,yum,0,,,,,,0,,,,,,,
325040,00:05:25.40,m,are they good?,0,,,,,,1,they,,,,,,
328066,00:05:28.66,m,did you just bake them?,0,,,,,,2,you,them,,,,,
334764,00:05:34.764,m,oh,0,,,,,,0,,,,,,,
336464,00:05:36.464,m,thank you,0,,,,,,1,you,,,,,,
344012,00:05:44.12,m,share with the baby,1,baby,,,,,0,,,,,,,
345168,00:05:45.168,m,here,0,,,,,,0,,,,,,,
345780,00:05:45.780,m,baby wants a bite,2,baby,bite,,,,0,,,,,,,
348500,00:05:48.500,m,oh,0,,,,,,0,,,,,,,
349248,00:05:49.248,m,delicious,0,,,,,,0,,,,,,,
349792,00:05:49.792,m,thank you Sophie,1,sophie,,,,,1,you,,,,,,
352648,00:05:52.648,m,take a bite,1,bite,,,,,0,,,,,,,
354450,00:05:54.450,m,mmm,0,,,,,,0,,,,,,,
356626,00:05:56.626,m,yummy,0,,,,,,0,,,,,,,
362984,00:06:02.984,m,is that good?,0,,,,,,1,that,,,,,,
365670,00:06:05.670,m,yeah that's good,0,,,,,,1,that,,,,,,
369784,00:06:09.784,m,[laugh],0,,,,,,0,,,,,,,
372266,00:06:12.266,m,what about the tea?,1,tea,,,,,0,,,,,,,
374204,00:06:14.204,m,we forgot the tea,1,tea,,,,,1,we,,,,,,
384608,00:06:24.608,m,and the cups,1,cups,,,,,0,,,,,,,
385696,00:06:25.696,m,remember we found all those cups yesterday?,1,cups,,,,,1,we,,,,,,
387736,00:06:27.736,m,oh,0,,,,,,0,,,,,,,
388246,00:06:28.246,m,there's one,1,one,,,,,0,,,,,,,
390830,00:06:30.830,m,it tumbled out,0,,,,,,1,it,,,,,,
395182,00:06:35.182,m,cup,1,cup,,,,,0,,,,,,,
399160,00:06:39.160,m,and what else?,0,,,,,,0,,,,,,,
400044,00:06:40.44,m,did we find the teapot yet?,1,teapot,,,,,1,we,,,,,,
403308,00:06:43.308,m,we can pretend this is the teapot,1,teapot,,,,,2,we,this,,,,,
406198,00:06:46.198,m,since we can't find the real teapot,1,teapot,,,,,1,we,,,,,,
410550,00:06:50.550,m,mm,0,,,,,,0,,,,,,,
411162,00:06:51.162,m,and here is a sugar bowl,1,sugarbowl,,,,,0,,,,,,,
413168,00:06:53.168,m,I found it,0,,,,,,2,i,it,,,,,
421668,00:07:01.668,m,oh,0,,,,,,0,,,,,,,
421906,00:07:01.906,m,and here's a spoon for the sugar bowl,2,spoon,sugarbowl,,,,0,,,,,,,
432140,00:07:12.140,m,no?,0,,,,,,0,,,,,,,
432446,00:07:12.446,m,no sugar bowl?,1,sugarbowl,,,,,0,,,,,,,
437682,00:07:17.682,m,what about,0,,,,,,0,,,,,,,
438770,00:07:18.770,m,honey,1,honey,,,,,0,,,,,,,
439960,00:07:19.960,m,do you want honey in your tea?,2,honey,tea,,,,2,you,your,,,,,
444244,00:07:24.244,m,put honey in the tea?,2,honey,tea,,,,0,,,,,,,
446284,00:07:26.284,m,um,0,,,,,,0,,,,,,,
448970,00:07:28.970,m,here,0,,,,,,0,,,,,,,
454784,00:07:34.784,m,here you go,0,,,,,,1,you,,,,,,
460462,00:07:40.462,m,oh here,0,,,,,,0,,,,,,,
460802,00:07:40.802,m,I found,0,,,,,,1,i,,,,,,
462128,00:07:42.128,m,the plates,1,plates,,,,,0,,,,,,,
463148,00:07:43.148,m,Soph,1,soph,,,,,0,,,,,,,
466038,00:07:46.38,m,here you go,0,,,,,,1,you,,,,,,
468928,00:07:48.928,m,go ahead,0,,,,,,0,,,,,,,
474232,00:07:54.232,m,no plates?,1,plates,,,,,0,,,,,,,
475082,00:07:55.82,m,okay,0,,,,,,0,,,,,,,
479196,00:07:59.196,m,hold what,0,,,,,,0,,,,,,,
506396,00:08:26.396,m,oh thanks,0,,,,,,0,,,,,,,
514250,00:08:34.250,m,xxx,0,,,,,,0,,,,,,,
514930,00:08:34.930,m,where is your tea?,1,tea,,,,,1,your,,,,,,
516358,00:08:36.358,m,do you remember?,0,,,,,,1,you,,,,,,
528360,00:08:48.360,m,xxx in the song?,1,song,,,,,0,,,,,,,
546006,00:09:06.6,m,what are you doing?,0,,,,,,1,you,,,,,,
550086,00:09:10.86,m,are you eating it?,0,,,,,,2,you,it,,,,,
559198,00:09:19.198,m,do you hear the letters?,1,letters,,,,,1,you,,,,,,
562360,00:09:22.360,m,alphabet?,1,alphabet,,,,,0,,,,,,,
568854,00:09:28.854,m,did you hear it?,0,,,,,,2,you,it,,,,,
580278,00:09:40.278,m,hello?,0,,,,,,0,,,,,,,
581774,00:09:41.774,m,[laugh],0,,,,,,0,,,,,,,
582658,00:09:42.658,m,you are in a daze,1,daze,,,,,1,you,,,,,,
588302,00:09:48.302,m,a ghost?,1,ghost,,,,,0,,,,,,,
592552,00:09:52.552,m,is it a ghost?,1,ghost,,,,,1,it,,,,,,
595476,00:09:55.476,m,where?,0,,,,,,0,,,,,,,
596666,00:09:56.666,m,oh I see,0,,,,,,1,i,,,,,,
598332,00:09:58.332,m,I'm not sure what's causing that,0,,,,,,2,i,that,,,,,
599828,00:09:59.828,m,oh,0,,,,,,0,,,,,,,
600440,00:10:00.440,m,I know what's causing that,0,,,,,,2,i,that,,,,,
602480,00:10:02.480,m,[laugh],0,,,,,,0,,,,,,,
604112,00:10:04.112,m,it's okay,0,,,,,,1,it,,,,,,
605710,00:10:05.710,m,it's just s reflection,1,reflection,,,,,1,it,,,,,,
606900,00:10:06.900,m,right?,0,,,,,,0,,,,,,,
611150,00:10:11.150,m,what is it?,0,,,,,,1,it,,,,,,
614040,00:10:14.40,m,you're eating,0,,,,,,1,you,,,,,,
614992,00:10:14.992,m,yeah,0,,,,,,0,,,,,,,
618290,00:10:18.290,m,do you wanna do cheers?,1,cheers,,,,,1,you,,,,,,
622268,00:10:22.268,m,cheers,1,cheers,,,,,0,,,,,,,
635902,00:10:35.902,m,yay,0,,,,,,0,,,,,,,
637466,00:10:37.466,m,good job,0,,,,,,0,,,,,,,
643892,00:10:43.892,m,is Elmo gonna sing it?,1,elmo,,,,,1,it,,,,,,
651406,00:10:51.406,m,yum yum yum yum,0,,,,,,0,,,,,,,
652834,00:10:52.834,m,oh thank you,0,,,,,,1,you,,,,,,
655622,00:10:55.622,m,oh thank you,0,,,,,,1,you,,,,,,
658750,00:10:58.750,m,Elmo has a cupcake,2,elmo,cupcake,,,,0,,,,,,,
659804,00:10:59.804,m,yummy,0,,,,,,0,,,,,,,
664870,00:11:04.870,m,is it good?,0,,,,,,1,it,,,,,,
667896,00:11:07.896,m,are there any other flavors?,1,flavors,,,,,0,,,,,,,
670072,00:11:10.72,m,that we can try?,0,,,,,,2,that,we,,,,,
672112,00:11:12.112,m,is there vanila cupcake?,1,vanilacupcake,,,,,0,,,,,,,
673880,00:11:13.880,m,or chocolate cupcake?,1,chocolatecupcake,,,,,0,,,,,,,
678776,00:11:18.776,m,an apple cupcake,1,applecupcake,,,,,0,,,,,,,
680102,00:11:20.102,m,yum,0,,,,,,0,,,,,,,
681802,00:11:21.802,m,where is that one?,1,one,,,,,1,that,,,,,,
685508,00:11:25.508,m,let's see,0,,,,,,0,,,,,,,
686256,00:11:26.256,m,I'll see if I can find it,0,,,,,,3,i,i,it,,,,
688092,00:11:28.92,m,um,0,,,,,,0,,,,,,,
689350,00:11:29.350,m,let's see,0,,,,,,0,,,,,,,
690200,00:11:30.200,m,oh,0,,,,,,0,,,,,,,
690540,00:11:30.540,m,did you want to xxx frosting on the cupcake?,2,frosting,cupcake,,,,1,you,,,,,,
694008,00:11:34.8,m,no?,0,,,,,,0,,,,,,,
694178,00:11:34.178,m,you're not into the frosting?,1,frosting,,,,,1,you,,,,,,
696252,00:11:36.252,m,okay,0,,,,,,0,,,,,,,
696592,00:11:36.592,m,get out of here,0,,,,,,0,,,,,,,
697544,00:11:37.544,m,xxx,0,,,,,,0,,,,,,,
699210,00:11:39.210,m,xxx can find another one,1,one,,,,,0,,,,,,,
701250,00:11:41.250,m,here,0,,,,,,0,,,,,,,
706656,00:11:46.656,m,Soph it's time to,1,soph,,,,,1,it,,,,,,
708152,00:11:48.152,m,some bigger boxes right Soph?,2,boxes,soph,,,,0,,,,,,,
712436,00:11:52.436,m,real box,1,box,,,,,0,,,,,,,
714000,00:11:54.0,m,oh,0,,,,,,0,,,,,,,
714238,00:11:54.238,m,I found a vanilla one,1,one,,,,,1,i,,,,,,
716312,00:11:56.312,m,vanilla cupcake,1,cupcake,,,,,0,,,,,,,
718250,00:11:58.250,m,whatelse?,0,,,,,,0,,,,,,,
721480,00:12:01.480,m,vanilla frosting?,1,frosting,,,,,0,,,,,,,
723316,00:12:03.316,m,or not,0,,,,,,0,,,,,,,
724982,00:12:04.982,m,oh,0,,,,,,0,,,,,,,
725288,00:12:05.288,m,look look look,0,,,,,,0,,,,,,,
727430,00:12:07.430,m,I found another,0,,,,,,1,i,,,,,,
728586,00:12:08.586,m,cup,1,cup,,,,,0,,,,,,,
729096,00:12:09.96,m,for the cupcake,1,cupcake,,,,,0,,,,,,,
741880,00:12:21.880,m,good one Soph,2,one,soph,,,,0,,,,,,,
757656,00:12:37.656,m,oh thank you,0,,,,,,1,you,,,,,,
761192,00:12:41.192,m,look what I found,0,,,,,,1,i,,,,,,
765068,00:12:45.68,m,S@ is for,0,,,,,,0,,,,,,,
767210,00:12:47.210,m,Sophie,1,sophie,,,,,0,,,,,,,
768400,00:12:48.400,m,that's right,0,,,,,,1,that,,,,,,
773228,00:12:53.228,m,oh,0,,,,,,0,,,,,,,
773670,00:12:53.670,m,look what I found,0,,,,,,1,i,,,,,,
779620,00:12:59.620,m,it's xxx rabbit right?,1,rabbit,,,,,1,it,,,,,,
786080,00:13:06.80,m,more blocks,1,blocks,,,,,0,,,,,,,
787202,00:13:07.202,m,look at all these blocks,1,blocks,,,,,1,these,,,,,,
788494,00:13:08.494,m,let's stack them up,0,,,,,,1,them,,,,,,
795328,00:13:15.328,m,number three,1,three,,,,,0,,,,,,,
795974,00:13:15.974,m,that's right,0,,,,,,1,that,,,,,,
799850,00:13:19.850,m,what about this one?,1,one,,,,,1,this,,,,,,
802876,00:13:22.876,m,two,1,two,,,,,0,,,,,,,
803420,00:13:23.420,m,that's right,0,,,,,,1,that,,,,,,
804202,00:13:24.202,m,good job,0,,,,,,0,,,,,,,
810152,00:13:30.152,m,and yeah,0,,,,,,0,,,,,,,
810492,00:13:30.492,m,oh,0,,,,,,0,,,,,,,
810832,00:13:30.832,m,here,0,,,,,,0,,,,,,,
811444,00:13:31.444,m,lunch,1,lunch,,,,,0,,,,,,,
812260,00:13:32.260,m,can you find any box?,1,box,,,,,1,you,,,,,,
816102,00:13:36.102,m,what's that one?,1,one,,,,,1,that,,,,,,
818414,00:13:38.414,m,six,1,six,,,,,0,,,,,,,
818754,00:13:38.754,m,good job,0,,,,,,0,,,,,,,
820284,00:13:40.284,m,what about this one?,1,one,,,,,1,this,,,,,,
823344,00:13:43.344,m,one,1,one,,,,,0,,,,,,,
825316,00:13:45.316,m,oh,0,,,,,,0,,,,,,,
825724,00:13:45.724,m,it's getting tall,0,,,,,,1,it,,,,,,
835448,00:13:55.448,m,what is it?,0,,,,,,1,it,,,,,,
839052,00:13:59.52,m,a duck?,1,duck,,,,,0,,,,,,,
843506,00:14:03.506,m,where is the duck?,1,duck,,,,,0,,,,,,,
848334,00:14:08.334,m,can you find the duck?,1,duck,,,,,1,you,,,,,,
855508,00:14:15.508,m,oh,0,,,,,,0,,,,,,,
855882,00:14:15.882,m,I can grab that one,1,one,,,,,2,i,that,,,,,
856970,00:14:16.970,m,xxx can you come back around this side?,1,side,,,,,2,you,this,,,,,
866490,00:14:26.490,m,here,0,,,,,,0,,,,,,,
867204,00:14:27.204,m,I'll go grab that one,1,one,,,,,2,i,that,,,,,
868088,00:14:28.88,m,xxx this way,1,way,,,,,1,this,,,,,,
870740,00:14:30.740,m,thank you,0,,,,,,1,you,,,,,,
871658,00:14:31.658,m,thank you,0,,,,,,1,you,,,,,,
876588,00:14:36.588,m,here you go,0,,,,,,1,you,,,,,,
878356,00:14:38.356,m,the yellow one,1,one,,,,,0,,,,,,,
886244,00:14:46.244,m,oh,0,,,,,,0,,,,,,,
887366,00:14:47.366,m,look Sophie,1,sophie,,,,,0,,,,,,,
888250,00:14:48.250,m,I found the milk,1,milk,,,,,1,i,,,,,,
892806,00:14:52.806,m,[laugh],0,,,,,,0,,,,,,,
910350,00:15:10.350,m,yep,0,,,,,,0,,,,,,,
913512,00:15:13.512,m,good job,0,,,,,,0,,,,,,,
919190,00:15:19.190,m,wow,0,,,,,,0,,,,,,,
919836,00:15:19.836,m,look what I found,0,,,,,,1,i,,,,,,
924154,00:15:24.154,m,I'll bring it over,0,,,,,,2,i,it,,,,,
928234,00:15:28.234,m,you only had so many hands right Soph?,2,hands,sophie,,,,1,you,,,,,,
956488,00:15:56.488,m,are you good?,0,,,,,,1,you,,,,,,
960466,00:16:00.466,m,okay,0,,,,,,0,,,,,,,
961520,00:16:01.520,m,watch your head,1,head,,,,,1,your,,,,,,
964274,00:16:04.274,m,I see,0,,,,,,1,i,,,,,,
969680,00:16:09.680,m,milk tomorrow?,1,milk,,,,,0,,,,,,,
973590,00:16:13.590,m,what today?,0,,,,,,0,,,,,,,
993786,00:16:33.786,m,stack?,0,,,,,,0,,,,,,,
996200,00:16:36.200,m,it fell down?,0,,,,,,1,it,,,,,,
1000620,00:16:40.620,m,should we stack it up agagin?,0,,,,,,2,we,it,,,,,
1003850,00:16:43.850,m,xxx make a tower?,1,tower,,,,,0,,,,,,,
1004870,00:16:44.870,m,here,0,,,,,,0,,,,,,,
1005006,00:16:45.6,m,let's stack it up on the table,1,table,,,,,1,it,,,,,,
1006706,00:16:46.706,m,then it will be really tall,0,,,,,,1,it,,,,,,
1010310,00:16:50.310,m,what did you say?,0,,,,,,1,you,,,,,,
1010854,00:16:50.854,m,oh your purse,1,purse,,,,,1,your,,,,,,
1011908,00:16:51.908,m,yes,0,,,,,,0,,,,,,,
1014152,00:16:54.152,m,what are you gonna put in your purse?,1,purse,,,,,2,you,your,,,,,
1026256,00:17:06.256,m,I think Daddy texted us back,1,daddy,,,,,2,i,us,,,,,
1031764,00:17:11.764,m,Daddy said good moring,1,daddy,,,,,0,,,,,,,
1048866,00:17:28.866,m,you know this song,1,song,,,,,2,you,this,,,,,
1049784,00:17:29.784,m,don't you?,0,,,,,,1,you,,,,,,
1053830,00:17:33.830,m,xxx,0,,,,,,0,,,,,,,
1058522,00:17:38.522,m,xxx,0,,,,,,0,,,,,,,
1065254,00:17:45.254,m,this dream runs blue,1,dream,,,,,1,this,,,,,,
1069946,00:17:49.946,m,swim swim,0,,,,,,0,,,,,,,
1072224,00:17:52.224,m,[laugh],0,,,,,,0,,,,,,,
1073074,00:17:53.74,m,swim,0,,,,,,0,,,,,,,
1074468,00:17:54.468,m,can you swim?,0,,,,,,1,you,,,,,,
1075182,00:17:55.182,m,like this?,0,,,,,,1,this,,,,,,
1076508,00:17:56.508,m,swim,0,,,,,,0,,,,,,,
1078752,00:17:58.752,m,can you do it?,0,,,,,,2,you,it,,,,,
1093338,00:18:13.338,m,what's next?,0,,,,,,0,,,,,,,
1099322,00:18:19.322,m,oh,0,,,,,,0,,,,,,,
1099594,00:18:19.594,m,cool,0,,,,,,0,,,,,,,
1100240,00:18:20.240,m,yep,0,,,,,,0,,,,,,,
1100818,00:18:20.818,m,xxx,0,,,,,,0,,,,,,,
1111732,00:18:31.732,m,oh thank you,0,,,,,,1,you,,,,,,
1113602,00:18:33.602,m,whooh,0,,,,,,0,,,,,,,
1116322,00:18:36.322,m,whooh baby,1,baby,,,,,0,,,,,,,
1117478,00:18:37.478,m,such a  beautiful purse,1,purse,,,,,0,,,,,,,
1119280,00:18:39.280,m,[laugh],0,,,,,,0,,,,,,,
1124720,00:18:44.720,m,are you flapping your wings?,1,wings,,,,,2,you,your,,,,,
1126352,00:18:46.352,m,flap flap,0,,,,,,0,,,,,,,
1130432,00:18:50.432,m,go ahead,0,,,,,,0,,,,,,,
1130908,00:18:50.908,m,you flap your wings,1,wings,,,,,2,you,your,,,,,
1134478,00:18:54.478,m,oh good job,0,,,,,,0,,,,,,,
1137742,00:18:57.742,m,flap,0,,,,,,0,,,,,,,
1138286,00:18:58.286,m,flap your wings,1,wings,,,,,1,your,,,,,,
1143182,00:19:03.182,m,yeah,0,,,,,,0,,,,,,,
1143488,00:19:03.488,m,xxx good job,0,,,,,,0,,,,,,,
1144746,00:19:04.746,m,that's good job,0,,,,,,1,that,,,,,,
1145766,00:19:05.766,m,that's good flapping,0,,,,,,1,that,,,,,,
1148758,00:19:08.758,m,mmhm,0,,,,,,0,,,,,,,
1164330,00:19:24.330,m,what do you see?,0,,,,,,1,you,,,,,,
1164806,00:19:24.806,m,the tree?,1,tree,,,,,0,,,,,,,
1173612,00:19:33.612,m,what is it?,0,,,,,,1,it,,,,,,
1190102,00:19:50.102,m,baby doll,1,doll,,,,,0,,,,,,,
1190952,00:19:50.952,m,yep,0,,,,,,0,,,,,,,
1194522,00:19:54.522,m,yeah,0,,,,,,0,,,,,,,
1194896,00:19:54.896,m,she has a belly button,1,bellybutton,,,,,1,she,,,,,,
1196630,00:19:56.630,m,do you have a belly button?,1,bellybutton,,,,,1,you,,,,,,
1201254,00:20:01.254,m,another baby,1,baby,,,,,0,,,,,,,
1202172,00:20:02.172,m,does she have a belly button?,1,bellybutton,,,,,1,she,,,,,,
1204994,00:20:04.994,m,nope,0,,,,,,0,,,,,,,
1205606,00:20:05.606,m,no belly button,1,bellybutton,,,,,0,,,,,,,
1210672,00:20:10.672,m,she pooped,0,,,,,,1,she,,,,,,
1212814,00:20:12.814,m,what are you gonna do?,0,,,,,,1,you,,,,,,
1213766,00:20:13.766,m,you have to clean her right?,0,,,,,,2,you,her,,,,,
1218390,00:20:18.390,m,gonna change her diper?,1,diper,,,,,1,her,,,,,,
1221008,00:20:21.8,m,go ahead,0,,,,,,0,,,,,,,
1231582,00:20:31.582,m,no?,0,,,,,,0,,,,,,,
1236818,00:20:36.818,m,oh you wanna play a little bit?,0,,,,,,1,you,,,,,,
1246066,00:20:46.66,m,play the guitar?,1,guitar,,,,,0,,,,,,,
1248344,00:20:48.344,m,[laugh],0,,,,,,0,,,,,,,
1257966,00:20:57.966,m,[laugh],0,,,,,,0,,,,,,,
1269900,00:21:09.900,m,xxx and baninis,1,baninis,,,,,0,,,,,,,
1271362,00:21:11.362,m,that's silly right?,0,,,,,,1,that,,,,,,
1290504,00:21:30.504,m,oh the baby can play the guitar too,2,baby,guitar,,,,0,,,,,,,
1292442,00:21:32.442,m,let's see,0,,,,,,0,,,,,,,
1299752,00:21:39.752,m,oh,0,,,,,,0,,,,,,,
1300194,00:21:40.194,m,she's sucking her thumb?,1,thumb,,,,,2,she,her,,,,,
1309544,00:21:49.544,m,mmhm,0,,,,,,0,,,,,,,
1311958,00:21:51.958,m,it doesn't stay in there,0,,,,,,1,it,,,,,,
1314066,00:21:54.66,m,she just pretend,0,,,,,,1,she,,,,,,
1319404,00:21:59.404,m,xxx eat yogurt?,1,yogurt,,,,,0,,,,,,,
1334160,00:22:14.160,m,wanna try it?,0,,,,,,1,it,,,,,,
1335146,00:22:15.146,m,can you do it?,0,,,,,,2,you,it,,,,,
1337322,00:22:17.322,m,we can do it together,0,,,,,,2,we,it,,,,,
1338342,00:22:18.342,m,okay?,0,,,,,,0,,,,,,,
1345856,00:22:25.856,m,here you go,0,,,,,,1,you,,,,,,
1347284,00:22:27.284,m,now she's a bunny,1,bunny,,,,,1,she,,,,,,
1349358,00:22:29.358,m,hop hop,0,,,,,,0,,,,,,,
1353472,00:22:33.472,m,hop hop hop,0,,,,,,0,,,,,,,
1377612,00:22:57.612,m,mmhm,0,,,,,,0,,,,,,,
1392164,00:23:12.164,m,mmhm,0,,,,,,0,,,,,,,
1399202,00:23:19.202,m,mlik,1,milk,,,,,0,,,,,,,
1400460,00:23:20.460,m,cups and milk,2,cups,milk,,,,0,,,,,,,
1406750,00:23:26.750,m,there's another cup over there,1,cup,,,,,0,,,,,,,
1410422,00:23:30.422,m,[laugh],0,,,,,,0,,,,,,,
1419670,00:23:39.670,m,you have all the cups,1,cups,,,,,1,you,,,,,,
1423104,00:23:43.104,m,what are you doing with all those cups?,1,cups,,,,,2,you,those,,,,,
1427354,00:23:47.354,m,xxx,0,,,,,,0,,,,,,,
1429360,00:23:49.360,m,you're gonna stack,0,,,,,,1,you,,,,,,
1431740,00:23:51.740,m,you have some milk?,1,milk,,,,,1,you,,,,,,
1434732,00:23:54.732,m,are you gonna,0,,,,,,1,you,,,,,,
1435174,00:23:55.174,m,stack them up?,0,,,,,,1,them,,,,,,
1437724,00:23:57.724,m,no?,0,,,,,,0,,,,,,,
1438948,00:23:58.948,m,where are you going?,0,,,,,,1,you,,,,,,
1443912,00:24:03.912,m,oh you wanna leave?,0,,,,,,1,you,,,,,,
1447482,00:24:07.482,m,I can grab that hook,1,hook,,,,,2,i,that,,,,,
1449216,00:24:09.216,m,you know where it is?,0,,,,,,2,you,it,,,,,
1452276,00:24:12.276,m,you can find it,0,,,,,,2,you,it,,,,,
1453364,00:24:13.364,m,oh,0,,,,,,0,,,,,,,
1458838,00:24:18.838,m,hmm,0,,,,,,0,,,,,,,
1464516,00:24:24.516,m,a glass of milk?,2,glass,milk,,,,0,,,,,,,
1467882,00:24:27.882,m,mm,0,,,,,,0,,,,,,,
1475566,00:24:35.566,m,I'm not sure where it is,0,,,,,,2,i,it,,,,,
1481584,00:24:41.584,m,xxx,0,,,,,,0,,,,,,,
1486106,00:24:46.106,m,xxx toes,1,toes,,,,,0,,,,,,,
1491410,00:24:51.410,m,hmm,0,,,,,,0,,,,,,,
1498822,00:24:58.822,m,[laugh],0,,,,,,0,,,,,,,
1510042,00:25:10.42,m,it might,0,,,,,,1,it,,,,,,
1534148,00:25:34.148,m,the refridgerator,1,refridgerator,,,,,0,,,,,,,
1535270,00:25:35.270,m,yeah,0,,,,,,0,,,,,,,
1535542,00:25:35.542,m,what do you put in the refridgerator?,1,refridgerator,,,,,1,you,,,,,,
1538194,00:25:38.194,m,do you know?,0,,,,,,1,you,,,,,,
1540404,00:25:40.404,m,you put the cups in there?,1,cups,,,,,1,you,,,,,,
1542784,00:25:42.784,m,you put milk and eggs,2,milk,eggs,,,,1,you,,,,,,
1545198,00:25:45.198,m,things that need to stay cold right?,1,things,,,,,2,that,you,,,,,
1549108,00:25:49.108,m,all those things go in the refridgerator,2,things,refridgerator,,,,1,those,,,,,,
1552542,00:25:52.542,m,hey I'm not sure where that is,0,,,,,,2,i,that,,,,,
1566516,00:26:06.516,m,I'm gonna go look in the other room,1,room,,,,,1,i,,,,,,
1600482,00:26:40.482,m,a glass of milk?,2,glass,milk,,,,0,,,,,,,
1601978,00:26:41.978,m,I couldn't find the book,1,book,,,,,1,i,,,,,,
1603202,00:26:43.202,m,I'm not sure where it is,0,,,,,,2,i,it,,,,,
1607928,00:26:47.928,m,hmm,0,,,,,,0,,,,,,,
1609934,00:26:49.934,m,did we take it somewhere?,0,,,,,,2,we,it,,,,,
1623466,00:27:03.466,m,hold on,0,,,,,,0,,,,,,,
1624282,00:27:04.282,m,you can go to the bathroom,1,bathroom,,,,,1,you,,,,,,
1629314,00:27:09.314,m,oh no,0,,,,,,0,,,,,,,
1629824,00:27:09.824,m,you're okay,0,,,,,,1,you,,,,,,
1642676,00:27:22.676,m,xxx,0,,,,,,0,,,,,,,
1653114,00:27:33.114,m,stomp your feet,1,feet,,,,,1,your,,,,,,
1655562,00:27:35.562,m,[laugh],0,,,,,,0,,,,,,,
1657364,00:27:37.364,m,good job,0,,,,,,0,,,,,,,
1660220,00:27:40.220,m,[sing],0,,,,,,0,,,,,,,
1663076,00:27:43.76,m,what's next?,0,,,,,,0,,,,,,,
1667802,00:27:47.802,m,peekaboo,0,,,,,,0,,,,,,,
1670488,00:27:50.488,m,can you do it?,0,,,,,,2,you,it,,,,,
1672290,00:27:52.290,m,peekaboo,0,,,,,,0,,,,,,,
1679464,00:27:59.464,m,peekaboo,0,,,,,,0,,,,,,,
1682660,00:28:02.660,m,wiggle your ears,1,ears,,,,,1,your,,,,,,
1686026,00:28:06.26,m,wiggle your ears,1,ears,,,,,1,your,,,,,,
1692894,00:28:12.894,m,that's nice,0,,,,,,1,that,,,,,,
1696906,00:28:16.906,m,huray,0,,,,,,0,,,,,,,
1698062,00:28:18.62,m,you shout huray,0,,,,,,1,you,,,,,,
1700782,00:28:20.782,m,huray,0,,,,,,0,,,,,,,
1702142,00:28:22.142,m,uh,0,,,,,,0,,,,,,,
1705168,00:28:25.168,m,good job,0,,,,,,0,,,,,,,
1707820,00:28:27.820,m,I know,0,,,,,,1,i,,,,,,
1709282,00:28:29.282,m,and it didn't fall over,0,,,,,,1,it,,,,,,
1712410,00:28:32.410,m,should we put another cup up there?,1,cup,,,,,1,we,,,,,,
1714688,00:28:34.688,m,and see what happens?,0,,,,,,0,,,,,,,
1728050,00:28:48.50,m,do you wanna see what happens if we put another cup up there?,1,cup,,,,,2,you,we,,,,,
1731382,00:28:51.382,m,do you think it will stay?,0,,,,,,2,you,it,,,,,
1732708,00:28:52.708,m,or xxx tower will fall,1,tower,,,,,0,,,,,,,
1742738,00:29:02.738,m,I know,0,,,,,,1,i,,,,,,
1743350,00:29:03.350,m,I know,0,,,,,,1,i,,,,,,
1745152,00:29:05.152,m,I have to find it,0,,,,,,2,i,it,,,,,
1762730,00:29:22.730,m,hmm,0,,,,,,0,,,,,,,
1765654,00:29:25.654,m,oh you're laying down on the rug?,1,rug,,,,,1,you,,,,,,
1768578,00:29:28.578,m,okay,0,,,,,,0,,,,,,,
1769020,00:29:29.20,m,I'm coming,0,,,,,,1,i,,,,,,
1769564,00:29:29.564,m,I'm coming,0,,,,,,1,i,,,,,,
1771264,00:29:31.264,m,okay,0,,,,,,0,,,,,,,
1771604,00:29:31.604,m,xxx right down xxx,0,,,,,,0,,,,,,,
1774154,00:29:34.154,m,oh go what?,0,,,,,,0,,,,,,,
1774902,00:29:34.902,m,go get the baby?,1,baby,,,,,0,,,,,,,
1778404,00:29:38.404,m,what do you say?,0,,,,,,1,you,,,,,,
1780240,00:29:40.240,m,okay,0,,,,,,0,,,,,,,
1781192,00:29:41.192,m,I'll get the baby then,1,baby,,,,,1,i,,,,,,
1793772,00:29:53.772,m,uh,0,,,,,,0,,,,,,,
1794044,00:29:54.44,m,here comes the baby Soph,2,baby,soph,,,,0,,,,,,,
1798328,00:29:58.328,m,[laugh],0,,,,,,0,,,,,,,
1800538,00:30:00.538,m,here she comes,0,,,,,,1,she,,,,,,
1802408,00:30:02.408,m,hah hah hah,0,,,,,,0,,,,,,,
1803870,00:30:03.870,m,[laugh],0,,,,,,0,,,,,,,
1814308,00:30:14.308,m,lay down?,0,,,,,,0,,,,,,,
1816042,00:30:16.42,m,okay,0,,,,,,0,,,,,,,
1817300,00:30:17.300,m,here,0,,,,,,0,,,,,,,
1817368,00:30:17.368,m,let's pull the rug out a little bit,1,rug,,,,,0,,,,,,,
1822128,00:30:22.128,m,there we go,0,,,,,,1,we,,,,,,
1823454,00:30:23.454,m,now you can lay on it,0,,,,,,2,you,it,,,,,
1829880,00:30:29.880,m,Mommy to lay on it too?,1,mommy,,,,,1,it,,,,,,
1834130,00:30:34.130,m,baby's laying,1,baby,,,,,0,,,,,,,
1839366,00:30:39.366,m,okay okay,0,,,,,,0,,,,,,,
1840216,00:30:40.216,m,I'm laying I'm laying,0,,,,,,1,i,,,,,,
1842052,00:30:42.52,m,ugh,0,,,,,,0,,,,,,,
1845180,00:30:45.180,m,are you gonna go to sleep?,0,,,,,,1,you,,,,,,
1849362,00:30:49.362,m,go to sleep together,0,,,,,,0,,,,,,,
1850484,00:30:50.484,m,okay,0,,,,,,0,,,,,,,
1850892,00:30:50.892,m,let's go to sleep,0,,,,,,0,,,,,,,
1853510,00:30:53.510,m,huh shh,0,,,,,,0,,,,,,,
1855006,00:30:55.6,m,huh shh,0,,,,,,0,,,,,,,
1858168,00:30:58.168,m,Sophie fell alseep,1,sophie,,,,,0,,,,,,,
1864220,00:31:04.220,m,yes we're sleeping,0,,,,,,1,we,,,,,,
1873094,00:31:13.94,m,what is it?,0,,,,,,1,it,,,,,,
1878636,00:31:18.636,m,is that true?,0,,,,,,1,that,,,,,,
1880710,00:31:20.710,m,it is,0,,,,,,1,it,,,,,,
1883566,00:31:23.566,m,oh,0,,,,,,0,,,,,,,
1891828,00:31:31.828,m,I like that song,1,song,,,,,2,i,that,,,,,
1893800,00:31:33.800,m,that's a nice song you're singing,1,song,,,,,2,that,you,,,,,
1907944,00:31:47.944,m,wake up,0,,,,,,0,,,,,,,
1908930,00:31:48.930,m,Sophie woke up,1,sophie,,,,,0,,,,,,,
1912160,00:31:52.160,m,oh baby's still sleeping,1,baby,,,,,0,,,,,,,
1918654,00:31:58.654,m,mmhm,0,,,,,,0,,,,,,,
1920252,00:32:00.252,m,my eyes are closed,1,eyes,,,,,1,my,,,,,,
1927086,00:32:07.86,m,wake up,0,,,,,,0,,,,,,,
1928242,00:32:08.242,m,[laugh],0,,,,,,0,,,,,,,
1929262,00:32:09.262,m,wake up,0,,,,,,0,,,,,,,
1932118,00:32:12.118,m,wake up Soph,1,soph,,,,,0,,,,,,,
1933682,00:32:13.682,m,it's time to wake up,0,,,,,,1,it,,,,,,
1937014,00:32:17.14,m,cockdoodedoo,0,,,,,,0,,,,,,,
1940890,00:32:20.890,m,[laugh],0,,,,,,0,,,,,,,
1944222,00:32:24.222,m,hey Sophie,1,sophie,,,,,0,,,,,,,
1944732,00:32:24.732,m,wanna help me open the box?,1,box,,,,,1,me,,,,,,
1949220,00:32:29.220,m,yeah,0,,,,,,0,,,,,,,
1949560,00:32:29.560,m,let's go see what's in that big box in the kitchen,2,box,kitchen,,,,1,that,,,,,,
1951974,00:32:31.974,m,okay?,0,,,,,,0,,,,,,,
1955714,00:32:35.714,m,yeah,0,,,,,,0,,,,,,,
1964860,00:32:44.860,m,let's see,0,,,,,,0,,,,,,,
1966764,00:32:46.764,m,let's see what's in here,0,,,,,,0,,,,,,,
1972986,00:32:52.986,m,one side,1,side,,,,,0,,,,,,,
1977304,00:32:57.304,m,two,0,,,,,,0,,,,,,,
1985226,00:33:05.226,m,baby's changing?,1,baby,,,,,0,,,,,,,
1992502,00:33:12.502,m,go ahead,0,,,,,,0,,,,,,,
1993114,00:33:13.114,m,open the box,1,box,,,,,0,,,,,,,
1993828,00:33:13.828,m,what's in there?,0,,,,,,0,,,,,,,
1996106,00:33:16.106,m,what;s in there Soph?,1,soph,,,,,0,,,,,,,
2000220,00:33:20.220,m,can you open it?,0,,,,,,2,you,it,,,,,
2004946,00:33:24.946,m,wow,0,,,,,,0,,,,,,,
2007224,00:33:27.224,m,wow,0,,,,,,0,,,,,,,
2008482,00:33:28.482,m,what's in here?,0,,,,,,0,,,,,,,
2010148,00:33:30.148,m,[gasp],0,,,,,,0,,,,,,,
2011134,00:33:31.134,m,holy cow,1,cow,,,,,0,,,,,,,
2012188,00:33:32.188,m,look at all these stuff,1,stuff,,,,,1,these,,,,,,
2014738,00:33:34.738,m,winter clothes,1,clothes,,,,,0,,,,,,,
2016064,00:33:36.64,m,winter clothes,1,,,,,,0,,,,,,,
2022626,00:33:42.626,m,holy cow Soph,2,cow,soph,,,,0,,,,,,,
2024768,00:33:44.768,m,xxx a lot of stuff,1,stuff,,,,,0,,,,,,,
2027454,00:33:47.454,m,now you'll be all set for the winter,1,winter,,,,,1,you,,,,,,
2046018,00:34:06.18,m,is it raining?,0,,,,,,1,it,,,,,,
2048636,00:34:08.636,m,is it raining?,0,,,,,,1,it,,,,,,
2049724,00:34:09.724,m,here,0,,,,,,0,,,,,,,
2050030,00:34:10.30,m,can you play with the other one?,1,one,,,,,1,you,,,,,,
2052036,00:34:12.36,m,cus remember?,0,,,,,,0,,,,,,,
2052648,00:34:12.648,m,I don't like this one very much,1,one,,,,,2,i,this,,,,,
2055198,00:34:15.198,m,it's dangerous,0,,,,,,1,it,,,,,,
2057544,00:34:17.544,m,xxx not that one,1,one,,,,,1,that,,,,,,
2058700,00:34:18.700,m,this one,1,one,,,,,1,this,,,,,,
2060094,00:34:20.94,m,remember?,0,,,,,,0,,,,,,,
2060876,00:34:20.876,m,pineapple one,1,one,,,,,0,,,,,,,
2063834,00:34:23.834,m,there you go,0,,,,,,1,you,,,,,,
2067302,00:34:27.302,m,put it away?,0,,,,,,1,it,,,,,,
2068084,00:34:28.84,m,yes,0,,,,,,0,,,,,,,
2068254,00:34:28.254,m,it's not raining,0,,,,,,1,it,,,,,,
2069512,00:34:29.512,m,silly goose,1,goose,,,,,0,,,,,,,
2077298,00:34:37.298,m,oh can you put that one back please?,1,one,,,,,2,you,that,,,,,
2079984,00:34:39.984,m,you play with the pineapple one,1,one,,,,,1,you,,,,,,
2083588,00:34:43.588,m,can you grab it,0,,,,,,2,you,it,,,,,
2086784,00:34:46.784,m,thank you,0,,,,,,1,you,,,,,,
2097426,00:34:57.426,m,what is it?,0,,,,,,1,it,,,,,,
2106436,00:35:06.436,m,[laugh],0,,,,,,0,,,,,,,
2110822,00:35:10.822,m,where's the baby?,1,baby,,,,,0,,,,,,,
2113236,00:35:13.236,m,what happened to the baby?,1,baby,,,,,0,,,,,,,
2118744,00:35:18.744,m,oh she's xxx,0,,,,,,1,she,,,,,,
2119968,00:35:19.968,m,xxx,0,,,,,,0,,,,,,,
2133908,00:35:33.908,m,here comes baby,1,baby,,,,,0,,,,,,,
2136356,00:35:36.356,m,going night night,0,,,,,,0,,,,,,,
2139450,00:35:39.450,m,night night,0,,,,,,0,,,,,,,
2142408,00:35:42.408,m,night night,0,,,,,,0,,,,,,,
2143870,00:35:43.870,m,night night baby,1,baby,,,,,0,,,,,,,
2145230,00:35:45.230,m,night night Sophie,1,sophie,,,,,0,,,,,,,
2150194,00:35:50.194,m,here do you wanna read this book?,1,book,,,,,2,you,this,,,,,
2151690,00:35:51.690,m,since we couldn't find the other one?,1,one,,,,,1,we,,,,,,
2156416,00:35:56.416,m,mmhm,0,,,,,,0,,,,,,,
2462382,00:41:02.382,m,Sophie has milk in her cup,3,sophie,milk,cup,,,1,her,,,,,,
2477818,00:41:17.818,m,cheers,0,,,,,,0,,,,,,,
2481456,00:41:21.456,m,oh thank you Sophie,1,sophie,,,,,1,you,,,,,,
2483870,00:41:23.870,m,mmm,0,,,,,,0,,,,,,,
2484686,00:41:24.686,m,that's good milk,1,milk,,,,,0,,,,,,,
2499850,00:41:39.850,m,oh I found it Soph,1,soph,,,,,2,i,it,,,,,
2504202,00:41:44.202,m,I found it,0,,,,,,2,i,it,,,,,
2508826,00:41:48.826,m,do you wanna read it?,0,,,,,,2,you,it,,,,,
2744820,00:45:44.820,m,okay let me,0,,,,,,1,me,,,,,,
2746044,00:45:46.44,m,can you sit xxx,0,,,,,,1,you,,,,,,
2751552,00:45:51.552,m,TV bird,1,tvbird,,,,,0,,,,,,,
2753558,00:45:53.558,m,do you wanna read that one?,1,one,,,,,2,you,that,,,,,
2755530,00:45:55.530,m,you wanna read the penguin book?,1,penguinbook,,,,,1,you,,,,,,
2759202,00:45:59.202,m,meow,0,,,,,,0,,,,,,,
2766376,00:46:06.376,m,do you wanna play,0,,,,,,1,you,,,,,,
2768892,00:46:08.892,m,basketball?,1,basketball,,,,,0,,,,,,,
2772496,00:46:12.496,m,where is that ball that you had?,1,ball,,,,,3,that,that,you,,,,
2774604,00:46:14.604,m,here,0,,,,,,0,,,,,,,
2776202,00:46:16.202,m,we can put the ball,1,ball,,,,,1,we,,,,,,
2777596,00:46:17.596,m,the ball here,1,ball,,,,,0,,,,,,,
2784294,00:46:24.294,m,a lem/on,1,lemon,,,,,0,,,,,,,
2785042,00:46:25.42,m,a lemon,1,lemon,,,,,0,,,,,,,
2786776,00:46:26.776,m,too sour,0,,,,,,0,,,,,,,
2787796,00:46:27.796,m,yeah,0,,,,,,0,,,,,,,
2788646,00:46:28.646,m,here Soph,1,soph,,,,,0,,,,,,,
2789122,00:46:29.122,m,look,0,,,,,,0,,,,,,,
2789802,00:46:29.802,m,Mama's gonna throw the basketball,2,mama,basketball,,,,0,,,,,,,
2792012,00:46:32.12,m,up,0,,,,,,0,,,,,,,
2793134,00:46:33.134,m,it bounce in and out,0,,,,,,1,it,,,,,,
2795276,00:46:35.276,m,you wanna give it a try?,0,,,,,,2,you,it,,,,,
2796602,00:46:36.602,m,do you wanna throw it into the bowl?,1,bowl,,,,,2,you,it,,,,,
2799458,00:46:39.458,m,go ahead,0,,,,,,0,,,,,,,
2799730,00:46:39.730,m,you try,0,,,,,,1,you,,,,,,
2800784,00:46:40.784,m,[gasp],0,,,,,,0,,,,,,,
2801260,00:46:41.260,m,good job,0,,,,,,0,,,,,,,
2802688,00:46:42.688,m,you did it,0,,,,,,2,you,it,,,,,
2803912,00:46:43.912,m,it went in,0,,,,,,1,it,,,,,,
2804592,00:46:44.592,m,two points,1,points,,,,,0,,,,,,,
2805986,00:46:45.986,m,you wanna try again?,0,,,,,,1,you,,,,,,
2808230,00:46:48.230,m,great job,0,,,,,,0,,,,,,,
2809420,00:46:49.420,m,you're good at this,0,,,,,,2,you,this,,,,,
2811256,00:46:51.256,m,try again,0,,,,,,0,,,,,,,
2813704,00:46:53.704,m,[laugh],0,,,,,,0,,,,,,,
2816288,00:46:56.288,m,again?,0,,,,,,0,,,,,,,
2818566,00:46:58.566,m,oh,0,,,,,,0,,,,,,,
2819076,00:46:59.76,m,thank you,0,,,,,,1,you,,,,,,
2819654,00:46:59.654,m,Mama will take a turn now,2,mama,turn,,,,0,,,,,,,
2820844,00:47:00.844,m,ready?,0,,,,,,0,,,,,,,
2823598,00:47:03.598,m,I got it in too,0,,,,,,2,i,it,,,,,
2825196,00:47:05.196,m,yay,0,,,,,,0,,,,,,,
2828154,00:47:08.154,m,do you wanna try it again?,0,,,,,,2,you,it,,,,,
2831146,00:47:11.146,m,no?,0,,,,,,0,,,,,,,
2833594,00:47:13.594,m,where are you taking me?,0,,,,,,2,you,me,,,,,
2839340,00:47:19.340,m,sit here?,0,,,,,,0,,,,,,,
2841176,00:47:21.176,m,okay,0,,,,,,0,,,,,,,
2846922,00:47:26.922,m,what is it?,0,,,,,,1,it,,,,,,
2868002,00:47:48.2,m,xxx the firetruck?,1,firetruck,,,,,0,,,,,,,
2871674,00:47:51.674,m,look Soph,1,soph,,,,,0,,,,,,,
2873612,00:47:53.612,m,here comes the firetruck,1,firetruck,,,,,0,,,,,,,
2875584,00:47:55.584,m,driving down the street,1,street,,,,,0,,,,,,,
2877658,00:47:57.658,m,here comes the firetruck,1,firetruck,,,,,0,,,,,,,
2879800,00:47:59.800,m,beep,0,,,,,,0,,,,,,,
2880548,00:48:00.548,m,beep,0,,,,,,0,,,,,,,
2881704,00:48:01.704,m,here comes the firetruck,1,firetruck,,,,,0,,,,,,,
2883540,00:48:03.540,m,look at it go,0,,,,,,1,it,,,,,,
2888504,00:48:08.504,m,go ahead,0,,,,,,0,,,,,,,
2888980,00:48:08.980,m,you can,0,,,,,,1,you,,,,,,
2890442,00:48:10.442,m,xxx play with it,0,,,,,,1,it,,,,,,
2895780,00:48:15.780,m,you can ride,0,,,,,,1,you,,,,,,
2896800,00:48:16.800,m,uh honey,1,honey,,,,,0,,,,,,,
2897276,00:48:17.276,m,you can't really ride that one,1,one,,,,,2,you,that,,,,,
2898704,00:48:18.704,m,but you can play with it,0,,,,,,2,you,it,,,,,
2900438,00:48:20.438,m,it's too small,0,,,,,,1,it,,,,,,
2901424,00:48:21.424,m,right?,0,,,,,,0,,,,,,,
2906456,00:48:26.456,m,hun you're too,0,,,,,,1,you,,,,,,
2907544,00:48:27.544,m,it's,0,,,,,,1,it,,,,,,
2908802,00:48:28.802,m,[laugh],0,,,,,,0,,,,,,,
2912100,00:48:32.100,m,is that fun?,0,,,,,,1,that,,,,,,
2920872,00:48:40.872,m,[laugh],0,,,,,,0,,,,,,,
2922708,00:48:42.708,m,you're silly,0,,,,,,1,you,,,,,,
2924408,00:48:44.408,m,you're bigger than the firetruck,1,firetruck,,,,,1,you,,,,,,
2930290,00:48:50.290,m,you're sitting?,0,,,,,,1,you,,,,,,
2935832,00:48:55.832,m,you're having fun?,0,,,,,,1,you,,,,,,
2941476,00:49:01.476,m,I can't get on hun,1,hun,,,,,1,i,,,,,,
2942598,00:49:02.598,m,I'm too big,0,,,,,,1,i,,,,,,
2943686,00:49:03.686,m,I'll break it,0,,,,,,2,i,it,,,,,
2949194,00:49:09.194,m,the baby can take a ride,2,baby,ride,,,,0,,,,,,,
2950554,00:49:10.554,m,that's a great idea,1,idea,,,,,1,that,,,,,,
2958986,00:49:18.986,m,okay,0,,,,,,0,,,,,,,
2959802,00:49:19.802,m,good,0,,,,,,0,,,,,,,
2960210,00:49:20.210,m,put her on,0,,,,,,1,her,,,,,,
2961467,00:49:21.467,m,oh,0,,,,,,0,,,,,,,
2962590,00:49:22.590,m,you both gonna go on,0,,,,,,1,you,,,,,,
2969356,00:49:29.356,m,here,0,,,,,,0,,,,,,,
2969662,00:49:29.662,m,I have an idea,1,idea,,,,,1,i,,,,,,
2970512,00:49:30.512,m,can you stand up for a second?,1,second,,,,,1,you,,,,,,
2972552,00:49:32.552,m,look,0,,,,,,0,,,,,,,
2972756,00:49:32.756,m,let's put the baby on the firetruck,2,baby,firetruck,,,,0,,,,,,,
2974524,00:49:34.524,m,like this,0,,,,,,1,this,,,,,,
2976666,00:49:36.666,m,and then look,0,,,,,,0,,,,,,,
2977210,00:49:37.210,m,you can push her,0,,,,,,2,you,her,,,,,
2979182,00:49:39.182,m,[laugh],0,,,,,,0,,,,,,,
2980712,00:49:40.712,m,you really wanna sit on the firetruck huh?,1,firetruck,,,,,1,you,,,,,,
2987784,00:49:47.784,m,see let baby sit on the firetruck,2,baby,firetruck,,,,0,,,,,,,
2991898,00:49:51.898,m,we'll push her,0,,,,,,2,we,her,,,,,
3003900,00:50:03.900,m,[laugh],0,,,,,,0,,,,,,,
3045958,00:50:45.958,m,mmhm,0,,,,,,0,,,,,,,
3057722,00:50:57.722,m,I'm just gonna grab some water okay?,1,water,,,,,1,i,,,,,,
3059388,00:50:59.388,m,one second,1,second,,,,,0,,,,,,,
3065338,00:51:05.338,m,you would like some water?,1,water,,,,,1,you,,,,,,
3067514,00:51:07.514,m,what do you say?,0,,,,,,1,you,,,,,,
3069690,00:51:09.690,m,please,0,,,,,,0,,,,,,,
3070744,00:51:10.744,m,here,0,,,,,,0,,,,,,,
3071526,00:51:11.526,m,oh you want some in your cup?,1,cup,,,,,2,you,your,,,,,
3074348,00:51:14.348,m,um,0,,,,,,0,,,,,,,
3077816,00:51:17.816,m,here you go,0,,,,,,1,you,,,,,,
3089614,00:51:29.614,m,no I have it,0,,,,,,2,i,it,,,,,
3090294,00:51:30.294,m,I have it,0,,,,,,2,i,it,,,,,
3090804,00:51:30.804,m,it's okay,0,,,,,,1,it,,,,,,
3091416,00:51:31.416,m,xxx,0,,,,,,0,,,,,,,
3092096,00:51:32.96,m,watch your fingers,1,fingers,,,,,1,your,,,,,,
3094136,00:51:34.136,m,xxx,0,,,,,,0,,,,,,,
3094612,00:51:34.612,m,I gave you some water,1,water,,,,,2,i,you,,,,,
3095836,00:51:35.836,m,one second,1,second,,,,,0,,,,,,,
3109232,00:51:49.232,m,what's the matter?,1,matter,,,,,0,,,,,,,
3111612,00:51:51.612,m,you don't want any water?,1,water,,,,,1,you,,,,,,
3115760,00:51:55.760,m,what do you want?,0,,,,,,1,you,,,,,,
3116270,00:51:56.270,m,milk or water?,2,milk,water,,,,0,,,,,,,
3119194,00:51:59.194,m,milk and water?,2,milk,water,,,,0,,,,,,,
3120452,00:52:00.452,m,okay,0,,,,,,0,,,,,,,
3121404,00:52:01.404,m,let's get some,0,,,,,,0,,,,,,,
3124736,00:52:04.736,m,the,0,,,,,,0,,,,,,,
3126436,00:52:06.436,m,xxx some xxx with these,0,,,,,,1,these,,,,,,
3129564,00:52:09.564,m,this should work,0,,,,,,1,this,,,,,,
3131094,00:52:11.94,m,mm?,0,,,,,,0,,,,,,,
3135446,00:52:15.446,m,just a second,1,second,,,,,0,,,,,,,
3137214,00:52:17.214,m,here,0,,,,,,0,,,,,,,
3137452,00:52:17.452,m,play with this one,1,one,,,,,1,this,,,,,,
3144320,00:52:24.320,m,lovie you have to be patient,1,lovie,,,,,1,you,,,,,,
3145850,00:52:25.850,m,okay?,0,,,,,,0,,,,,,,
3148604,00:52:28.604,m,no?,0,,,,,,0,,,,,,,
3148910,00:52:28.910,m,you don't want it?,0,,,,,,2,you,it,,,,,
3149862,00:52:29.862,m,what would you like?,0,,,,,,1,you,,,,,,
3154554,00:52:34.554,m,what do you say?,0,,,,,,1,you,,,,,,
3157580,00:52:37.580,m,you're welcome,0,,,,,,1,you,,,,,,
3181142,00:53:01.142,m,why did you go all xxx?,0,,,,,,1,you,,,,,,
3182502,00:53:02.502,m,[laugh],0,,,,,,0,,,,,,,
3184984,00:53:04.984,m,good?,0,,,,,,0,,,,,,,
3196748,00:53:16.748,m,I'm having some,0,,,,,,1,i,,,,,,
3198346,00:53:18.346,m,cheers,0,,,,,,0,,,,,,,
3200284,00:53:20.284,m,[laugh],0,,,,,,0,,,,,,,
3212524,00:53:32.524,m,mmhm,0,,,,,,0,,,,,,,
3213272,00:53:33.272,m,for a ride again?,1,ride,,,,,0,,,,,,,
3216638,00:53:36.638,m,go ahead,0,,,,,,0,,,,,,,
3221568,00:53:41.568,m,let the ladder like this,1,ladder,,,,,1,this,,,,,,
3223030,00:53:43.30,m,and then I'll hold you up,0,,,,,,2,i,you,,,,,
3224866,00:53:44.866,m,there you go,0,,,,,,1,you,,,,,,
3232584,00:53:52.584,m,good job,0,,,,,,0,,,,,,,
3235270,00:53:55.270,m,wanna push her this way?,1,way,,,,,2,her,this,,,,,
3237412,00:53:57.412,m,to the living room?,1,livingroom,,,,,0,,,,,,,
3244756,00:54:04.756,m,there you go,0,,,,,,1,you,,,,,,
3246490,00:54:06.490,m,xxx,0,,,,,,0,,,,,,,
3248224,00:54:08.224,m,there you go,0,,,,,,1,you,,,,,,
3250264,00:54:10.264,m,watch out for the rug,1,rug,,,,,0,,,,,,,
3258798,00:54:18.798,m,mmhm,0,,,,,,0,,,,,,,
3267502,00:54:27.502,m,mmhm,0,,,,,,0,,,,,,,
3288582,00:54:48.582,m,mmhm,0,,,,,,0,,,,,,,
3293988,00:54:53.988,m,fix what?,0,,,,,,0,,,,,,,
3294634,00:54:54.634,m,her shirt?,1,shirt,,,,,1,her,,,,,,
3375928,00:56:15.928,m,that's okay,0,,,,,,1,that,,,,,,
3378138,00:56:18.138,m,okay,0,,,,,,0,,,,,,,
3378580,00:56:18.580,m,okay,0,,,,,,0,,,,,,,
3380314,00:56:20.314,m,sit just like this,0,,,,,,1,this,,,,,,
3381980,00:56:21.980,m,see?,0,,,,,,0,,,,,,,
3382218,00:56:22.218,m,xxx have to make sure her legs are out,1,legs,,,,,1,her,,,,,,
3384122,00:56:24.122,m,like this,0,,,,,,1,this,,,,,,
3385652,00:56:25.652,m,otherwise she won't be able to,0,,,,,,1,she,,,,,,
3389324,00:56:29.324,m,[laugh],0,,,,,,0,,,,,,,
3394628,00:56:34.628,m,alright,0,,,,,,0,,,,,,,
3398028,00:56:38.28,m,are you comfortable?,0,,,,,,1,you,,,,,,
3402992,00:56:42.992,m,you're laying down on the baby?,1,baby,,,,,1,you,,,,,,
3406324,00:56:46.324,m,[laugh],0,,,,,,0,,,,,,,
3408534,00:56:48.534,m,this is too small,0,,,,,,1,this,,,,,,
3409894,00:56:49.894,m,Soph you can't lay down,1,soph,,,,,1,you,,,,,,
3411832,00:56:51.832,m,otherwise you'll fall over,0,,,,,,1,you,,,,,,
3418870,00:56:58.870,m,you kiss the baby?,1,baby,,,,,1,you,,,,,,
3420978,00:57:00.978,m,you're sitting on her,0,,,,,,2,you,her,,,,,
3430260,00:57:10.260,m,I can't,0,,,,,,1,i,,,,,,
3431756,00:57:11.756,m,[laugh],0,,,,,,0,,,,,,,
3434102,00:57:14.102,m,it doesn't move,0,,,,,,1,it,,,,,,
3434952,00:57:14.952,m,you see?,0,,,,,,1,you,,,,,,
3435496,00:57:15.496,m,that's as far as it goes,0,,,,,,2,that,it,,,,,
3437604,00:57:17.604,m,cus your feet are in the way,1,feet,,,,,1,your,,,,,,
3442364,00:57:22.364,m,xxx now you can push it,0,,,,,,2,you,it,,,,,
3454842,00:57:34.842,m,hmm be careful,0,,,,,,0,,,,,,,
3458038,00:57:38.38,m,be careful,0,,,,,,0,,,,,,,
3462050,00:57:42.50,m,you're not reallt meant to sit on this Soph,1,soph,,,,,2,you,this,,,,,
3485340,00:58:05.340,m,someone's sleepy?,0,,,,,,0,,,,,,,
3488570,00:58:08.570,m,are you sleepy?,0,,,,,,1,you,,,,,,
3490984,00:58:10.984,m,sleepy,0,,,,,,0,,,,,,,
3491562,00:58:11.562,m,be sleepy,0,,,,,,0,,,,,,,
3493738,00:58:13.738,m,I'm so sleepy,0,,,,,,1,i,,,,,,
3495574,00:58:15.574,m,[laugh],0,,,,,,0,,,,,,,
3500300,00:58:20.300,m,do you wanna read another book?,1,book,,,,,1,you,,,,,,
3503530,00:58:23.530,m,what should we read?,0,,,,,,1,we,,,,,,
3504244,00:58:24.244,m,would you wanna read the penguins?,1,penguins,,,,,1,you,,,,,,
3507338,00:58:27.338,m,no,0,,,,,,0,,,,,,,
3507644,00:58:27.644,m,do you wanna read knuffle bunny?,1,knufflebunny,,,,,1,you,,,,,,
3510942,00:58:30.942,m,knuffle bunny,1,knufflebunny,,,,,0,,,,,,,
3513526,00:58:33.526,m,here,0,,,,,,0,,,,,,,
3514750,00:58:34.750,m,come sit over here,0,,,,,,0,,,,,,,
3521618,00:58:41.618,m,knuffle bunny,1,knufflebunny,,,,,0,,,,,,,
3523896,00:58:43.896,m,come sit,0,,,,,,0,,,,,,,
3535728,00:58:55.728,m,why don't you come sit here?,0,,,,,,1,you,,,,,,
3536986,00:58:56.986,m,so that you can look at the pictures,1,pictures,,,,,1,you,,,,,,
3542392,00:59:02.392,m,wanna come sit?,0,,,,,,0,,,,,,,
3543616,00:59:03.616,m,sit here?,0,,,,,,0,,,,,,,
3546540,00:59:06.540,m,yeah,0,,,,,,0,,,,,,,
3546710,00:59:06.710,m,sit together,0,,,,,,0,,,,,,,
3547968,00:59:07.968,m,and the baby can sit with us too,1,baby,,,,,1,us,,,,,,
3549974,00:59:09.974,m,if you want,0,,,,,,1,you,,,,,,
3555482,00:59:15.482,m,okay,0,,,,,,0,,,,,,,
3555856,00:59:15.856,m,she can stay there,0,,,,,,1,she,,,,,,
3766962,01:02:46.962,m,mmhm,0,,,,,,0,,,,,,,
3768424,01:02:48.424,m,Trixy,1,trixy,,,,,0,,,,,,,
3774748,01:02:54.748,m,mmhm,0,,,,,,0,,,,,,,
3780222,01:03:00.222,m,shh,0,,,,,,0,,,,,,,
3781276,01:03:01.276,m,that's okay,0,,,,,,1,that,,,,,,
3782194,01:03:02.194,m,just say please Mommy,1,mommy,,,,,0,,,,,,,
3783486,01:03:03.486,m,can you help me?,0,,,,,,2,you,me,,,,,
3796610,01:03:16.610,m,you sit on baby's lap?,1,lap,,,,,1,you,,,,,,
3801438,01:03:21.438,m,mm,0,,,,,,0,,,,,,,
3805246,01:03:25.246,m,you have to be careful hun,1,hun,,,,,1,you,,,,,,
3806708,01:03:26.708,m,this is really not big enough for you,0,,,,,,2,this,you,,,,,
3817384,01:03:37.384,m,you're taking a ride with the baby,1,baby,,,,,1,you,,,,,,
3820478,01:03:40.478,m,yeah,0,,,,,,0,,,,,,,
3822586,01:03:42.586,m,[laugh],0,,,,,,0,,,,,,,
3825578,01:03:45.578,m,is she hurt?,0,,,,,,1,she,,,,,,
3827448,01:03:47.448,m,is she squished cus you're sitting on her?,0,,,,,,3,she,you,her,,,,
3832956,01:03:52.956,m,no?,0,,,,,,0,,,,,,,
3834690,01:03:54.690,m,squished,0,,,,,,0,,,,,,,
3838056,01:03:58.56,m,squished,0,,,,,,0,,,,,,,
3840640,01:04:00.640,m,[laugh],0,,,,,,0,,,,,,,
3842136,01:04:02.136,m,squished,0,,,,,,0,,,,,,,
3844482,01:04:04.482,m,[laugh],0,,,,,,0,,,,,,,
3846080,01:04:06.80,m,that's a funny word to say right?,1,word,,,,,1,that,,,,,,
3847950,01:04:07.950,m,squished,0,,,,,,0,,,,,,,
3852982,01:04:12.982,m,squish,0,,,,,,0,,,,,,,
3853934,01:04:13.934,m,yeah,0,,,,,,0,,,,,,,
3855668,01:04:15.668,m,[laugh],0,,,,,,0,,,,,,,
3859204,01:04:19.204,m,squished,0,,,,,,0,,,,,,,
3859850,01:04:19.850,m,squish,0,,,,,,0,,,,,,,
3860326,01:04:20.326,m,squish,0,,,,,,0,,,,,,,
3861890,01:04:21.890,m,you wanna read little penguins?,1,littlepenguins,,,,,1,you,,,,,,
3864338,01:04:24.338,m,no?,0,,,,,,0,,,,,,,
3949236,01:05:49.236,m,icecream?,1,icecream,,,,,0,,,,,,,
3950970,01:05:50.970,m,where's the icecream?,1,icecream,,,,,0,,,,,,,
3954574,01:05:54.574,m,[laugh],0,,,,,,0,,,,,,,
3959368,01:05:59.368,m,where's the icecream?,1,icecream,,,,,0,,,,,,,
3962768,01:06:02.768,m,I don't think we even have icecream,1,icecream,,,,,2,i,we,,,,,
3964536,01:06:04.536,m,we have to pretend,0,,,,,,1,we,,,,,,
3967800,01:06:07.800,m,okay,0,,,,,,0,,,,,,,
3977218,01:06:17.218,m,it's not,0,,,,,,1,it,,,,,,
3977898,01:06:17.898,m,it's not in there,0,,,,,,1,it,,,,,,
3979530,01:06:19.530,m,icecream isn't in there,1,icecream,,,,,0,,,,,,,
3995476,01:06:35.476,m,mmhm,0,,,,,,0,,,,,,,
3997890,01:06:37.890,m,knuffle bunny,1,knufflebunny,,,,,0,,,,,,,
3998638,01:06:38.638,m,should we finish reading?,0,,,,,,1,we,,,,,,
4003024,01:06:43.24,m,ready?,0,,,,,,0,,,,,,,
4102474,01:08:22.474,m,mmhm,0,,,,,,0,,,,,,,
4105126,01:08:25.126,m,you have milk in your cup?,2,milk,cup,,,,2,you,your,,,,,
4110532,01:08:30.532,m,wanna read that one?,1,one,,,,,1,that,,,,,,
4352374,01:12:32.374,m,night night,0,,,,,,0,,,,,,,
4355230,01:12:35.230,m,can you bring it with you?,0,,,,,,2,you,it,,,,,
4356216,01:12:36.216,m,because I think you went to the bathroom,1,bathroom,,,,,2,i,you,,,,,
4357882,01:12:37.882,m,right?,0,,,,,,0,,,,,,,
4359140,01:12:39.140,m,okay,0,,,,,,0,,,,,,,
4360738,01:12:40.738,m,you pooped,0,,,,,,1,you,,,,,,
4361384,01:12:41.384,m,I know,0,,,,,,1,i,,,,,,
4363084,01:12:43.84,m,you're supposed to tell me when you poop,0,,,,,,3,you,me,you,,,,
4365056,01:12:45.56,m,right?,0,,,,,,0,,,,,,,
4365532,01:12:45.532,m,so that I can change your diper,1,diper,,,,,2,i,your,,,,,
4367674,01:12:47.674,m,and you don't get a rash,1,rash,,,,,1,you,,,,,,
4376786,01:12:56.786,m,mmhm,0,,,,,,0,,,,,,,
4382294,01:13:02.294,m,what is it?,0,,,,,,1,it,,,,,,
4383416,01:13:03.416,m,Ernie?,1,ernie,,,,,0,,,,,,,
4385524,01:13:05.524,m,Ernie,1,ernie,,,,,0,,,,,,,
4390250,01:13:10.250,m,Elmo,1,elmo,,,,,0,,,,,,,
4395860,01:13:15.860,m,big bird,1,bigbird,,,,,0,,,,,,,
4403918,01:13:23.918,m,bird?,1,bird,,,,,0,,,,,,,
4412418,01:13:32.418,m,be my echo,1,echo,,,,,1,my,,,,,,
4414084,01:13:34.84,m,be my echo,1,echo,,,,,1,my,,,,,,
4417586,01:13:37.586,m,next page?,1,page,,,,,0,,,,,,,
4418232,01:13:38.232,m,what's on the next page?,1,page,,,,,0,,,,,,,
4427854,01:13:47.854,m,what's on the next page?,1,page,,,,,0,,,,,,,
4432750,01:13:52.750,m,what is it?,0,,,,,,1,it,,,,,,
4438598,01:13:58.598,m,just a minute honey,2,minute,honey,,,,0,,,,,,,
4439618,01:13:59.618,m,one second honey,2,second,honey,,,,0,,,,,,,
4440468,01:14:00.468,m,just to xxx diper xxx,1,diper,,,,,0,,,,,,,
4455904,01:14:15.904,m,just two minute,1,minute,,,,,0,,,,,,,
4460290,01:14:20.290,m,xxx,0,,,,,,0,,,,,,,
4461650,01:14:21.650,m,I'll do it in just a second honey,2,second,honey,,,,1,i,,,,,,
4463146,01:14:23.146,m,I'm just finish cleaning you up,0,,,,,,2,i,you,,,,,
4464506,01:14:24.506,m,okay?,0,,,,,,0,,,,,,,
4465526,01:14:25.526,m,I have to make sure you're nice and clean,0,,,,,,2,i,you,,,,,
4467940,01:14:27.940,m,you don't want anything left over,0,,,,,,1,you,,,,,,
4469606,01:14:29.606,m,right?,0,,,,,,0,,,,,,,
4480078,01:14:40.78,m,mmhm,0,,,,,,0,,,,,,,
4486062,01:14:46.62,m,what is it?,0,,,,,,1,it,,,,,,
4488986,01:14:48.986,m,are you getting ready for bed?,1,bed,,,,,1,you,,,,,,
4490482,01:14:50.482,m,can you read it to me?,0,,,,,,3,you,it,me,,,,
4498880,01:14:58.880,m,mmhm,0,,,,,,0,,,,,,,
4502620,01:15:02.620,m,from the beginning,1,beginning,,,,,0,,,,,,,
4506156,01:15:06.156,m,mmhm,0,,,,,,0,,,,,,,
4507924,01:15:07.924,m,what's on next page?,1,page,,,,,0,,,,,,,
4511834,01:15:11.834,m,this one?,1,one,,,,,1,this,,,,,,
4513432,01:15:13.432,m,there you go,0,,,,,,1,you,,,,,,
4514112,01:15:14.112,m,cookie,1,cookie,,,,,0,,,,,,,
4515336,01:15:15.336,m,[gasp],0,,,,,,0,,,,,,,
4516050,01:15:16.50,m,who's that?,0,,,,,,1,that,,,,,,
4518566,01:15:18.566,m,cookie monster,1,cookiemonster,,,,,0,,,,,,,
4521864,01:15:21.864,m,can you say,0,,,,,,1,you,,,,,,
4545222,01:15:45.222,m,right?,0,,,,,,0,,,,,,,
4548520,01:15:48.520,m,what's on the next page?,1,page,,,,,0,,,,,,,
4551308,01:15:51.308,m,cookie monster?,1,cookiemonster,,,,,0,,,,,,,
4556680,01:15:56.680,m,mmhm,0,,,,,,0,,,,,,,
4563990,01:16:03.990,m,is he sleeping?,0,,,,,,1,he,,,,,,
4567626,01:16:07.626,m,wake up,0,,,,,,0,,,,,,,
4569804,01:16:09.804,m,say ride and shine,0,,,,,,0,,,,,,,
4571606,01:16:11.606,m,it's morning time,1,time,,,,,1,it,,,,,,
4574394,01:16:14.394,m,ride and shine,0,,,,,,0,,,,,,,
4581228,01:16:21.228,m,mmhm,0,,,,,,0,,,,,,,
4583506,01:16:23.506,m,what?,0,,,,,,0,,,,,,,
4586260,01:16:26.260,m,yeah?,0,,,,,,0,,,,,,,
4589592,01:16:29.592,m,[laugh],0,,,,,,0,,,,,,,
4595814,01:16:35.814,m,xxx doing,0,,,,,,0,,,,,,,
4597480,01:16:37.480,m,mmhm,0,,,,,,0,,,,,,,
4597956,01:16:37.956,m,mmhm,0,,,,,,0,,,,,,,
4600200,01:16:40.200,m,mmhm,0,,,,,,0,,,,,,,
4603940,01:16:43.940,m,you're hugging Elmo?,1,elmo,,,,,1,you,,,,,,
4606592,01:16:46.592,m,are you hugging everybody?,0,,,,,,1,you,,,,,,
4609006,01:16:49.6,m,wugh,0,,,,,,0,,,,,,,
4612678,01:16:52.678,m,you wanna read?,0,,,,,,1,you,,,,,,
4613868,01:16:53.868,m,Elmo reads?,1,elmo,,,,,0,,,,,,,
4619274,01:16:59.274,m,dooh bah dee dee,0,,,,,,0,,,,,,,
4623218,01:17:03.218,m,okay,0,,,,,,0,,,,,,,
4624272,01:17:04.272,m,go ahead,0,,,,,,0,,,,,,,
4625564,01:17:05.564,m,go to the living room,1,livingroom,,,,,0,,,,,,,
4627570,01:17:07.570,m,I'm gonna throw this in the garbage,1,garbage,,,,,2,i,this,,,,,
4629134,01:17:09.134,m,xxx page,1,page,,,,,0,,,,,,,
4632398,01:17:12.398,m,come on love,1,love,,,,,0,,,,,,,
4633316,01:17:13.316,m,xxx,0,,,,,,0,,,,,,,
4634540,01:17:14.540,m,I need to go living room,1,livingroom,,,,,1,i,,,,,,
4636274,01:17:16.274,m,go ahead,0,,,,,,0,,,,,,,
4649568,01:17:29.568,m,one second love,2,second,love,,,,0,,,,,,,
4650248,01:17:30.248,m,I'm gonna wash my hands,1,hands,,,,,2,i,my,,,,,
4669798,01:17:49.798,m,xxx bunny,1,bunny,,,,,0,,,,,,,
4681528,01:18:01.528,m,a bunny,1,bunny,,,,,0,,,,,,,
4684112,01:18:04.112,m,okay,0,,,,,,0,,,,,,,
4688124,01:18:08.124,m,thank you,0,,,,,,1,you,,,,,,
4689994,01:18:09.994,m,thank you,0,,,,,,1,you,,,,,,
4692340,01:18:12.340,m,you are welcome,0,,,,,,1,you,,,,,,
4693496,01:18:13.496,m,thank you for what?,0,,,,,,1,you,,,,,,
4696182,01:18:16.182,m,for reading the book?,1,book,,,,,0,,,,,,,
4698052,01:18:18.52,m,do you wanna read it again?,0,,,,,,2,you,it,,,,,
4699140,01:18:19.140,m,oh,0,,,,,,0,,,,,,,
4699446,01:18:19.446,m,we didn't read this one,1,one,,,,,2,we,this,,,,,
4700466,01:18:20.466,m,cus we,0,,,,,,1,we,,,,,,
4701622,01:18:21.622,m,had to change the diper,1,diper,,,,,0,,,,,,,
4702574,01:18:22.574,m,do you want to read it?,0,,,,,,2,you,it,,,,,
4705532,01:18:25.532,m,no?,0,,,,,,0,,,,,,,
4733786,01:18:53.786,m,you have a bunny,1,bunny,,,,,1,you,,,,,,
4734636,01:18:54.636,m,don't you?,0,,,,,,1,you,,,,,,
4741368,01:19:01.368,m,can you reach her?,0,,,,,,2,you,her,,,,,
4744564,01:19:04.564,m,whooh I got her,0,,,,,,2,i,her,,,,,
4746706,01:19:06.706,m,here,0,,,,,,0,,,,,,,
4749970,01:19:09.970,m,there you go,0,,,,,,1,you,,,,,,
4754016,01:19:14.16,m,uh,0,,,,,,0,,,,,,,
4766324,01:19:26.324,m,playing with my earrings?,1,earrings,,,,,1,my,,,,,,
4775708,01:19:35.708,m,how many?,0,,,,,,0,,,,,,,
4778666,01:19:38.666,m,no,0,,,,,,0,,,,,,,
4779142,01:19:39.142,m,two,1,two,,,,,0,,,,,,,
4779890,01:19:39.890,m,one,1,one,,,,,0,,,,,,,
4781080,01:19:41.80,m,two,1,two,,,,,0,,,,,,,
4782712,01:19:42.712,m,you have,0,,,,,,1,you,,,,,,
4783698,01:19:43.698,m,one,1,one,,,,,0,,,,,,,
4785330,01:19:45.330,m,two,1,two,,,,,0,,,,,,,
4785942,01:19:45.942,m,ears,1,ears,,,,,0,,,,,,,
4788254,01:19:48.254,m,what else?,0,,,,,,0,,,,,,,
4800188,01:20:00.188,m,mmhm,0,,,,,,0,,,,,,,
4802602,01:20:02.602,m,here,0,,,,,,0,,,,,,,
4808586,01:20:08.586,m,mmhm,0,,,,,,0,,,,,,,
4818106,01:20:18.106,m,cookies,1,cookies,,,,,0,,,,,,,
4818990,01:20:18.990,m,cookie monster snuggles with cookies right?,2,cookiemonster,cookies,,,,0,,,,,,,
4824328,01:20:24.328,m,do you want me to tie it?,0,,,,,,3,you,me,it,,,,
4834970,01:20:34.970,m,what are you doing?,0,,,,,,1,you,,,,,,
4837078,01:20:37.78,m,[laugh],0,,,,,,0,,,,,,,
4839764,01:20:39.764,m,Snuffy's wearing the blanket?,2,snuffy,blanket,,,,0,,,,,,,
4844184,01:20:44.184,m,bunny wears the blanket,2,bunny,blanket,,,,0,,,,,,,
4845408,01:20:45.408,m,right?,0,,,,,,0,,,,,,,
4851018,01:20:51.18,m,should we put bunny in the blanket?,2,bunny,blanket,,,,1,we,,,,,,
4857104,01:20:57.104,m,xxx is being in the blanket right?,1,blanket,,,,,0,,,,,,,
4863632,01:21:03.632,m,[laugh],0,,,,,,0,,,,,,,
4864414,01:21:04.414,m,are you gonna get into the blanket?,1,blanket,,,,,1,you,,,,,,
4870500,01:21:10.500,m,put bunny in the blanket,2,bunny,blanket,,,,0,,,,,,,
4871724,01:21:11.724,m,ready?,0,,,,,,0,,,,,,,
4872540,01:21:12.540,m,we have to wrap her up,0,,,,,,2,we,her,,,,,
4874240,01:21:14.240,m,just like this,0,,,,,,1,this,,,,,,
4877606,01:21:17.606,m,okay,0,,,,,,0,,,,,,,
4879238,01:21:19.238,m,perfect,0,,,,,,0,,,,,,,
4880700,01:21:20.700,m,and we'll pull this side up,1,side,,,,,2,we,this,,,,,
4883556,01:21:23.556,m,perfecto,0,,,,,,0,,,,,,,
4887160,01:21:27.160,m,perfecto,0,,,,,,0,,,,,,,
4888622,01:21:28.622,m,and then we'll just tie it back here,0,,,,,,2,we,it,,,,,
4892872,01:21:32.872,m,perfecto,0,,,,,,0,,,,,,,
4894266,01:21:34.266,m,here you go,0,,,,,,1,you,,,,,,
4897598,01:21:37.598,m,zipper,1,zipper,,,,,0,,,,,,,
4900998,01:21:40.998,m,you're giving her a hug?,1,hug,,,,,2,you,her,,,,,
4905826,01:21:45.826,m,who is taking too long?,0,,,,,,0,,,,,,,
4909498,01:21:49.498,m,the bunny is taking so long?,1,bunny,,,,,0,,,,,,,
4918644,01:21:58.644,m,[laugh],0,,,,,,0,,,,,,,
4927008,01:22:07.8,m,[laugh],0,,,,,,0,,,,,,,
4933570,01:22:13.570,m,Sophie's playing,1,sophie,,,,,0,,,,,,,
4938908,01:22:18.908,m,mmhm,0,,,,,,0,,,,,,,
4941322,01:22:21.322,m,Sophie's playing with the bunny,2,sophie,bunny,,,,0,,,,,,,
4952576,01:22:32.576,m,what's in there?,0,,,,,,0,,,,,,,
4960804,01:22:40.804,m,what's in there?,0,,,,,,0,,,,,,,
4965020,01:22:45.20,m,you wanna get the bowl?,1,bowl,,,,,1,you,,,,,,
4966516,01:22:46.516,m,put the microwave?,1,microwave,,,,,0,,,,,,,
4975934,01:22:55.934,m,do you remember where you left it?,0,,,,,,3,you,you,it,,,,
4979572,01:22:59.572,m,oh,0,,,,,,0,,,,,,,
4997592,01:23:17.592,m,what do we do with the baby now?,1,baby,,,,,1,we,,,,,,
5003712,01:23:23.712,m,okay,0,,,,,,0,,,,,,,
5006466,01:23:26.466,m,alright,0,,,,,,0,,,,,,,
5006942,01:23:26.942,m,can you help me?,0,,,,,,2,you,me,,,,,
5029926,01:23:49.926,m,all done,0,,,,,,0,,,,,,,
5030844,01:23:50.844,m,nice and clean,0,,,,,,0,,,,,,,
5036726,01:23:56.726,m,mmhm,0,,,,,,0,,,,,,,
5042098,01:24:02.98,m,xxx bunny,1,bunny,,,,,0,,,,,,,
5046892,01:24:06.892,m,I got you little one,1,one,,,,,2,i,you,,,,,
5051278,01:24:11.278,m,I got you little one,1,one,,,,,2,i,you,,,,,
5052706,01:24:12.706,m,[laugh],0,,,,,,0,,,,,,,
5059880,01:24:19.880,m,[laugh],0,,,,,,0,,,,,,,
5067870,01:24:27.870,m,[laugh],0,,,,,,0,,,,,,,
5070522,01:24:30.522,m,are you dancing with the bunny?,1,bunny,,,,,1,you,,,,,,
5075486,01:24:35.486,m,[laugh],0,,,,,,0,,,,,,,
5085788,01:24:45.788,m,[laugh],0,,,,,,0,,,,,,,
5088270,01:24:48.270,m,you should sing bunny a song,2,bunny,song,,,,1,you,,,,,,
5094900,01:24:54.900,m,okay,0,,,,,,0,,,,,,,
5095206,01:24:55.206,m,thank you,0,,,,,,1,you,,,,,,
5096022,01:24:56.22,m,do you wanna read it again?,0,,,,,,2,you,it,,,,,
5098742,01:24:58.742,m,okay,0,,,,,,0,,,,,,,
5099320,01:24:59.320,m,come sit,0,,,,,,0,,,,,,,
5102890,01:25:02.890,m,bunny can ready it with us,1,bunny,,,,,2,it,us,,,,,
5105032,01:25:05.32,m,and the baby,1,baby,,,,,0,,,,,,,
5347180,01:29:07.180,m,thank you,0,,,,,,1,you,,,,,,
5353878,01:29:13.878,m,friends?,1,friends,,,,,0,,,,,,,
5356326,01:29:16.326,m,I can hold on to the friends,1,friends,,,,,1,i,,,,,,
5358740,01:29:18.740,m,do you wanna read the books to them?,1,books,,,,,2,you,them,,,,,
5361052,01:29:21.52,m,you can,0,,,,,,1,you,,,,,,
5377372,01:29:37.372,m,xxx,0,,,,,,0,,,,,,,
5388014,01:29:48.14,m,do you need help?,1,help,,,,,1,you,,,,,,
5390802,01:29:50.802,m,xxx,0,,,,,,0,,,,,,,
5392332,01:29:52.332,m,you put baby where you want her to be,1,baby,,,,,3,you,you,her,,,,
5396378,01:29:56.378,m,go ahead,0,,,,,,0,,,,,,,
5396854,01:29:56.854,m,and here is bunny,1,bunny,,,,,0,,,,,,,
5398452,01:29:58.452,m,okay,0,,,,,,0,,,,,,,
5399064,01:29:59.64,m,there you go,0,,,,,,1,you,,,,,,
5400764,01:30:00.764,m,just watch your step,1,step,,,,,1,your,,,,,,
5404912,01:30:04.912,m,all good?,0,,,,,,0,,,,,,,
5413820,01:30:13.820,m,[laugh],0,,,,,,0,,,,,,,
5419226,01:30:19.226,m,what are you doing?,0,,,,,,1,you,,,,,,
5420008,01:30:20.8,m,waddling like a penguin?,1,penguin,,,,,0,,,,,,,
5425550,01:30:25.550,m,wah wah,0,,,,,,0,,,,,,,
5428984,01:30:28.984,m,[laugh],0,,,,,,0,,,,,,,
5435274,01:30:35.274,m,what are you looking for?,0,,,,,,1,you,,,,,,
5438436,01:30:38.436,m,are you looking in the mirror?,1,mirror,,,,,1,you,,,,,,
5441802,01:30:41.802,m,you wanna play with this toy?,1,toy,,,,,2,you,this,,,,,
5447004,01:30:47.4,m,do you remember how it works?,0,,,,,,2,you,it,,,,,
5449622,01:30:49.622,m,[gasp],0,,,,,,0,,,,,,,
5459584,01:30:59.584,m,baby's clapping her hands,2,baby,hands,,,,1,her,,,,,,
5464514,01:31:04.514,m,stomp those feet,1,feet,,,,,1,those,,,,,,
5467846,01:31:07.846,m,she's stomping her feet,1,feet,,,,,2,she,her,,,,,
5468764,01:31:08.764,m,on your belly,1,belly,,,,,1,your,,,,,,
5471382,01:31:11.382,m,[laugh],0,,,,,,0,,,,,,,
5478896,01:31:18.896,m,[laugh],0,,,,,,0,,,,,,,
5481752,01:31:21.752,m,you have milk in your cup?,2,milk,cup,,,,2,you,your,,,,,
5488518,01:31:28.518,m,mmhm,0,,,,,,0,,,,,,,
5494910,01:31:34.910,m,and you had enough?,0,,,,,,1,you,,,,,,
5496508,01:31:36.508,m,or you wanna,0,,,,,,1,you,,,,,,
5498208,01:31:38.208,m,check this one xxx,1,one,,,,,1,this,,,,,,
5501336,01:31:41.336,m,or you wanna hear xxx?,0,,,,,,1,you,,,,,,
5505579,01:31:45.579,m,ma,0,,,,,,0,,,,,,,
5506028,01:31:46.28,m,[laugh],0,,,,,,0,,,,,,,
5515038,01:31:55.38,m,peekaboo,0,,,,,,0,,,,,,,
5516262,01:31:56.262,m,peekaboo,0,,,,,,0,,,,,,,
5533704,01:32:13.704,m,xxx,0,,,,,,0,,,,,,,
5569880,01:32:49.880,m,oh Sophie,1,sophie,,,,,0,,,,,,,
5570662,01:32:50.662,m,Mok Mok called,1,mokmok,,,,,0,,,,,,,
5572872,01:32:52.872,m,do you wanna,0,,,,,,1,you,,,,,,
5573688,01:32:53.688,m,do you wanna see if she's with Papa?,1,papa,,,,,2,you,she,,,,,
5587628,01:33:07.628,m,let's see if she's there,0,,,,,,1,she,,,,,,
5594088,01:33:14.88,m,op she's not picking up,0,,,,,,1,she,,,,,,
5597114,01:33:17.114,m,we might have to call her back later,0,,,,,,2,we,her,,,,,
6335390,01:45:35.390,m,Sophie,1,sophie,,,,,0,,,,,,,
6336206,01:45:36.206,m,we weren't in the mood for Papa and Mok Mok today?,3,mood,papa,mokmok,,,1,we,,,,,,
6343720,01:45:43.720,m,she'll sit right there,0,,,,,,1,she,,,,,,
6345386,01:45:45.386,m,let's push,0,,,,,,0,,,,,,,
6346134,01:45:46.134,m,let's push,0,,,,,,0,,,,,,,
6348956,01:45:48.956,m,okay,0,,,,,,0,,,,,,,
6349364,01:45:49.364,m,you can push,0,,,,,,1,you,,,,,,
6350112,01:45:50.112,m,go ahead,0,,,,,,0,,,,,,,
6351472,01:45:51.472,m,push push push,0,,,,,,0,,,,,,,
6353206,01:45:53.206,m,push push push push,0,,,,,,0,,,,,,,
6355790,01:45:55.790,m,push push push,0,,,,,,0,,,,,,,
6359224,01:45:59.224,m,push push push,0,,,,,,0,,,,,,,
6376598,01:46:16.598,m,keep pushing,0,,,,,,0,,,,,,,
6379862,01:46:19.862,m,push push push,0,,,,,,0,,,,,,,
6390878,01:46:30.878,m,did you poop?,0,,,,,,1,you,,,,,,
6392714,01:46:32.714,m,oh,0,,,,,,0,,,,,,,
6394890,01:46:34.890,m,are you sure?,0,,,,,,1,you,,,,,,
6397712,01:46:37.712,m,are you sure?,0,,,,,,1,you,,,,,,
6399956,01:46:39.956,m,let me check you,0,,,,,,2,me,you,,,,,
6402812,01:46:42.812,m,nope,0,,,,,,0,,,,,,,
6403118,01:46:43.118,m,you're good,0,,,,,,1,you,,,,,,
6415562,01:46:55.562,m,you keep pushing her?,0,,,,,,2,you,her,,,,,
6420050,01:47:00.50,m,mmhm,0,,,,,,0,,,,,,,
6425490,01:47:05.490,m,Soph do you wanna draw a little bit?,1,soph,,,,,1,you,,,,,,
6431066,01:47:11.66,m,go grab some crayons,1,crayons,,,,,0,,,,,,,
6444802,01:47:24.802,m,come love,1,love,,,,,0,,,,,,,
6446740,01:47:26.740,m,over here on the rug,1,rug,,,,,0,,,,,,,
6447692,01:47:27.692,m,okay?,0,,,,,,0,,,,,,,
6450072,01:47:30.72,m,go ahead,0,,,,,,0,,,,,,,
6455546,01:47:35.546,m,whooh,0,,,,,,0,,,,,,,
6456226,01:47:36.226,m,wow,0,,,,,,0,,,,,,,
6456532,01:47:36.532,m,what are you drawing?,0,,,,,,1,you,,,,,,
6464828,01:47:44.828,m,that looks really nice,0,,,,,,1,that,,,,,,
6479108,01:47:59.108,m,you finished the blue one?,1,one,,,,,1,you,,,,,,
6484072,01:48:04.72,m,why don't you bring them all over?,0,,,,,,2,you,them,,,,,
6486350,01:48:06.350,m,here,0,,,,,,0,,,,,,,
6486622,01:48:06.622,m,I'll bring them over,0,,,,,,2,i,them,,,,,
6487268,01:48:07.268,m,go ahead,0,,,,,,0,,,,,,,
6487778,01:48:07.778,m,you draw and I'll get them,0,,,,,,3,you,i,them,,,,
6504982,01:48:24.982,m,this the bumble bee?,1,bumblebee,,,,,1,this,,,,,,
6506852,01:48:26.852,m,buzz buzz buzz buzz,0,,,,,,0,,,,,,,
6515692,01:48:35.692,m,monkey,1,monkey,,,,,0,,,,,,,
6518106,01:48:38.106,m,yeah,0,,,,,,0,,,,,,,
6519432,01:48:39.432,m,xxx,0,,,,,,0,,,,,,,
6521030,01:48:41.30,m,wherever you want,0,,,,,,1,you,,,,,,
6521914,01:48:41.914,m,get comfortable,0,,,,,,0,,,,,,,
6528612,01:48:48.612,m,what are you drawing?,0,,,,,,1,you,,,,,,
6542586,01:49:02.586,m,where are you going?,0,,,,,,1,you,,,,,,
6553364,01:49:13.364,m,is the tea pot in there?,1,teapot,,,,,0,,,,,,,
6558668,01:49:18.668,m,I couldn't find it,0,,,,,,2,i,it,,,,,
6559722,01:49:19.722,m,I don't know where it is,0,,,,,,2,i,it,,,,,
6572336,01:49:32.336,m,yeah I'm not sure where it is Soph,1,soph,,,,,2,i,it,,,,,
6584134,01:49:44.134,m,mmhm,0,,,,,,0,,,,,,,
6587670,01:49:47.670,m,oh do you wanna,0,,,,,,1,you,,,,,,
6588724,01:49:48.724,m,do the shapes?,1,shapes,,,,,0,,,,,,,
6590526,01:49:50.526,m,let's find all the shapes,1,shapes,,,,,0,,,,,,,
6593382,01:49:53.382,m,we have the diamond right?,1,diamond,,,,,1,we,,,,,,
6595898,01:49:55.898,m,where's the diamond?,1,diamond,,,,,0,,,,,,,
6597564,01:49:57.564,m,I'll hold on to that,0,,,,,,2,i,that,,,,,
6599264,01:49:59.264,m,here's the oval,1,oval,,,,,0,,,,,,,
6600386,01:50:00.386,m,good job,0,,,,,,0,,,,,,,
6602698,01:50:02.698,m,what else?,0,,,,,,0,,,,,,,
6603582,01:50:03.582,m,any other shapes?,1,shapes,,,,,0,,,,,,,
6607492,01:50:07.492,m,a car,1,car,,,,,0,,,,,,,
6608376,01:50:08.376,m,yeah,0,,,,,,0,,,,,,,
6610518,01:50:10.518,m,any other shapes?,1,shapes,,,,,0,,,,,,,
6623982,01:50:23.982,m,hey yes,0,,,,,,0,,,,,,,
6629354,01:50:29.354,m,[laugh],0,,,,,,0,,,,,,,
6635304,01:50:35.304,m,kiwi?,1,kiwi,,,,,0,,,,,,,
6636018,01:50:36.18,m,you're gonna eat a kiwi?,1,kiwi,,,,,1,you,,,,,,
6644892,01:50:44.892,m,just pretend honey,1,honey,,,,,0,,,,,,,
6647680,01:50:47.680,m,neh don't don't,0,,,,,,0,,,,,,,
6649142,01:50:49.142,m,just pretend,0,,,,,,0,,,,,,,
6650128,01:50:50.128,m,don't really put it in your mouth,1,mouth,,,,,2,it,your,,,,,
6653426,01:50:53.426,m,no,0,,,,,,0,,,,,,,
6653766,01:50:53.766,m,cus xxx there's a fuss,1,fuss,,,,,0,,,,,,,
6655092,01:50:55.92,m,don't,0,,,,,,0,,,,,,,
6655772,01:50:55.772,m,yuck,0,,,,,,0,,,,,,,
6662946,01:51:02.946,m,[gasp],0,,,,,,0,,,,,,,
6663388,01:51:03.388,m,a shaky egg,1,egg,,,,,0,,,,,,,
6666108,01:51:06.108,m,oh my goodness,0,,,,,,0,,,,,,,
6667910,01:51:07.910,m,it's a shaky egg,1,egg,,,,,1,it,,,,,,
6673622,01:51:13.622,m,what happened to all those shapes huh?,1,shapes,,,,,1,those,,,,,,
6679708,01:51:19.708,m,the morocca?,1,morocca,,,,,0,,,,,,,
6681714,01:51:21.714,m,where is it?,0,,,,,,1,it,,,,,,
6683244,01:51:23.244,m,didn't you just have it?,0,,,,,,2,you,it,,,,,
6684604,01:51:24.604,m,here it is,0,,,,,,1,it,,,,,,
6688310,01:51:28.310,m,[laugh],0,,,,,,0,,,,,,,
6690996,01:51:30.996,m,yeah,0,,,,,,0,,,,,,,
6691948,01:51:31.948,m,oh my goodness,0,,,,,,0,,,,,,,
6694124,01:51:34.124,m,it's a shaky egg,1,egg,,,,,1,it,,,,,,
6697456,01:51:37.456,m,yes,0,,,,,,0,,,,,,,
6698544,01:51:38.544,m,now,0,,,,,,0,,,,,,,
6699190,01:51:39.190,m,shake them,0,,,,,,1,them,,,,,,
6700890,01:51:40.890,m,what?,0,,,,,,0,,,,,,,
6701876,01:51:41.876,m,fast,0,,,,,,0,,,,,,,
6704732,01:51:44.732,m,shake xxx fast,0,,,,,,0,,,,,,,
6707792,01:51:47.792,m,shake it fast,0,,,,,,1,it,,,,,,
6711566,01:51:51.566,m,what is it?,0,,,,,,1,it,,,,,,
6714626,01:51:54.626,m,what did you see?,0,,,,,,1,you,,,,,,
6717890,01:51:57.890,m,the chocolate chips,1,chocolatechips,,,,,0,,,,,,,
6719522,01:51:59.522,m,I saw them too,0,,,,,,2,i,them,,,,,
6721052,01:52:01.52,m,I thought they were over here,0,,,,,,2,i,they,,,,,
6722786,01:52:02.786,m,no?,0,,,,,,0,,,,,,,
6723534,01:52:03.534,m,xxx here,0,,,,,,0,,,,,,,
6736352,01:52:16.352,m,where did they go?,0,,,,,,1,they,,,,,,
6737406,01:52:17.406,m,I saw them too,0,,,,,,2,i,them,,,,,
6738664,01:52:18.664,m,oh I think over here,0,,,,,,1,i,,,,,,
6740840,01:52:20.840,m,there they are,0,,,,,,1,they,,,,,,
6744104,01:52:24.104,m,chocolate chips,1,chocolatechips,,,,,0,,,,,,,
6746416,01:52:26.416,m,don't put it in your mouth,1,mouth,,,,,2,it,your,,,,,
6747504,01:52:27.504,m,okay?,0,,,,,,0,,,,,,,
6747946,01:52:27.946,m,just pretend,0,,,,,,0,,,,,,,
6763314,01:52:43.314,m,blueberries and chocolate chips,2,blueberries,chocolatechips,,,,0,,,,,,,
6765456,01:52:45.456,m,wow,0,,,,,,0,,,,,,,
6768176,01:52:48.176,m,yummy,0,,,,,,0,,,,,,,
6778886,01:52:58.886,m,oh be careful Soph,1,soph,,,,,0,,,,,,,
6780178,01:53:00.178,m,you're gonna fall,0,,,,,,1,you,,,,,,
6801632,01:53:21.632,m,oh thank you,0,,,,,,1,you,,,,,,
6804352,01:53:24.352,m,thanks so much,0,,,,,,0,,,,,,,
6811764,01:53:31.764,m,keep pushing,0,,,,,,0,,,,,,,
6818462,01:53:38.462,m,yup,0,,,,,,0,,,,,,,
6818734,01:53:38.734,m,make sure xxx no poopies,1,poopies,,,,,0,,,,,,,
6826044,01:53:46.44,m,well,0,,,,,,0,,,,,,,
6826520,01:53:46.520,m,I can't find the rest of the shapes bud,2,shapes,bud,,,,1,i,,,,,,
6829954,01:53:49.954,m,we're gonna have to go through all of these,0,,,,,,2,we,these,,,,,
6832130,01:53:52.130,m,one day,1,day,,,,,0,,,,,,,
6834306,01:53:54.306,m,oh,0,,,,,,0,,,,,,,
6835598,01:53:55.598,m,back to coloring,0,,,,,,0,,,,,,,
6854162,01:54:14.162,m,next page?,1,page,,,,,0,,,,,,,
6861200,01:54:21.200,m,you draw a fox?,1,fox,,,,,1,you,,,,,,
6865178,01:54:25.178,m,oh my goodness,0,,,,,,0,,,,,,,
6866436,01:54:26.436,m,Mama's not great at drawing foxes,2,mama,foxes,,,,0,,,,,,,
6869020,01:54:29.20,m,let's see,0,,,,,,0,,,,,,,
6871944,01:54:31.944,m,um,0,,,,,,0,,,,,,,
6889182,01:54:49.182,m,op,0,,,,,,0,,,,,,,
6892378,01:54:52.378,m,oh it's good,0,,,,,,1,it,,,,,,
6893024,01:54:53.24,m,it's on,0,,,,,,1,it,,,,,,
6897716,01:54:57.716,m,you wanna take it off?,0,,,,,,2,you,it,,,,,
6899484,01:54:59.484,m,or do you wanna put it like this way?,1,way,,,,,3,you,it,this,,,,
6901286,01:55:01.286,m,put it like that,0,,,,,,2,it,that,,,,,
6905162,01:55:05.162,m,hmm give him a little face,1,face,,,,,1,him,,,,,,
6908528,01:55:08.528,m,that's a funny fox,1,fox,,,,,1,that,,,,,,
6913866,01:55:13.866,m,yeah,0,,,,,,0,,,,,,,
6915464,01:55:15.464,m,what else?,0,,,,,,0,,,,,,,
6916008,01:55:16.8,m,how about a flower?,1,flower,,,,,0,,,,,,,
6917538,01:55:17.538,m,wanna draw a flower?,1,flower,,,,,0,,,,,,,
6917980,01:55:17.980,m,a flower,1,flower,,,,,0,,,,,,,
6918796,01:55:18.796,m,here,0,,,,,,0,,,,,,,
6920428,01:55:20.428,m,let's get a,0,,,,,,0,,,,,,,
6922400,01:55:22.400,m,cleanner sheet of paper,2,sheet,paper,,,,0,,,,,,,
6923862,01:55:23.862,m,let's see,0,,,,,,0,,,,,,,
6924406,01:55:24.406,m,we can do,0,,,,,,1,we,,,,,,
6926004,01:55:26.4,m,the petals,1,petals,,,,,0,,,,,,,
6935796,01:55:35.796,m,and a stem,1,stem,,,,,0,,,,,,,
6936544,01:55:36.544,m,and a leaf,1,leaf,,,,,0,,,,,,,
6937564,01:55:37.564,m,a flower,1,flower,,,,,0,,,,,,,
6943446,01:55:43.446,m,aw it's just the picture,1,picture,,,,,1,it,,,,,,
6947322,01:55:47.322,m,[laugh],0,,,,,,0,,,,,,,
6949634,01:55:49.634,m,here,0,,,,,,0,,,,,,,
6950620,01:55:50.620,m,you wanna draw a flower?,1,flower,,,,,1,you,,,,,,
6951538,01:55:51.538,m,go ahead,0,,,,,,0,,,,,,,
6955346,01:55:55.346,m,oh wow,0,,,,,,0,,,,,,,
6956196,01:55:56.196,m,that's really pretty,0,,,,,,1,that,,,,,,
6958814,01:55:58.814,m,what kind of flower?,1,flower,,,,,0,,,,,,,
6960174,01:56:00.174,m,do you know?,0,,,,,,1,you,,,,,,
6961194,01:56:01.194,m,a pink one,1,one,,,,,0,,,,,,,
6963132,01:56:03.132,m,is it,0,,,,,,1,it,,,,,,
6963880,01:56:03.880,m,a daffodil?,1,daffodil,,,,,0,,,,,,,
6967212,01:56:07.212,m,is it,0,,,,,,1,it,,,,,,
6968062,01:56:08.62,m,a rose?,1,rose,,,,,0,,,,,,,
6971462,01:56:11.462,m,is it,0,,,,,,1,it,,,,,,
6971904,01:56:11.904,m,an iris?,1,iris,,,,,0,,,,,,,
6974488,01:56:14.488,m,no?,0,,,,,,0,,,,,,,
6975168,01:56:15.168,m,do you remember that other flowers from your book?,2,flowers,book,,,,3,you,that,your,,,,
6981356,01:56:21.356,m,which one?,1,one,,,,,0,,,,,,,
6983464,01:56:23.464,m,secret garden,1,garden,,,,,0,,,,,,,
6984756,01:56:24.756,m,that's right,0,,,,,,1,that,,,,,,
6985810,01:56:25.810,m,that's the book,1,book,,,,,1,that,,,,,,
6987204,01:56:27.204,m,what were the flowers?,1,flowers,,,,,0,,,,,,,
6988394,01:56:28.394,m,do you remember?,0,,,,,,1,you,,,,,,
6989992,01:56:29.992,m,was it there,0,,,,,,1,it,,,,,,
6993936,01:56:33.936,m,uh,0,,,,,,0,,,,,,,
6997744,01:56:37.744,m,oh the roses,1,roses,,,,,0,,,,,,,
6999614,01:56:39.614,m,that's right,0,,,,,,1,that,,,,,,
7000668,01:56:40.668,m,the roses,1,roses,,,,,0,,,,,,,
7004850,01:56:44.850,m,what else was there?,0,,,,,,0,,,,,,,
7006176,01:56:46.176,m,remember all those flo/wers,1,flowers,,,,,1,those,,,,,,
7007536,01:56:47.536,m,snapdragons,1,snapdragons,,,,,0,,,,,,,
7008794,01:56:48.794,m,right?,0,,,,,,0,,,,,,,
7009338,01:56:49.338,m,xxx,0,,,,,,0,,,,,,,
7010630,01:56:50.630,m,snapdragons,1,snapdragons,,,,,0,,,,,,,
7011650,01:56:51.650,m,and poppies,1,poppies,,,,,0,,,,,,,
7013112,01:56:53.112,m,right?,0,,,,,,0,,,,,,,
7013588,01:56:53.588,m,poppies were there too,1,poppies,,,,,0,,,,,,,
7017430,01:56:57.430,m,then what else?,0,,,,,,0,,,,,,,
7028174,01:57:08.174,m,iris,1,iris,,,,,0,,,,,,,
7028990,01:57:08.990,m,that's right,0,,,,,,1,that,,,,,,
7030180,01:57:10.180,m,that was another one,2,one,,,,,1,that,,,,,,
7032458,01:57:12.458,m,and snowdrops,1,snowdrops,,,,,0,,,,,,,
7035008,01:57:15.8,m,snowdrops,1,snowdrops,,,,,0,,,,,,,
7035858,01:57:15.858,m,yeah,0,,,,,,0,,,,,,,
7036436,01:57:16.436,m,that was another one,1,one,,,,,1,that,,,,,,
7044834,01:57:24.834,m,hey Soph,1,soph,,,,,0,,,,,,,
7045480,01:57:25.480,m,should I build a castle?,1,castle,,,,,1,i,,,,,,
7057414,01:57:37.414,m,mmhm,0,,,,,,0,,,,,,,
7060576,01:57:40.576,m,yep,0,,,,,,0,,,,,,,
7061324,01:57:41.324,m,here it is,0,,,,,,1,it,,,,,,
7062684,01:57:42.684,m,oh are you stuck?,0,,,,,,1,you,,,,,,
7065404,01:57:45.404,m,it's okay,0,,,,,,1,it,,,,,,
7069586,01:57:49.586,m,there's a castle,1,castle,,,,,0,,,,,,,
7072510,01:57:52.510,m,and should we put,0,,,,,,1,we,,,,,,
7073700,01:57:53.700,m,some,0,,,,,,0,,,,,,,
7074924,01:57:54.924,m,shrubs outside?,1,shrubs,,,,,0,,,,,,,
7076760,01:57:56.760,m,look,0,,,,,,0,,,,,,,
7077610,01:57:57.610,m,a little,0,,,,,,0,,,,,,,
7078290,01:57:58.290,m,shrub?,1,shrub,,,,,0,,,,,,,
7080126,01:58:00.126,m,and then,0,,,,,,0,,,,,,,
7083866,01:58:03.866,m,a bush,1,bush,,,,,0,,,,,,,
7084580,01:58:04.580,m,yeah,0,,,,,,0,,,,,,,
7084886,01:58:04.886,m,a bush,1,bush,,,,,0,,,,,,,
7085770,01:58:05.770,m,that's right,0,,,,,,1,that,,,,,,
7086382,01:58:06.382,m,have a bush,1,bush,,,,,0,,,,,,,
7087198,01:58:07.198,m,and a shrub are like the same thing,2,shrub,thing,,,,0,,,,,,,
7092604,01:58:12.604,m,is that another one?,1,one,,,,,1,that,,,,,,
7095052,01:58:15.52,m,mmhm,0,,,,,,0,,,,,,,
7096480,01:58:16.480,m,okay,0,,,,,,0,,,,,,,
7097534,01:58:17.534,m,go ahead,0,,,,,,0,,,,,,,
7113344,01:58:33.344,m,what is it?,0,,,,,,1,it,,,,,,
7115486,01:58:35.486,m,here,0,,,,,,0,,,,,,,
7115690,01:58:35.690,m,do you wanna make,0,,,,,,1,you,,,,,,
7117288,01:58:37.288,m,this can be a xxx,0,,,,,,1,this,,,,,,
7118988,01:58:38.988,m,right?,0,,,,,,0,,,,,,,
7119498,01:58:39.498,m,we can put that there,0,,,,,,2,we,that,,,,,
7121946,01:58:41.946,m,this can be another shrub,1,shrub,,,,,1,this,,,,,,
7123408,01:58:43.408,m,a bush,1,bush,,,,,0,,,,,,,
7124496,01:58:44.496,m,bush right?,1,bush,,,,,0,,,,,,,
7126468,01:58:46.468,m,here,0,,,,,,0,,,,,,,
7126808,01:58:46.808,m,look,0,,,,,,0,,,,,,,
7127046,01:58:47.46,m,we made a little house over here,1,house,,,,,1,we,,,,,,
7131058,01:58:51.58,m,that can be a tree right?,1,tree,,,,,1,that,,,,,,
7134118,01:58:54.118,m,pretend that's a tree,1,tree,,,,,1,that,,,,,,
7137416,01:58:57.416,m,mmhm,0,,,,,,0,,,,,,,
7139626,01:58:59.626,m,xxx square,1,square,,,,,0,,,,,,,
7141088,01:59:01.88,m,yeah,0,,,,,,0,,,,,,,
7141598,01:59:01.598,m,I I didn't see it,0,,,,,,1,i,it,,,,,
7142754,01:59:02.754,m,but maybe it's in there,0,,,,,,1,it,,,,,,
7146494,01:59:06.494,m,where is the square?,1,square,,,,,0,,,,,,,
7149554,01:59:09.554,m,did you find it?,0,,,,,,2,you,it,,,,,
7151254,01:59:11.254,m,I see it,0,,,,,,2,i,it,,,,,
7153532,01:59:13.532,m,oh I found it,0,,,,,,2,i,it,,,,,
7155436,01:59:15.436,m,I found the square,1,square,,,,,1,i,,,,,,
7158734,01:59:18.734,m,here you go,0,,,,,,1,you,,,,,,
7159890,01:59:19.890,m,did you want to do something with the square?,1,square,,,,,1,you,,,,,,
7164140,01:59:24.140,m,careful,0,,,,,,0,,,,,,,
7164548,01:59:24.548,m,careful,0,,,,,,0,,,,,,,
7164922,01:59:24.922,m,careful,0,,,,,,0,,,,,,,
7170396,01:59:30.396,m,uh,0,,,,,,0,,,,,,,
7170668,01:59:30.668,m,xxx little house,1,house,,,,,0,,,,,,,
7174918,01:59:34.918,m,I like it,0,,,,,,2,i,it,,,,,
7177672,01:59:37.672,m,whooh watch your step,1,step,,,,,1,your,,,,,,
7189130,01:59:49.130,m,that looks nice,0,,,,,,1,that,,,,,,
7190320,01:59:50.320,m,do you wanna put the bush next to the house?,2,bush,house,,,,1,you,,,,,,
7201948,02:00:01.948,m,I think,0,,,,,,1,i,,,,,,
